- Downloading configuration data of your Firebase WEB app
√ Downloading configuration data of your Firebase WEB app
[+] Admin Token fetched.
[+] Setting up Season and Players...
[+] Generating Auth Tokens for AI...
- Downloading configuration data of your Firebase WEB app
√ Downloading configuration data of your Firebase WEB app
- Downloading configuration data of your Firebase WEB app
√ Downloading configuration data of your Firebase WEB app
- Downloading configuration data of your Firebase WEB app
√ Downloading configuration data of your Firebase WEB app
- Downloading configuration data of your Firebase WEB app
√ Downloading configuration data of your Firebase WEB app
- Downloading configuration data of your Firebase WEB app
√ Downloading configuration data of your Firebase WEB app
- Downloading configuration data of your Firebase WEB app
√ Downloading configuration data of your Firebase WEB app
- Downloading configuration data of your Firebase WEB app
√ Downloading configuration data of your Firebase WEB app
- Downloading configuration data of your Firebase WEB app
√ Downloading configuration data of your Firebase WEB app
- Downloading configuration data of your Firebase WEB app
√ Downloading configuration data of your Firebase WEB app
- Downloading configuration data of your Firebase WEB app
√ Downloading configuration data of your Firebase WEB app
- Downloading configuration data of your Firebase WEB app
√ Downloading configuration data of your Firebase WEB app
- Downloading configuration data of your Firebase WEB app
√ Downloading configuration data of your Firebase WEB app
- Downloading configuration data of your Firebase WEB app
√ Downloading configuration data of your Firebase WEB app
- Downloading configuration data of your Firebase WEB app
√ Downloading configuration data of your Firebase WEB app
- Downloading configuration data of your Firebase WEB app
√ Downloading configuration data of your Firebase WEB app
- Downloading configuration data of your Firebase WEB app
√ Downloading configuration data of your Firebase WEB app
- Downloading configuration data of your Firebase WEB app
√ Downloading configuration data of your Firebase WEB app
- Downloading configuration data of your Firebase WEB app
√ Downloading configuration data of your Firebase WEB app
- Downloading configuration data of your Firebase WEB app
√ Downloading configuration data of your Firebase WEB app
- Downloading configuration data of your Firebase WEB app
√ Downloading configuration data of your Firebase WEB app
- Downloading configuration data of your Firebase WEB app
√ Downloading configuration data of your Firebase WEB app
- Downloading configuration data of your Firebase WEB app
√ Downloading configuration data of your Firebase WEB app
- Downloading configuration data of your Firebase WEB app
√ Downloading configuration data of your Firebase WEB app
- Downloading configuration data of your Firebase WEB app
√ Downloading configuration data of your Firebase WEB app
- Downloading configuration data of your Firebase WEB app
√ Downloading configuration data of your Firebase WEB app
- Downloading configuration data of your Firebase WEB app
√ Downloading configuration data of your Firebase WEB app
- Downloading configuration data of your Firebase WEB app
√ Downloading configuration data of your Firebase WEB app
- Downloading configuration data of your Firebase WEB app
√ Downloading configuration data of your Firebase WEB app
- Downloading configuration data of your Firebase WEB app
√ Downloading configuration data of your Firebase WEB app
- Downloading configuration data of your Firebase WEB app
√ Downloading configuration data of your Firebase WEB app
- Downloading configuration data of your Firebase WEB app
√ Downloading configuration data of your Firebase WEB app
- Downloading configuration data of your Firebase WEB app
√ Downloading configuration data of your Firebase WEB app
- Downloading configuration data of your Firebase WEB app
√ Downloading configuration data of your Firebase WEB app
- Downloading configuration data of your Firebase WEB app
√ Downloading configuration data of your Firebase WEB app
- Downloading configuration data of your Firebase WEB app
√ Downloading configuration data of your Firebase WEB app
- Downloading configuration data of your Firebase WEB app
√ Downloading configuration data of your Firebase WEB app
- Downloading configuration data of your Firebase WEB app
√ Downloading configuration data of your Firebase WEB app
- Downloading configuration data of your Firebase WEB app
√ Downloading configuration data of your Firebase WEB app
- Downloading configuration data of your Firebase WEB app
√ Downloading configuration data of your Firebase WEB app
- Downloading configuration data of your Firebase WEB app
√ Downloading configuration data of your Firebase WEB app
- Downloading configuration data of your Firebase WEB app
√ Downloading configuration data of your Firebase WEB app
- Downloading configuration data of your Firebase WEB app
√ Downloading configuration data of your Firebase WEB app
- Downloading configuration data of your Firebase WEB app
√ Downloading configuration data of your Firebase WEB app
- Downloading configuration data of your Firebase WEB app
√ Downloading configuration data of your Firebase WEB app
- Downloading configuration data of your Firebase WEB app
√ Downloading configuration data of your Firebase WEB app
- Downloading configuration data of your Firebase WEB app
√ Downloading configuration data of your Firebase WEB app
- Downloading configuration data of your Firebase WEB app
√ Downloading configuration data of your Firebase WEB app
- Downloading configuration data of your Firebase WEB app
√ Downloading configuration data of your Firebase WEB app
- Downloading configuration data of your Firebase WEB app
√ Downloading configuration data of your Firebase WEB app
- Downloading configuration data of your Firebase WEB app
√ Downloading configuration data of your Firebase WEB app
- Downloading configuration data of your Firebase WEB app
√ Downloading configuration data of your Firebase WEB app
- Downloading configuration data of your Firebase WEB app
√ Downloading configuration data of your Firebase WEB app
- Downloading configuration data of your Firebase WEB app
√ Downloading configuration data of your Firebase WEB app
- Downloading configuration data of your Firebase WEB app
√ Downloading configuration data of your Firebase WEB app
- Downloading configuration data of your Firebase WEB app
√ Downloading configuration data of your Firebase WEB app
- Downloading configuration data of your Firebase WEB app
√ Downloading configuration data of your Firebase WEB app
- Downloading configuration data of your Firebase WEB app
√ Downloading configuration data of your Firebase WEB app
- Downloading configuration data of your Firebase WEB app
√ Downloading configuration data of your Firebase WEB app
- Downloading configuration data of your Firebase WEB app
√ Downloading configuration data of your Firebase WEB app
- Downloading configuration data of your Firebase WEB app
√ Downloading configuration data of your Firebase WEB app
- Downloading configuration data of your Firebase WEB app
√ Downloading configuration data of your Firebase WEB app
- Downloading configuration data of your Firebase WEB app
√ Downloading configuration data of your Firebase WEB app
- Downloading configuration data of your Firebase WEB app
√ Downloading configuration data of your Firebase WEB app
- Downloading configuration data of your Firebase WEB app
√ Downloading configuration data of your Firebase WEB app
- Downloading configuration data of your Firebase WEB app
√ Downloading configuration data of your Firebase WEB app
- Downloading configuration data of your Firebase WEB app
√ Downloading configuration data of your Firebase WEB app
- Downloading configuration data of your Firebase WEB app
√ Downloading configuration data of your Firebase WEB app
- Downloading configuration data of your Firebase WEB app
√ Downloading configuration data of your Firebase WEB app
- Downloading configuration data of your Firebase WEB app
√ Downloading configuration data of your Firebase WEB app
- Downloading configuration data of your Firebase WEB app
√ Downloading configuration data of your Firebase WEB app
- Downloading configuration data of your Firebase WEB app
√ Downloading configuration data of your Firebase WEB app
- Downloading configuration data of your Firebase WEB app
√ Downloading configuration data of your Firebase WEB app
- Downloading configuration data of your Firebase WEB app
√ Downloading configuration data of your Firebase WEB app
- Downloading configuration data of your Firebase WEB app
√ Downloading configuration data of your Firebase WEB app
- Downloading configuration data of your Firebase WEB app
√ Downloading configuration data of your Firebase WEB app
- Downloading configuration data of your Firebase WEB app
√ Downloading configuration data of your Firebase WEB app
- Downloading configuration data of your Firebase WEB app
√ Downloading configuration data of your Firebase WEB app
- Downloading configuration data of your Firebase WEB app
√ Downloading configuration data of your Firebase WEB app
- Downloading configuration data of your Firebase WEB app
√ Downloading configuration data of your Firebase WEB app
- Downloading configuration data of your Firebase WEB app
√ Downloading configuration data of your Firebase WEB app
- Downloading configuration data of your Firebase WEB app
√ Downloading configuration data of your Firebase WEB app
- Downloading configuration data of your Firebase WEB app
√ Downloading configuration data of your Firebase WEB app
- Downloading configuration data of your Firebase WEB app
√ Downloading configuration data of your Firebase WEB app
- Downloading configuration data of your Firebase WEB app
√ Downloading configuration data of your Firebase WEB app
- Downloading configuration data of your Firebase WEB app
√ Downloading configuration data of your Firebase WEB app
- Downloading configuration data of your Firebase WEB app
√ Downloading configuration data of your Firebase WEB app
- Downloading configuration data of your Firebase WEB app
√ Downloading configuration data of your Firebase WEB app
- Downloading configuration data of your Firebase WEB app
√ Downloading configuration data of your Firebase WEB app
- Downloading configuration data of your Firebase WEB app
√ Downloading configuration data of your Firebase WEB app
- Downloading configuration data of your Firebase WEB app
√ Downloading configuration data of your Firebase WEB app
- Downloading configuration data of your Firebase WEB app
√ Downloading configuration data of your Firebase WEB app
- Downloading configuration data of your Firebase WEB app
√ Downloading configuration data of your Firebase WEB app
- Downloading configuration data of your Firebase WEB app
√ Downloading configuration data of your Firebase WEB app
- Downloading configuration data of your Firebase WEB app
√ Downloading configuration data of your Firebase WEB app
- Downloading configuration data of your Firebase WEB app
√ Downloading configuration data of your Firebase WEB app
- Downloading configuration data of your Firebase WEB app
√ Downloading configuration data of your Firebase WEB app
- Downloading configuration data of your Firebase WEB app
√ Downloading configuration data of your Firebase WEB app
- Downloading configuration data of your Firebase WEB app
√ Downloading configuration data of your Firebase WEB app
- Downloading configuration data of your Firebase WEB app
√ Downloading configuration data of your Firebase WEB app
- Downloading configuration data of your Firebase WEB app
√ Downloading configuration data of your Firebase WEB app
[+] Tokens generated.
[+] Setting up Primary Supply from Normal Properties...
[+] Starting 360 Periods...
[+] Executing P1...
[HTTP] Calling createEconomicBatch...
[HTTP] Calling dispatchBatchChunks...
[+] Executing P2...
[HTTP] Calling createEconomicBatch...
[HTTP] Calling dispatchBatchChunks...
[+] Executing P3...
[HTTP] Calling createEconomicBatch...
[HTTP] Calling dispatchBatchChunks...
[+] Executing P4...
[HTTP] Calling createEconomicBatch...
[HTTP] Calling dispatchBatchChunks...
[+] Executing P5...
[HTTP] Calling createEconomicBatch...
[HTTP] Calling dispatchBatchChunks...
[+] Executing P6...
[HTTP] Calling createEconomicBatch...
[HTTP] Calling dispatchBatchChunks...
[+] Executing P7...
[HTTP] Calling createEconomicBatch...
[HTTP] Calling dispatchBatchChunks...
[+] Executing P8...
[HTTP] Calling createEconomicBatch...
[HTTP] Calling dispatchBatchChunks...
[+] Executing P9...
[HTTP] Calling createEconomicBatch...
[HTTP] Calling dispatchBatchChunks...
[+] Executing P10...
[+] P10: Generating AI Actions...
[HTTP] Calling purchasePrimaryProperty...
[HTTP] Calling purchasePrimaryProperty...
[HTTP] Calling purchasePrimaryProperty...
[HTTP] Calling purchasePrimaryProperty...
[HTTP] Calling purchasePrimaryProperty...
[HTTP] Calling purchasePrimaryProperty...
[HTTP] Calling purchasePrimaryProperty...
[HTTP] Calling purchasePrimaryProperty...
[HTTP] Calling purchasePrimaryProperty...
[HTTP] Calling purchasePrimaryProperty...
[HTTP] Calling purchasePrimaryProperty...
[HTTP] Calling purchasePrimaryProperty...
[HTTP] Calling purchasePrimaryProperty...
[HTTP] Calling purchasePrimaryProperty...
[HTTP] Calling purchasePrimaryProperty...
[HTTP] Calling purchasePrimaryProperty...
[HTTP] Calling purchasePrimaryProperty...
[HTTP] Calling purchasePrimaryProperty...
[HTTP] Calling purchasePrimaryProperty...
[HTTP] Calling purchasePrimaryProperty...
[HTTP] Calling purchasePrimaryProperty...
[HTTP] Calling purchasePrimaryProperty...
[HTTP] Calling purchasePrimaryProperty...
[HTTP] Calling purchasePrimaryProperty...
[HTTP] Calling purchasePrimaryProperty...
[HTTP] Calling purchasePrimaryProperty...
[HTTP] Calling purchasePrimaryProperty...
[HTTP] Calling purchasePrimaryProperty...
[HTTP] Calling purchasePrimaryProperty...
[HTTP] Calling purchasePrimaryProperty...
[HTTP ERROR] purchasePrimaryProperty attempt 1 failed: Insufficient cash
[HTTP ERROR] purchasePrimaryProperty attempt 1 failed: Insufficient cash
[HTTP ERROR] purchasePrimaryProperty attempt 1 failed: Insufficient cash
[HTTP ERROR] purchasePrimaryProperty attempt 1 failed: Insufficient cash
[HTTP ERROR] purchasePrimaryProperty attempt 1 failed: Insufficient cash
[HTTP ERROR] purchasePrimaryProperty attempt 1 failed: Insufficient supply
[HTTP ERROR] purchasePrimaryProperty attempt 1 failed: Insufficient cash
[HTTP ERROR] purchasePrimaryProperty attempt 1 failed: Insufficient cash
[HTTP ERROR] purchasePrimaryProperty attempt 1 failed: Insufficient cash
[HTTP ERROR] purchasePrimaryProperty attempt 1 failed: Insufficient cash
[HTTP ERROR] purchasePrimaryProperty attempt 1 failed: Insufficient cash
[HTTP ERROR] purchasePrimaryProperty attempt 1 failed: Insufficient supply
[HTTP ERROR] purchasePrimaryProperty attempt 1 failed: Insufficient cash
[HTTP ERROR] purchasePrimaryProperty attempt 1 failed: Insufficient cash
[HTTP ERROR] purchasePrimaryProperty attempt 1 failed: Insufficient supply
[HTTP] Calling purchasePrimaryProperty...
[HTTP] Calling purchasePrimaryProperty...
[HTTP] Calling purchasePrimaryProperty...
[HTTP] Calling purchasePrimaryProperty...
[HTTP] Calling purchasePrimaryProperty...
[HTTP] Calling purchasePrimaryProperty...
[HTTP] Calling purchasePrimaryProperty...
[HTTP] Calling purchasePrimaryProperty...
[HTTP] Calling purchasePrimaryProperty...
[HTTP] Calling purchasePrimaryProperty...
[HTTP] Calling purchasePrimaryProperty...
[HTTP ERROR] purchasePrimaryProperty attempt 1 failed: Insufficient supply
[HTTP] Calling purchasePrimaryProperty...
[HTTP] Calling purchasePrimaryProperty...
[HTTP ERROR] purchasePrimaryProperty attempt 2 failed: Insufficient cash
[HTTP] Calling purchasePrimaryProperty...
[HTTP] Calling purchasePrimaryProperty...
[HTTP ERROR] purchasePrimaryProperty attempt 2 failed: Insufficient cash
[HTTP ERROR] purchasePrimaryProperty attempt 2 failed: Insufficient cash
[HTTP ERROR] purchasePrimaryProperty attempt 2 failed: Insufficient supply
[HTTP ERROR] purchasePrimaryProperty attempt 2 failed: Insufficient cash
[HTTP ERROR] purchasePrimaryProperty attempt 2 failed: Insufficient cash
[HTTP ERROR] purchasePrimaryProperty attempt 2 failed: Insufficient cash
[HTTP ERROR] purchasePrimaryProperty attempt 2 failed: Insufficient cash
[HTTP ERROR] purchasePrimaryProperty attempt 2 failed: Insufficient cash
[HTTP ERROR] purchasePrimaryProperty attempt 2 failed: Insufficient cash
[HTTP ERROR] purchasePrimaryProperty attempt 2 failed: Insufficient cash
[HTTP ERROR] purchasePrimaryProperty attempt 2 failed: Insufficient supply
[HTTP ERROR] purchasePrimaryProperty attempt 2 failed: Insufficient cash
[HTTP ERROR] purchasePrimaryProperty attempt 2 failed: Insufficient supply
[HTTP ERROR] purchasePrimaryProperty attempt 2 failed: Insufficient cash
[HTTP] Calling purchasePrimaryProperty...
[HTTP] Calling purchasePrimaryProperty...
[HTTP] Calling purchasePrimaryProperty...
[HTTP] Calling purchasePrimaryProperty...
[HTTP ERROR] purchasePrimaryProperty attempt 2 failed: Insufficient supply
[HTTP] Calling purchasePrimaryProperty...
[HTTP] Calling purchasePrimaryProperty...
[HTTP] Calling purchasePrimaryProperty...
[HTTP] Calling purchasePrimaryProperty...
[HTTP] Calling purchasePrimaryProperty...
[HTTP] Calling purchasePrimaryProperty...
[HTTP ERROR] purchasePrimaryProperty attempt 3 failed: Insufficient cash
Action Error: Insufficient cash
[HTTP] Calling purchasePrimaryProperty...
[HTTP] Calling purchasePrimaryProperty...
[HTTP ERROR] purchasePrimaryProperty attempt 3 failed: Insufficient cash
Action Error: Insufficient cash
[HTTP] Calling purchasePrimaryProperty...
[HTTP] Calling purchasePrimaryProperty...
[HTTP ERROR] purchasePrimaryProperty attempt 3 failed: Insufficient cash
Action Error: Insufficient cash
[HTTP] Calling purchasePrimaryProperty...
[HTTP] Calling purchasePrimaryProperty...
[HTTP ERROR] purchasePrimaryProperty attempt 3 failed: Insufficient supply
Action Error: Insufficient supply
[HTTP ERROR] purchasePrimaryProperty attempt 3 failed: Insufficient cash
Action Error: Insufficient cash
[HTTP ERROR] purchasePrimaryProperty attempt 3 failed: Insufficient cash
Action Error: Insufficient cash
[HTTP ERROR] purchasePrimaryProperty attempt 3 failed: Insufficient cash
Action Error: Insufficient cash
[HTTP ERROR] purchasePrimaryProperty attempt 3 failed: Insufficient cash
Action Error: Insufficient cash
[HTTP ERROR] purchasePrimaryProperty attempt 3 failed: Insufficient cash
Action Error: Insufficient cash
[HTTP ERROR] purchasePrimaryProperty attempt 3 failed: Insufficient cash
Action Error: Insufficient cash
[HTTP ERROR] purchasePrimaryProperty attempt 3 failed: Insufficient supply
Action Error: Insufficient supply
[HTTP ERROR] purchasePrimaryProperty attempt 3 failed: Insufficient cash
Action Error: Insufficient cash
[HTTP ERROR] purchasePrimaryProperty attempt 3 failed: Insufficient cash
Action Error: Insufficient cash
[HTTP ERROR] purchasePrimaryProperty attempt 3 failed: Insufficient cash
Action Error: Insufficient cash
[HTTP ERROR] purchasePrimaryProperty attempt 3 failed: Insufficient supply
Action Error: Insufficient supply
[HTTP] Calling purchasePrimaryProperty...
[HTTP ERROR] purchasePrimaryProperty attempt 3 failed: Insufficient supply
Action Error: Insufficient supply
[HTTP] Calling createEconomicBatch...
[HTTP] Calling dispatchBatchChunks...
[+] Executing P11...
[HTTP] Calling createEconomicBatch...
[HTTP] Calling dispatchBatchChunks...
[+] Executing P12...
[HTTP] Calling createEconomicBatch...
[HTTP] Calling dispatchBatchChunks...
[+] Executing P13...
[HTTP] Calling createEconomicBatch...
[HTTP] Calling dispatchBatchChunks...
[+] Executing P14...
[HTTP] Calling createEconomicBatch...
[HTTP] Calling dispatchBatchChunks...
[+] Executing P15...
[HTTP] Calling createEconomicBatch...
[HTTP] Calling dispatchBatchChunks...
[+] Executing P16...
[HTTP] Calling createEconomicBatch...
[HTTP] Calling dispatchBatchChunks...
[+] Executing P17...
[HTTP] Calling createEconomicBatch...
[HTTP] Calling dispatchBatchChunks...
[+] Executing P18...
[HTTP] Calling createEconomicBatch...
[HTTP] Calling dispatchBatchChunks...
[+] Executing P19...
[HTTP] Calling createEconomicBatch...
[HTTP] Calling dispatchBatchChunks...
[+] Executing P20...
[+] P20: Generating AI Actions...
[HTTP] Calling purchasePrimaryProperty...
[HTTP] Calling purchasePrimaryProperty...
[HTTP] Calling purchasePrimaryProperty...
[HTTP] Calling purchasePrimaryProperty...
[HTTP] Calling purchasePrimaryProperty...
[HTTP] Calling purchasePrimaryProperty...
[HTTP] Calling purchasePrimaryProperty...
[HTTP] Calling purchasePrimaryProperty...
[HTTP] Calling purchasePrimaryProperty...
[HTTP] Calling purchasePrimaryProperty...
[HTTP] Calling purchasePrimaryProperty...
[HTTP] Calling purchasePrimaryProperty...
[HTTP] Calling purchasePrimaryProperty...
[HTTP] Calling purchasePrimaryProperty...
[HTTP] Calling purchasePrimaryProperty...
[HTTP] Calling purchasePrimaryProperty...
[HTTP] Calling purchasePrimaryProperty...
[HTTP] Calling purchasePrimaryProperty...
[HTTP] Calling purchasePrimaryProperty...
[HTTP] Calling purchasePrimaryProperty...
[HTTP] Calling purchasePrimaryProperty...
[HTTP] Calling purchasePrimaryProperty...
[HTTP] Calling purchasePrimaryProperty...
[HTTP] Calling purchasePrimaryProperty...
[HTTP] Calling purchasePrimaryProperty...
[HTTP] Calling purchasePrimaryProperty...
[HTTP] Calling purchasePrimaryProperty...
[HTTP] Calling purchasePrimaryProperty...
[HTTP] Calling purchasePrimaryProperty...
[HTTP] Calling purchasePrimaryProperty...
[HTTP ERROR] purchasePrimaryProperty attempt 1 failed: Insufficient cash
[HTTP ERROR] purchasePrimaryProperty attempt 1 failed: Insufficient supply
[HTTP ERROR] purchasePrimaryProperty attempt 1 failed: Insufficient cash
[HTTP ERROR] purchasePrimaryProperty attempt 1 failed: Insufficient cash
[HTTP ERROR] purchasePrimaryProperty attempt 1 failed: Insufficient cash
[HTTP ERROR] purchasePrimaryProperty attempt 1 failed: Insufficient cash
[HTTP ERROR] purchasePrimaryProperty attempt 1 failed: Insufficient cash
[HTTP ERROR] purchasePrimaryProperty attempt 1 failed: Insufficient cash
[HTTP ERROR] purchasePrimaryProperty attempt 1 failed: Insufficient supply
[HTTP ERROR] purchasePrimaryProperty attempt 1 failed: Insufficient cash
[HTTP ERROR] purchasePrimaryProperty attempt 1 failed: Insufficient cash
[HTTP ERROR] purchasePrimaryProperty attempt 1 failed: Insufficient cash
[HTTP ERROR] purchasePrimaryProperty attempt 1 failed: Insufficient cash
[HTTP ERROR] purchasePrimaryProperty attempt 1 failed: Insufficient cash
[HTTP ERROR] purchasePrimaryProperty attempt 1 failed: Insufficient cash
[HTTP ERROR] purchasePrimaryProperty attempt 1 failed: Insufficient cash
[HTTP ERROR] purchasePrimaryProperty attempt 1 failed: Insufficient supply
[HTTP ERROR] purchasePrimaryProperty attempt 1 failed: Insufficient cash
[HTTP ERROR] purchasePrimaryProperty attempt 1 failed: Insufficient cash
[HTTP] Calling purchasePrimaryProperty...
[HTTP] Calling purchasePrimaryProperty...
[HTTP] Calling purchasePrimaryProperty...
[HTTP] Calling purchasePrimaryProperty...
[HTTP] Calling purchasePrimaryProperty...
[HTTP ERROR] purchasePrimaryProperty attempt 2 failed: Insufficient cash
[HTTP ERROR] purchasePrimaryProperty attempt 2 failed: Insufficient supply
[HTTP] Calling purchasePrimaryProperty...
[HTTP] Calling purchasePrimaryProperty...
[HTTP] Calling purchasePrimaryProperty...
[HTTP ERROR] purchasePrimaryProperty attempt 2 failed: Insufficient cash
[HTTP ERROR] purchasePrimaryProperty attempt 2 failed: Insufficient cash
[HTTP ERROR] purchasePrimaryProperty attempt 2 failed: Insufficient cash
[HTTP ERROR] purchasePrimaryProperty attempt 2 failed: Insufficient cash
[HTTP] Calling purchasePrimaryProperty...
[HTTP ERROR] purchasePrimaryProperty attempt 2 failed: Insufficient cash
[HTTP ERROR] purchasePrimaryProperty attempt 2 failed: Insufficient cash
[HTTP] Calling purchasePrimaryProperty...
[HTTP] Calling purchasePrimaryProperty...
[HTTP] Calling purchasePrimaryProperty...
[HTTP] Calling purchasePrimaryProperty...
[HTTP] Calling purchasePrimaryProperty...
[HTTP] Calling purchasePrimaryProperty...
[HTTP] Calling purchasePrimaryProperty...
[HTTP] Calling purchasePrimaryProperty...
[HTTP ERROR] purchasePrimaryProperty attempt 2 failed: Insufficient supply
[HTTP] Calling purchasePrimaryProperty...
[HTTP] Calling purchasePrimaryProperty...
[HTTP ERROR] purchasePrimaryProperty attempt 2 failed: Insufficient cash
[HTTP ERROR] purchasePrimaryProperty attempt 2 failed: Insufficient cash
[HTTP ERROR] purchasePrimaryProperty attempt 2 failed: Insufficient cash
[HTTP ERROR] purchasePrimaryProperty attempt 2 failed: Insufficient cash
[HTTP ERROR] purchasePrimaryProperty attempt 2 failed: Insufficient cash
[HTTP ERROR] purchasePrimaryProperty attempt 2 failed: Insufficient cash
[HTTP ERROR] purchasePrimaryProperty attempt 2 failed: Insufficient cash
[HTTP ERROR] purchasePrimaryProperty attempt 2 failed: Insufficient cash
[HTTP ERROR] purchasePrimaryProperty attempt 2 failed: Insufficient supply
[HTTP ERROR] purchasePrimaryProperty attempt 2 failed: Insufficient cash
[HTTP] Calling purchasePrimaryProperty...
[HTTP] Calling purchasePrimaryProperty...
[HTTP] Calling purchasePrimaryProperty...
[HTTP] Calling purchasePrimaryProperty...
[HTTP] Calling purchasePrimaryProperty...
[HTTP ERROR] purchasePrimaryProperty attempt 3 failed: Insufficient cash
Action Error: Insufficient cash
[HTTP ERROR] purchasePrimaryProperty attempt 3 failed: Insufficient supply
Action Error: Insufficient supply
[HTTP] Calling purchasePrimaryProperty...
[HTTP ERROR] purchasePrimaryProperty attempt 3 failed: Insufficient cash
Action Error: Insufficient cash
[HTTP] Calling purchasePrimaryProperty...
[HTTP] Calling purchasePrimaryProperty...
[HTTP ERROR] purchasePrimaryProperty attempt 3 failed: Insufficient cash
Action Error: Insufficient cash
[HTTP ERROR] purchasePrimaryProperty attempt 3 failed: Insufficient cash
Action Error: Insufficient cash
[HTTP ERROR] purchasePrimaryProperty attempt 3 failed: Insufficient cash
Action Error: Insufficient cash
[HTTP ERROR] purchasePrimaryProperty attempt 3 failed: Insufficient cash
Action Error: Insufficient cash
[HTTP] Calling purchasePrimaryProperty...
[HTTP ERROR] purchasePrimaryProperty attempt 3 failed: Insufficient cash
Action Error: Insufficient cash
[HTTP] Calling purchasePrimaryProperty...
[HTTP] Calling purchasePrimaryProperty...
[HTTP] Calling purchasePrimaryProperty...
[HTTP] Calling purchasePrimaryProperty...
[HTTP] Calling purchasePrimaryProperty...
[HTTP] Calling purchasePrimaryProperty...
[HTTP] Calling purchasePrimaryProperty...
[HTTP] Calling purchasePrimaryProperty...
[HTTP ERROR] purchasePrimaryProperty attempt 3 failed: Insufficient supply
Action Error: Insufficient supply
[HTTP ERROR] purchasePrimaryProperty attempt 3 failed: Insufficient cash
Action Error: Insufficient cash
[HTTP] Calling purchasePrimaryProperty...
[HTTP] Calling purchasePrimaryProperty...
[HTTP ERROR] purchasePrimaryProperty attempt 3 failed: Insufficient cash
Action Error: Insufficient cash
[HTTP ERROR] purchasePrimaryProperty attempt 3 failed: Insufficient cash
Action Error: Insufficient cash
[HTTP ERROR] purchasePrimaryProperty attempt 3 failed: Insufficient cash
Action Error: Insufficient cash
[HTTP ERROR] purchasePrimaryProperty attempt 3 failed: Insufficient cash
Action Error: Insufficient cash
[HTTP ERROR] purchasePrimaryProperty attempt 3 failed: Insufficient cash
Action Error: Insufficient cash
[HTTP ERROR] purchasePrimaryProperty attempt 3 failed: Insufficient cash
Action Error: Insufficient cash
[HTTP ERROR] purchasePrimaryProperty attempt 3 failed: Insufficient cash
Action Error: Insufficient cash
[HTTP ERROR] purchasePrimaryProperty attempt 3 failed: Insufficient supply
Action Error: Insufficient supply
[HTTP ERROR] purchasePrimaryProperty attempt 3 failed: Insufficient cash
Action Error: Insufficient cash
[HTTP] Calling createEconomicBatch...
[HTTP] Calling dispatchBatchChunks...
[+] Executing P21...
[HTTP] Calling createEconomicBatch...
[HTTP] Calling dispatchBatchChunks...
[+] Executing P22...
[HTTP] Calling createEconomicBatch...
[HTTP] Calling dispatchBatchChunks...
[+] Executing P23...
[HTTP] Calling createEconomicBatch...
[HTTP] Calling dispatchBatchChunks...
[+] Executing P24...
[HTTP] Calling createEconomicBatch...
[HTTP] Calling dispatchBatchChunks...
[+] Executing P25...
[HTTP] Calling createEconomicBatch...
[HTTP] Calling dispatchBatchChunks...
[+] Executing P26...
[HTTP] Calling createEconomicBatch...
[HTTP] Calling dispatchBatchChunks...
[+] Executing P27...
[HTTP] Calling createEconomicBatch...
[HTTP] Calling dispatchBatchChunks...
[+] Executing P28...
[HTTP] Calling createEconomicBatch...
[HTTP] Calling dispatchBatchChunks...
[+] Executing P29...
[HTTP] Calling createEconomicBatch...
[HTTP] Calling dispatchBatchChunks...
[+] Executing P30...
[+] P30: Generating AI Actions...
[HTTP] Calling purchasePrimaryProperty...
[HTTP] Calling purchasePrimaryProperty...
[HTTP] Calling purchasePrimaryProperty...
[HTTP] Calling purchasePrimaryProperty...
[HTTP] Calling purchasePrimaryProperty...
[HTTP] Calling purchasePrimaryProperty...
[HTTP] Calling purchasePrimaryProperty...
[HTTP] Calling purchasePrimaryProperty...
[HTTP] Calling purchasePrimaryProperty...
[HTTP] Calling purchasePrimaryProperty...
[HTTP] Calling purchasePrimaryProperty...
[HTTP] Calling purchasePrimaryProperty...
[HTTP] Calling purchasePrimaryProperty...
[HTTP] Calling purchasePrimaryProperty...
[HTTP] Calling purchasePrimaryProperty...
[HTTP] Calling purchasePrimaryProperty...
[HTTP] Calling purchasePrimaryProperty...
[HTTP] Calling purchasePrimaryProperty...
[HTTP] Calling purchasePrimaryProperty...
[HTTP] Calling purchasePrimaryProperty...
[HTTP] Calling purchasePrimaryProperty...
[HTTP] Calling purchasePrimaryProperty...
[HTTP] Calling purchasePrimaryProperty...
[HTTP] Calling purchasePrimaryProperty...
[HTTP] Calling purchasePrimaryProperty...
[HTTP] Calling purchasePrimaryProperty...
[HTTP] Calling purchasePrimaryProperty...
[HTTP] Calling purchasePrimaryProperty...
[HTTP] Calling purchasePrimaryProperty...
[HTTP] Calling purchasePrimaryProperty...
[HTTP ERROR] purchasePrimaryProperty attempt 1 failed: Insufficient cash
[HTTP ERROR] purchasePrimaryProperty attempt 1 failed: Insufficient cash
[HTTP ERROR] purchasePrimaryProperty attempt 1 failed: Insufficient cash
[HTTP ERROR] purchasePrimaryProperty attempt 1 failed: Insufficient cash
[HTTP ERROR] purchasePrimaryProperty attempt 1 failed: Insufficient cash
[HTTP ERROR] purchasePrimaryProperty attempt 1 failed: Insufficient cash
[HTTP ERROR] purchasePrimaryProperty attempt 1 failed: Insufficient supply
[HTTP ERROR] purchasePrimaryProperty attempt 1 failed: Insufficient supply
[HTTP ERROR] purchasePrimaryProperty attempt 1 failed: Insufficient cash
[HTTP ERROR] purchasePrimaryProperty attempt 1 failed: Insufficient cash
[HTTP ERROR] purchasePrimaryProperty attempt 1 failed: Insufficient cash
[HTTP ERROR] purchasePrimaryProperty attempt 1 failed: Insufficient cash
[HTTP ERROR] purchasePrimaryProperty attempt 1 failed: Insufficient cash
[HTTP ERROR] purchasePrimaryProperty attempt 1 failed: Insufficient supply
[HTTP ERROR] purchasePrimaryProperty attempt 1 failed: Insufficient cash
[HTTP ERROR] purchasePrimaryProperty attempt 1 failed: Insufficient cash
[HTTP ERROR] purchasePrimaryProperty attempt 1 failed: Insufficient supply
[HTTP ERROR] purchasePrimaryProperty attempt 1 failed: Insufficient supply
[HTTP ERROR] purchasePrimaryProperty attempt 1 failed: Insufficient supply
[HTTP] Calling purchasePrimaryProperty...
[HTTP] Calling purchasePrimaryProperty...
[HTTP] Calling purchasePrimaryProperty...
[HTTP] Calling purchasePrimaryProperty...
[HTTP] Calling purchasePrimaryProperty...
[HTTP] Calling purchasePrimaryProperty...
[HTTP] Calling purchasePrimaryProperty...
[HTTP ERROR] purchasePrimaryProperty attempt 2 failed: Insufficient cash
[HTTP ERROR] purchasePrimaryProperty attempt 2 failed: Insufficient cash
[HTTP ERROR] purchasePrimaryProperty attempt 2 failed: Insufficient cash
[HTTP ERROR] purchasePrimaryProperty attempt 2 failed: Insufficient cash
[HTTP ERROR] purchasePrimaryProperty attempt 2 failed: Insufficient cash
[HTTP ERROR] purchasePrimaryProperty attempt 2 failed: Insufficient cash
[HTTP ERROR] purchasePrimaryProperty attempt 2 failed: Insufficient supply
[HTTP] Calling purchasePrimaryProperty...
[HTTP] Calling purchasePrimaryProperty...
[HTTP] Calling purchasePrimaryProperty...
[HTTP] Calling purchasePrimaryProperty...
[HTTP] Calling purchasePrimaryProperty...
[HTTP] Calling purchasePrimaryProperty...
[HTTP] Calling purchasePrimaryProperty...
[HTTP ERROR] purchasePrimaryProperty attempt 2 failed: Insufficient supply
[HTTP] Calling purchasePrimaryProperty...
[HTTP] Calling purchasePrimaryProperty...
[HTTP] Calling purchasePrimaryProperty...
[HTTP] Calling purchasePrimaryProperty...
[HTTP ERROR] purchasePrimaryProperty attempt 2 failed: Insufficient cash
[HTTP ERROR] purchasePrimaryProperty attempt 2 failed: Insufficient cash
[HTTP ERROR] purchasePrimaryProperty attempt 2 failed: Insufficient cash
[HTTP ERROR] purchasePrimaryProperty attempt 2 failed: Insufficient cash
[HTTP ERROR] purchasePrimaryProperty attempt 2 failed: Insufficient supply
[HTTP ERROR] purchasePrimaryProperty attempt 2 failed: Insufficient cash
[HTTP ERROR] purchasePrimaryProperty attempt 2 failed: Insufficient cash
[HTTP ERROR] purchasePrimaryProperty attempt 2 failed: Insufficient supply
[HTTP ERROR] purchasePrimaryProperty attempt 2 failed: Insufficient supply
[HTTP ERROR] purchasePrimaryProperty attempt 2 failed: Insufficient cash
[HTTP] Calling purchasePrimaryProperty...
[HTTP ERROR] purchasePrimaryProperty attempt 2 failed: Insufficient supply
[HTTP] Calling purchasePrimaryProperty...
[HTTP] Calling purchasePrimaryProperty...
[HTTP] Calling purchasePrimaryProperty...
[HTTP] Calling purchasePrimaryProperty...
[HTTP] Calling purchasePrimaryProperty...
[HTTP] Calling purchasePrimaryProperty...
[HTTP] Calling purchasePrimaryProperty...
[HTTP ERROR] purchasePrimaryProperty attempt 3 failed: Insufficient cash
Action Error: Insufficient cash
[HTTP ERROR] purchasePrimaryProperty attempt 3 failed: Insufficient cash
Action Error: Insufficient cash
[HTTP ERROR] purchasePrimaryProperty attempt 3 failed: Insufficient cash
Action Error: Insufficient cash
[HTTP ERROR] purchasePrimaryProperty attempt 3 failed: Insufficient cash
Action Error: Insufficient cash
[HTTP ERROR] purchasePrimaryProperty attempt 3 failed: Insufficient cash
Action Error: Insufficient cash
[HTTP ERROR] purchasePrimaryProperty attempt 3 failed: Insufficient cash
Action Error: Insufficient cash
[HTTP ERROR] purchasePrimaryProperty attempt 3 failed: Insufficient supply
Action Error: Insufficient supply
[HTTP] Calling purchasePrimaryProperty...
[HTTP] Calling purchasePrimaryProperty...
[HTTP] Calling purchasePrimaryProperty...
[HTTP] Calling purchasePrimaryProperty...
[HTTP] Calling purchasePrimaryProperty...
[HTTP ERROR] purchasePrimaryProperty attempt 3 failed: Insufficient supply
Action Error: Insufficient supply
[HTTP] Calling purchasePrimaryProperty...
[HTTP] Calling purchasePrimaryProperty...
[HTTP] Calling purchasePrimaryProperty...
[HTTP] Calling purchasePrimaryProperty...
[HTTP] Calling purchasePrimaryProperty...
[HTTP ERROR] purchasePrimaryProperty attempt 3 failed: Insufficient cash
Action Error: Insufficient cash
[HTTP] Calling purchasePrimaryProperty...
[HTTP ERROR] purchasePrimaryProperty attempt 3 failed: Insufficient cash
Action Error: Insufficient cash
[HTTP ERROR] purchasePrimaryProperty attempt 3 failed: Insufficient cash
Action Error: Insufficient cash
[HTTP ERROR] purchasePrimaryProperty attempt 3 failed: Insufficient cash
Action Error: Insufficient cash
[HTTP ERROR] purchasePrimaryProperty attempt 3 failed: Insufficient supply
Action Error: Insufficient supply
[HTTP ERROR] purchasePrimaryProperty attempt 3 failed: Insufficient cash
Action Error: Insufficient cash
[HTTP ERROR] purchasePrimaryProperty attempt 3 failed: Insufficient cash
Action Error: Insufficient cash
[HTTP ERROR] purchasePrimaryProperty attempt 3 failed: Insufficient cash
Action Error: Insufficient cash
[HTTP ERROR] purchasePrimaryProperty attempt 3 failed: Insufficient supply
Action Error: Insufficient supply
[HTTP ERROR] purchasePrimaryProperty attempt 3 failed: Insufficient supply
Action Error: Insufficient supply
[HTTP] Calling purchasePrimaryProperty...
[HTTP ERROR] purchasePrimaryProperty attempt 3 failed: Insufficient supply
Action Error: Insufficient supply
[HTTP] Calling createEconomicBatch...
[HTTP] Calling dispatchBatchChunks...
[+] Passed Period 30/360
[+] Executing P31...
[HTTP] Calling createEconomicBatch...
[HTTP] Calling dispatchBatchChunks...
[+] Executing P32...
[HTTP] Calling createEconomicBatch...
[HTTP] Calling dispatchBatchChunks...
[+] Executing P33...
[HTTP] Calling createEconomicBatch...
[HTTP] Calling dispatchBatchChunks...
[+] Executing P34...
[HTTP] Calling createEconomicBatch...
[HTTP] Calling dispatchBatchChunks...
[+] Executing P35...
[HTTP] Calling createEconomicBatch...
[HTTP] Calling dispatchBatchChunks...
[+] Executing P36...
[HTTP] Calling createEconomicBatch...
[HTTP] Calling dispatchBatchChunks...
[+] Executing P37...
[HTTP] Calling createEconomicBatch...
[HTTP] Calling dispatchBatchChunks...
[+] Executing P38...
[HTTP] Calling createEconomicBatch...
[HTTP] Calling dispatchBatchChunks...
[+] Executing P39...
[HTTP] Calling createEconomicBatch...
[HTTP] Calling dispatchBatchChunks...
[+] Executing P40...
[+] P40: Generating AI Actions...
[HTTP] Calling purchasePrimaryProperty...
[HTTP] Calling purchasePrimaryProperty...
[HTTP] Calling purchasePrimaryProperty...
[HTTP] Calling purchasePrimaryProperty...
[HTTP] Calling purchasePrimaryProperty...
[HTTP] Calling purchasePrimaryProperty...
[HTTP] Calling purchasePrimaryProperty...
[HTTP] Calling purchasePrimaryProperty...
[HTTP] Calling purchasePrimaryProperty...
[HTTP] Calling purchasePrimaryProperty...
[HTTP] Calling purchasePrimaryProperty...
[HTTP] Calling purchasePrimaryProperty...
[HTTP] Calling purchasePrimaryProperty...
[HTTP] Calling purchasePrimaryProperty...
[HTTP] Calling purchasePrimaryProperty...
[HTTP] Calling purchasePrimaryProperty...
[HTTP] Calling purchasePrimaryProperty...
[HTTP] Calling purchasePrimaryProperty...
[HTTP] Calling purchasePrimaryProperty...
[HTTP] Calling purchasePrimaryProperty...
[HTTP] Calling purchasePrimaryProperty...
[HTTP] Calling purchasePrimaryProperty...
[HTTP] Calling purchasePrimaryProperty...
[HTTP] Calling purchasePrimaryProperty...
[HTTP] Calling purchasePrimaryProperty...
[HTTP] Calling purchasePrimaryProperty...
[HTTP] Calling purchasePrimaryProperty...
[HTTP] Calling purchasePrimaryProperty...
[HTTP] Calling purchasePrimaryProperty...
[HTTP] Calling purchasePrimaryProperty...
[HTTP ERROR] purchasePrimaryProperty attempt 1 failed: Insufficient supply
[HTTP ERROR] purchasePrimaryProperty attempt 1 failed: Insufficient cash
[HTTP ERROR] purchasePrimaryProperty attempt 1 failed: Insufficient cash
[HTTP ERROR] purchasePrimaryProperty attempt 1 failed: Insufficient cash
[HTTP ERROR] purchasePrimaryProperty attempt 1 failed: Insufficient cash
[HTTP ERROR] purchasePrimaryProperty attempt 1 failed: Insufficient cash
[HTTP ERROR] purchasePrimaryProperty attempt 1 failed: Insufficient cash
[HTTP ERROR] purchasePrimaryProperty attempt 1 failed: Insufficient cash
[HTTP ERROR] purchasePrimaryProperty attempt 1 failed: Insufficient cash
[HTTP ERROR] purchasePrimaryProperty attempt 1 failed: Insufficient cash
[HTTP ERROR] purchasePrimaryProperty attempt 1 failed: Insufficient cash
[HTTP ERROR] purchasePrimaryProperty attempt 1 failed: Insufficient cash
[HTTP ERROR] purchasePrimaryProperty attempt 1 failed: Insufficient supply
[HTTP ERROR] purchasePrimaryProperty attempt 1 failed: Insufficient cash
[HTTP ERROR] purchasePrimaryProperty attempt 1 failed: Insufficient supply
[HTTP ERROR] purchasePrimaryProperty attempt 1 failed: Insufficient cash
[HTTP ERROR] purchasePrimaryProperty attempt 1 failed: Insufficient cash
[HTTP ERROR] purchasePrimaryProperty attempt 1 failed: Insufficient cash
[HTTP ERROR] purchasePrimaryProperty attempt 1 failed: Insufficient supply
[HTTP ERROR] purchasePrimaryProperty attempt 1 failed: Insufficient cash
[HTTP] Calling purchasePrimaryProperty...
[HTTP] Calling purchasePrimaryProperty...
[HTTP] Calling purchasePrimaryProperty...
[HTTP] Calling purchasePrimaryProperty...
[HTTP] Calling purchasePrimaryProperty...
[HTTP] Calling purchasePrimaryProperty...
[HTTP] Calling purchasePrimaryProperty...
[HTTP] Calling purchasePrimaryProperty...
[HTTP] Calling purchasePrimaryProperty...
[HTTP] Calling purchasePrimaryProperty...
[HTTP ERROR] purchasePrimaryProperty attempt 2 failed: Insufficient cash
[HTTP ERROR] purchasePrimaryProperty attempt 2 failed: Insufficient cash
[HTTP ERROR] purchasePrimaryProperty attempt 2 failed: Insufficient supply
[HTTP ERROR] purchasePrimaryProperty attempt 2 failed: Insufficient cash
[HTTP] Calling purchasePrimaryProperty...
[HTTP ERROR] purchasePrimaryProperty attempt 2 failed: Insufficient cash
[HTTP ERROR] purchasePrimaryProperty attempt 2 failed: Insufficient cash
[HTTP ERROR] purchasePrimaryProperty attempt 2 failed: Insufficient cash
[HTTP ERROR] purchasePrimaryProperty attempt 2 failed: Insufficient cash
[HTTP] Calling purchasePrimaryProperty...
[HTTP ERROR] purchasePrimaryProperty attempt 2 failed: Insufficient cash
[HTTP ERROR] purchasePrimaryProperty attempt 2 failed: Insufficient cash
[HTTP ERROR] purchasePrimaryProperty attempt 2 failed: Insufficient cash
[HTTP] Calling purchasePrimaryProperty...
[HTTP] Calling purchasePrimaryProperty...
[HTTP ERROR] purchasePrimaryProperty attempt 2 failed: Insufficient cash
[HTTP] Calling purchasePrimaryProperty...
[HTTP] Calling purchasePrimaryProperty...
[HTTP] Calling purchasePrimaryProperty...
[HTTP] Calling purchasePrimaryProperty...
[HTTP ERROR] purchasePrimaryProperty attempt 2 failed: Insufficient cash
[HTTP] Calling purchasePrimaryProperty...
[HTTP] Calling purchasePrimaryProperty...
[HTTP ERROR] purchasePrimaryProperty attempt 2 failed: Insufficient supply
[HTTP ERROR] purchasePrimaryProperty attempt 2 failed: Insufficient supply
[HTTP ERROR] purchasePrimaryProperty attempt 2 failed: Insufficient cash
[HTTP ERROR] purchasePrimaryProperty attempt 2 failed: Insufficient cash
[HTTP ERROR] purchasePrimaryProperty attempt 2 failed: Insufficient cash
[HTTP ERROR] purchasePrimaryProperty attempt 2 failed: Insufficient cash
[HTTP ERROR] purchasePrimaryProperty attempt 2 failed: Insufficient supply
[HTTP ERROR] purchasePrimaryProperty attempt 1 failed: Insufficient cash
[HTTP] Calling purchasePrimaryProperty...
[HTTP] Calling purchasePrimaryProperty...
[HTTP] Calling purchasePrimaryProperty...
[HTTP] Calling purchasePrimaryProperty...
[HTTP] Calling purchasePrimaryProperty...
[HTTP] Calling purchasePrimaryProperty...
[HTTP] Calling purchasePrimaryProperty...
[HTTP] Calling purchasePrimaryProperty...
[HTTP] Calling purchasePrimaryProperty...
[HTTP ERROR] purchasePrimaryProperty attempt 3 failed: Insufficient cash
Action Error: Insufficient cash
[HTTP] Calling purchasePrimaryProperty...
[HTTP ERROR] purchasePrimaryProperty attempt 3 failed: Insufficient cash
Action Error: Insufficient cash
[HTTP ERROR] purchasePrimaryProperty attempt 3 failed: Insufficient supply
Action Error: Insufficient supply
[HTTP] Calling purchasePrimaryProperty...
[HTTP ERROR] purchasePrimaryProperty attempt 3 failed: Insufficient cash
Action Error: Insufficient cash
[HTTP ERROR] purchasePrimaryProperty attempt 3 failed: Insufficient cash
Action Error: Insufficient cash
[HTTP] Calling purchasePrimaryProperty...
[HTTP ERROR] purchasePrimaryProperty attempt 3 failed: Insufficient cash
Action Error: Insufficient cash
[HTTP ERROR] purchasePrimaryProperty attempt 3 failed: Insufficient cash
Action Error: Insufficient cash
[HTTP] Calling purchasePrimaryProperty...
[HTTP] Calling purchasePrimaryProperty...
[HTTP ERROR] purchasePrimaryProperty attempt 3 failed: Insufficient cash
Action Error: Insufficient cash
[HTTP ERROR] purchasePrimaryProperty attempt 3 failed: Insufficient cash
Action Error: Insufficient cash
[HTTP ERROR] purchasePrimaryProperty attempt 3 failed: Insufficient cash
Action Error: Insufficient cash
[HTTP] Calling purchasePrimaryProperty...
[HTTP] Calling purchasePrimaryProperty...
[HTTP ERROR] purchasePrimaryProperty attempt 3 failed: Insufficient cash
Action Error: Insufficient cash
[HTTP] Calling purchasePrimaryProperty...
[HTTP] Calling purchasePrimaryProperty...
[HTTP ERROR] purchasePrimaryProperty attempt 3 failed: Insufficient cash
Action Error: Insufficient cash
[HTTP ERROR] purchasePrimaryProperty attempt 3 failed: Insufficient cash
Action Error: Insufficient cash
[HTTP ERROR] purchasePrimaryProperty attempt 3 failed: Insufficient supply
Action Error: Insufficient supply
[HTTP] Calling purchasePrimaryProperty...
[HTTP] Calling purchasePrimaryProperty...
[HTTP] Calling purchasePrimaryProperty...
[HTTP ERROR] purchasePrimaryProperty attempt 3 failed: Insufficient supply
Action Error: Insufficient supply
[HTTP ERROR] purchasePrimaryProperty attempt 3 failed: Insufficient cash
Action Error: Insufficient cash
[HTTP ERROR] purchasePrimaryProperty attempt 3 failed: Insufficient cash
Action Error: Insufficient cash
[HTTP ERROR] purchasePrimaryProperty attempt 3 failed: Insufficient cash
Action Error: Insufficient cash
[HTTP ERROR] purchasePrimaryProperty attempt 3 failed: Insufficient supply
Action Error: Insufficient supply
[HTTP ERROR] purchasePrimaryProperty attempt 3 failed: Insufficient cash
Action Error: Insufficient cash
[HTTP ERROR] purchasePrimaryProperty attempt 2 failed: Insufficient cash
[HTTP] Calling purchasePrimaryProperty...
[HTTP ERROR] purchasePrimaryProperty attempt 3 failed: Insufficient cash
Action Error: Insufficient cash
[HTTP] Calling createEconomicBatch...
[HTTP] Calling dispatchBatchChunks...
[+] Executing P41...
[HTTP] Calling createEconomicBatch...
[HTTP] Calling dispatchBatchChunks...
[+] Executing P42...
[HTTP] Calling createEconomicBatch...
[HTTP] Calling dispatchBatchChunks...
[+] Executing P43...
[HTTP] Calling createEconomicBatch...
[HTTP] Calling dispatchBatchChunks...
[+] Executing P44...
[HTTP] Calling createEconomicBatch...
[HTTP] Calling dispatchBatchChunks...
[+] Executing P45...
[HTTP] Calling createEconomicBatch...
[HTTP] Calling dispatchBatchChunks...
[+] Executing P46...
[HTTP] Calling createEconomicBatch...
[HTTP] Calling dispatchBatchChunks...
[+] Executing P47...
[HTTP] Calling createEconomicBatch...
[HTTP] Calling dispatchBatchChunks...
[+] Executing P48...
[HTTP] Calling createEconomicBatch...
[HTTP] Calling dispatchBatchChunks...
[+] Executing P49...
[HTTP] Calling createEconomicBatch...
[HTTP] Calling dispatchBatchChunks...
[+] Executing P50...
[+] P50: Generating AI Actions...
[HTTP] Calling purchasePrimaryProperty...
[HTTP] Calling purchasePrimaryProperty...
[HTTP] Calling purchasePrimaryProperty...
[HTTP] Calling purchasePrimaryProperty...
[HTTP] Calling purchasePrimaryProperty...
[HTTP] Calling purchasePrimaryProperty...
[HTTP] Calling purchasePrimaryProperty...
[HTTP] Calling purchasePrimaryProperty...
[HTTP] Calling purchasePrimaryProperty...
[HTTP] Calling purchasePrimaryProperty...
[HTTP] Calling purchasePrimaryProperty...
[HTTP] Calling purchasePrimaryProperty...
[HTTP] Calling purchasePrimaryProperty...
[HTTP] Calling purchasePrimaryProperty...
[HTTP] Calling purchasePrimaryProperty...
[HTTP] Calling purchasePrimaryProperty...
[HTTP] Calling purchasePrimaryProperty...
[HTTP] Calling purchasePrimaryProperty...
[HTTP] Calling purchasePrimaryProperty...
[HTTP] Calling purchasePrimaryProperty...
[HTTP] Calling purchasePrimaryProperty...
[HTTP] Calling purchasePrimaryProperty...
[HTTP] Calling purchasePrimaryProperty...
[HTTP] Calling purchasePrimaryProperty...
[HTTP] Calling purchasePrimaryProperty...
[HTTP] Calling purchasePrimaryProperty...
[HTTP] Calling purchasePrimaryProperty...
[HTTP] Calling purchasePrimaryProperty...
[HTTP] Calling purchasePrimaryProperty...
[HTTP] Calling purchasePrimaryProperty...
[HTTP ERROR] purchasePrimaryProperty attempt 1 failed: Insufficient cash
[HTTP ERROR] purchasePrimaryProperty attempt 1 failed: Insufficient cash
[HTTP ERROR] purchasePrimaryProperty attempt 1 failed: Insufficient cash
[HTTP ERROR] purchasePrimaryProperty attempt 1 failed: Insufficient cash
[HTTP ERROR] purchasePrimaryProperty attempt 1 failed: Insufficient cash
[HTTP ERROR] purchasePrimaryProperty attempt 1 failed: Insufficient supply
[HTTP ERROR] purchasePrimaryProperty attempt 1 failed: Insufficient cash
[HTTP ERROR] purchasePrimaryProperty attempt 1 failed: Insufficient supply
[HTTP ERROR] purchasePrimaryProperty attempt 1 failed: Insufficient supply
[HTTP ERROR] purchasePrimaryProperty attempt 1 failed: Insufficient supply
[HTTP ERROR] purchasePrimaryProperty attempt 1 failed: Insufficient cash
[HTTP ERROR] purchasePrimaryProperty attempt 1 failed: Insufficient supply
[HTTP ERROR] purchasePrimaryProperty attempt 1 failed: Insufficient supply
[HTTP ERROR] purchasePrimaryProperty attempt 1 failed: Insufficient cash
[HTTP ERROR] purchasePrimaryProperty attempt 1 failed: Insufficient cash
[HTTP ERROR] purchasePrimaryProperty attempt 1 failed: Insufficient cash
[HTTP ERROR] purchasePrimaryProperty attempt 1 failed: Insufficient supply
[HTTP ERROR] purchasePrimaryProperty attempt 1 failed: Insufficient cash
[HTTP ERROR] purchasePrimaryProperty attempt 1 failed: Insufficient cash
[HTTP ERROR] purchasePrimaryProperty attempt 1 failed: Insufficient cash
[HTTP ERROR] purchasePrimaryProperty attempt 1 failed: Insufficient cash
[HTTP ERROR] purchasePrimaryProperty attempt 1 failed: Insufficient cash
[HTTP ERROR] purchasePrimaryProperty attempt 1 failed: Insufficient cash
[HTTP] Calling purchasePrimaryProperty...
[HTTP] Calling purchasePrimaryProperty...
[HTTP] Calling purchasePrimaryProperty...
[HTTP] Calling purchasePrimaryProperty...
[HTTP] Calling purchasePrimaryProperty...
[HTTP] Calling purchasePrimaryProperty...
[HTTP] Calling purchasePrimaryProperty...
[HTTP] Calling purchasePrimaryProperty...
[HTTP ERROR] purchasePrimaryProperty attempt 2 failed: Insufficient cash
[HTTP] Calling purchasePrimaryProperty...
[HTTP] Calling purchasePrimaryProperty...
[HTTP ERROR] purchasePrimaryProperty attempt 2 failed: Insufficient cash
[HTTP] Calling purchasePrimaryProperty...
[HTTP ERROR] purchasePrimaryProperty attempt 2 failed: Insufficient cash
[HTTP] Calling purchasePrimaryProperty...
[HTTP ERROR] purchasePrimaryProperty attempt 2 failed: Insufficient supply
[HTTP ERROR] purchasePrimaryProperty attempt 2 failed: Insufficient cash
[HTTP] Calling purchasePrimaryProperty...
[HTTP ERROR] purchasePrimaryProperty attempt 2 failed: Insufficient cash
[HTTP ERROR] purchasePrimaryProperty attempt 2 failed: Insufficient cash
[HTTP ERROR] purchasePrimaryProperty attempt 2 failed: Insufficient supply
[HTTP ERROR] purchasePrimaryProperty attempt 2 failed: Insufficient supply
[HTTP ERROR] purchasePrimaryProperty attempt 1 failed: Insufficient cash
[HTTP ERROR] purchasePrimaryProperty attempt 2 failed: Insufficient supply
[HTTP ERROR] purchasePrimaryProperty attempt 2 failed: Insufficient cash
[HTTP] Calling purchasePrimaryProperty...
[HTTP] Calling purchasePrimaryProperty...
[HTTP ERROR] purchasePrimaryProperty attempt 2 failed: Insufficient supply
[HTTP] Calling purchasePrimaryProperty...
[HTTP ERROR] purchasePrimaryProperty attempt 2 failed: Insufficient supply
[HTTP] Calling purchasePrimaryProperty...
[HTTP] Calling purchasePrimaryProperty...
[HTTP] Calling purchasePrimaryProperty...
[HTTP] Calling purchasePrimaryProperty...
[HTTP] Calling purchasePrimaryProperty...
[HTTP] Calling purchasePrimaryProperty...
[HTTP] Calling purchasePrimaryProperty...
[HTTP ERROR] purchasePrimaryProperty attempt 2 failed: Insufficient cash
[HTTP ERROR] purchasePrimaryProperty attempt 2 failed: Insufficient cash
[HTTP ERROR] purchasePrimaryProperty attempt 2 failed: Insufficient cash
[HTTP ERROR] purchasePrimaryProperty attempt 2 failed: Insufficient cash
[HTTP ERROR] purchasePrimaryProperty attempt 2 failed: Insufficient supply
[HTTP ERROR] purchasePrimaryProperty attempt 2 failed: Insufficient cash
[HTTP ERROR] purchasePrimaryProperty attempt 2 failed: Insufficient cash
[HTTP ERROR] purchasePrimaryProperty attempt 2 failed: Insufficient cash
[HTTP ERROR] purchasePrimaryProperty attempt 2 failed: Insufficient cash
[HTTP ERROR] purchasePrimaryProperty attempt 2 failed: Insufficient cash
[HTTP] Calling purchasePrimaryProperty...
[HTTP] Calling purchasePrimaryProperty...
[HTTP] Calling purchasePrimaryProperty...
[HTTP] Calling purchasePrimaryProperty...
[HTTP] Calling purchasePrimaryProperty...
[HTTP] Calling purchasePrimaryProperty...
[HTTP] Calling purchasePrimaryProperty...
[HTTP] Calling purchasePrimaryProperty...
[HTTP ERROR] purchasePrimaryProperty attempt 3 failed: Insufficient cash
Action Error: Insufficient cash
[HTTP] Calling purchasePrimaryProperty...
[HTTP] Calling purchasePrimaryProperty...
[HTTP ERROR] purchasePrimaryProperty attempt 3 failed: Insufficient cash
Action Error: Insufficient cash
[HTTP ERROR] purchasePrimaryProperty attempt 3 failed: Insufficient cash
Action Error: Insufficient cash
[HTTP] Calling purchasePrimaryProperty...
[HTTP] Calling purchasePrimaryProperty...
[HTTP] Calling purchasePrimaryProperty...
[HTTP] Calling purchasePrimaryProperty...
[HTTP] Calling purchasePrimaryProperty...
[HTTP] Calling purchasePrimaryProperty...
[HTTP] Calling purchasePrimaryProperty...
[HTTP ERROR] purchasePrimaryProperty attempt 3 failed: Insufficient supply
Action Error: Insufficient supply
[HTTP ERROR] purchasePrimaryProperty attempt 3 failed: Insufficient cash
Action Error: Insufficient cash
[HTTP ERROR] purchasePrimaryProperty attempt 3 failed: Insufficient cash
Action Error: Insufficient cash
[HTTP] Calling purchasePrimaryProperty...
[HTTP] Calling purchasePrimaryProperty...
[HTTP] Calling purchasePrimaryProperty...
[HTTP ERROR] purchasePrimaryProperty attempt 3 failed: Insufficient cash
Action Error: Insufficient cash
[HTTP ERROR] purchasePrimaryProperty attempt 3 failed: Insufficient supply
Action Error: Insufficient supply
[HTTP ERROR] purchasePrimaryProperty attempt 3 failed: Insufficient supply
Action Error: Insufficient supply
[HTTP ERROR] purchasePrimaryProperty attempt 2 failed: Insufficient cash
[HTTP ERROR] purchasePrimaryProperty attempt 3 failed: Insufficient supply
Action Error: Insufficient supply
[HTTP ERROR] purchasePrimaryProperty attempt 3 failed: Insufficient supply
Action Error: Insufficient supply
[HTTP ERROR] purchasePrimaryProperty attempt 3 failed: Insufficient supply
Action Error: Insufficient supply
[HTTP ERROR] purchasePrimaryProperty attempt 3 failed: Insufficient cash
Action Error: Insufficient cash
[HTTP] Calling purchasePrimaryProperty...
[HTTP] Calling purchasePrimaryProperty...
[HTTP] Calling purchasePrimaryProperty...
[HTTP] Calling purchasePrimaryProperty...
[HTTP ERROR] purchasePrimaryProperty attempt 3 failed: Insufficient cash
Action Error: Insufficient cash
[HTTP ERROR] purchasePrimaryProperty attempt 3 failed: Insufficient cash
Action Error: Insufficient cash
[HTTP ERROR] purchasePrimaryProperty attempt 3 failed: Insufficient cash
Action Error: Insufficient cash
[HTTP ERROR] purchasePrimaryProperty attempt 3 failed: Insufficient cash
Action Error: Insufficient cash
[HTTP ERROR] purchasePrimaryProperty attempt 3 failed: Insufficient supply
Action Error: Insufficient supply
[HTTP ERROR] purchasePrimaryProperty attempt 3 failed: Insufficient cash
Action Error: Insufficient cash
[HTTP ERROR] purchasePrimaryProperty attempt 3 failed: Insufficient cash
Action Error: Insufficient cash
[HTTP ERROR] purchasePrimaryProperty attempt 3 failed: Insufficient cash
Action Error: Insufficient cash
[HTTP ERROR] purchasePrimaryProperty attempt 3 failed: Insufficient cash
Action Error: Insufficient cash
[HTTP ERROR] purchasePrimaryProperty attempt 3 failed: Insufficient cash
Action Error: Insufficient cash
[HTTP] Calling purchasePrimaryProperty...
[HTTP ERROR] purchasePrimaryProperty attempt 3 failed: Insufficient cash
Action Error: Insufficient cash
[HTTP] Calling createEconomicBatch...
[HTTP] Calling dispatchBatchChunks...
[+] Executing P51...
[HTTP] Calling createEconomicBatch...
[HTTP] Calling dispatchBatchChunks...
[+] Executing P52...
[HTTP] Calling createEconomicBatch...
[HTTP] Calling dispatchBatchChunks...
[+] Executing P53...
[HTTP] Calling createEconomicBatch...
[HTTP] Calling dispatchBatchChunks...
[+] Executing P54...
[HTTP] Calling createEconomicBatch...
[HTTP] Calling dispatchBatchChunks...
[+] Executing P55...
[HTTP] Calling createEconomicBatch...
[HTTP] Calling dispatchBatchChunks...
[+] Executing P56...
[HTTP] Calling createEconomicBatch...
[HTTP] Calling dispatchBatchChunks...
[+] Executing P57...
[HTTP] Calling createEconomicBatch...
[HTTP] Calling dispatchBatchChunks...
[+] Executing P58...
[HTTP] Calling createEconomicBatch...
[HTTP] Calling dispatchBatchChunks...
[+] Executing P59...
[HTTP] Calling createEconomicBatch...
[HTTP] Calling dispatchBatchChunks...
[+] Executing P60...
[+] P60: Generating AI Actions...
[HTTP] Calling purchasePrimaryProperty...
[HTTP] Calling purchasePrimaryProperty...
[HTTP] Calling purchasePrimaryProperty...
[HTTP] Calling purchasePrimaryProperty...
[HTTP] Calling purchasePrimaryProperty...
[HTTP] Calling purchasePrimaryProperty...
[HTTP] Calling purchasePrimaryProperty...
[HTTP] Calling purchasePrimaryProperty...
[HTTP] Calling purchasePrimaryProperty...
[HTTP] Calling purchasePrimaryProperty...
[HTTP] Calling purchasePrimaryProperty...
[HTTP] Calling purchasePrimaryProperty...
[HTTP] Calling purchasePrimaryProperty...
[HTTP] Calling purchasePrimaryProperty...
[HTTP] Calling purchasePrimaryProperty...
[HTTP] Calling purchasePrimaryProperty...
[HTTP] Calling purchasePrimaryProperty...
[HTTP] Calling purchasePrimaryProperty...
[HTTP] Calling purchasePrimaryProperty...
[HTTP] Calling purchasePrimaryProperty...
[HTTP] Calling purchasePrimaryProperty...
[HTTP] Calling purchasePrimaryProperty...
[HTTP] Calling purchasePrimaryProperty...
[HTTP] Calling purchasePrimaryProperty...
[HTTP] Calling purchasePrimaryProperty...
[HTTP] Calling purchasePrimaryProperty...
[HTTP] Calling purchasePrimaryProperty...
[HTTP] Calling purchasePrimaryProperty...
[HTTP] Calling purchasePrimaryProperty...
[HTTP] Calling purchasePrimaryProperty...
[HTTP ERROR] purchasePrimaryProperty attempt 1 failed: Insufficient cash
[HTTP ERROR] purchasePrimaryProperty attempt 1 failed: Insufficient supply
[HTTP ERROR] purchasePrimaryProperty attempt 1 failed: Insufficient cash
[HTTP ERROR] purchasePrimaryProperty attempt 1 failed: Insufficient cash
[HTTP ERROR] purchasePrimaryProperty attempt 1 failed: Insufficient supply
[HTTP ERROR] purchasePrimaryProperty attempt 1 failed: Insufficient cash
[HTTP ERROR] purchasePrimaryProperty attempt 1 failed: Insufficient cash
[HTTP ERROR] purchasePrimaryProperty attempt 1 failed: Insufficient cash
[HTTP ERROR] purchasePrimaryProperty attempt 1 failed: Insufficient cash
[HTTP ERROR] purchasePrimaryProperty attempt 1 failed: Insufficient supply
[HTTP ERROR] purchasePrimaryProperty attempt 1 failed: Insufficient cash
[HTTP ERROR] purchasePrimaryProperty attempt 1 failed: Insufficient supply
[HTTP ERROR] purchasePrimaryProperty attempt 1 failed: Insufficient supply
[HTTP ERROR] purchasePrimaryProperty attempt 1 failed: Insufficient cash
[HTTP ERROR] purchasePrimaryProperty attempt 1 failed: Insufficient cash
[HTTP ERROR] purchasePrimaryProperty attempt 1 failed: Insufficient cash
[HTTP ERROR] purchasePrimaryProperty attempt 1 failed: Insufficient cash
[HTTP ERROR] purchasePrimaryProperty attempt 1 failed: Insufficient cash
[HTTP ERROR] purchasePrimaryProperty attempt 1 failed: Insufficient supply
[HTTP ERROR] purchasePrimaryProperty attempt 1 failed: Insufficient supply
[HTTP ERROR] purchasePrimaryProperty attempt 1 failed: Insufficient cash
[HTTP] Calling purchasePrimaryProperty...
[HTTP] Calling purchasePrimaryProperty...
[HTTP] Calling purchasePrimaryProperty...
[HTTP] Calling purchasePrimaryProperty...
[HTTP] Calling purchasePrimaryProperty...
[HTTP] Calling purchasePrimaryProperty...
[HTTP] Calling purchasePrimaryProperty...
[HTTP] Calling purchasePrimaryProperty...
[HTTP ERROR] purchasePrimaryProperty attempt 2 failed: Insufficient supply
[HTTP ERROR] purchasePrimaryProperty attempt 2 failed: Insufficient cash
[HTTP] Calling purchasePrimaryProperty...
[HTTP ERROR] purchasePrimaryProperty attempt 2 failed: Insufficient cash
[HTTP ERROR] purchasePrimaryProperty attempt 2 failed: Insufficient cash
[HTTP] Calling purchasePrimaryProperty...
[HTTP] Calling purchasePrimaryProperty...
[HTTP ERROR] purchasePrimaryProperty attempt 2 failed: Insufficient supply
[HTTP ERROR] purchasePrimaryProperty attempt 2 failed: Insufficient cash
[HTTP ERROR] purchasePrimaryProperty attempt 2 failed: Insufficient cash
[HTTP] Calling purchasePrimaryProperty...
[HTTP ERROR] purchasePrimaryProperty attempt 2 failed: Insufficient cash
[HTTP] Calling purchasePrimaryProperty...
[HTTP ERROR] purchasePrimaryProperty attempt 2 failed: Insufficient cash
[HTTP] Calling purchasePrimaryProperty...
[HTTP ERROR] purchasePrimaryProperty attempt 2 failed: Insufficient supply
[HTTP ERROR] purchasePrimaryProperty attempt 2 failed: Insufficient cash
[HTTP ERROR] purchasePrimaryProperty attempt 2 failed: Insufficient supply
[HTTP] Calling purchasePrimaryProperty...
[HTTP] Calling purchasePrimaryProperty...
[HTTP] Calling purchasePrimaryProperty...
[HTTP] Calling purchasePrimaryProperty...
[HTTP] Calling purchasePrimaryProperty...
[HTTP ERROR] purchasePrimaryProperty attempt 2 failed: Insufficient supply
[HTTP] Calling purchasePrimaryProperty...
[HTTP ERROR] purchasePrimaryProperty attempt 2 failed: Insufficient cash
[HTTP] Calling purchasePrimaryProperty...
[HTTP ERROR] purchasePrimaryProperty attempt 2 failed: Insufficient cash
[HTTP ERROR] purchasePrimaryProperty attempt 2 failed: Insufficient cash
[HTTP ERROR] purchasePrimaryProperty attempt 2 failed: Insufficient cash
[HTTP ERROR] purchasePrimaryProperty attempt 2 failed: Insufficient supply
[HTTP ERROR] purchasePrimaryProperty attempt 2 failed: Insufficient supply
[HTTP ERROR] purchasePrimaryProperty attempt 2 failed: Insufficient supply
[HTTP ERROR] purchasePrimaryProperty attempt 2 failed: Insufficient cash
[HTTP] Calling purchasePrimaryProperty...
[HTTP] Calling purchasePrimaryProperty...
[HTTP] Calling purchasePrimaryProperty...
[HTTP] Calling purchasePrimaryProperty...
[HTTP] Calling purchasePrimaryProperty...
[HTTP] Calling purchasePrimaryProperty...
[HTTP] Calling purchasePrimaryProperty...
[HTTP] Calling purchasePrimaryProperty...
[HTTP ERROR] purchasePrimaryProperty attempt 3 failed: Insufficient cash
Action Error: Insufficient cash
[HTTP ERROR] purchasePrimaryProperty attempt 3 failed: Insufficient supply
Action Error: Insufficient supply
[HTTP] Calling purchasePrimaryProperty...
[HTTP] Calling purchasePrimaryProperty...
[HTTP] Calling purchasePrimaryProperty...
[HTTP ERROR] purchasePrimaryProperty attempt 3 failed: Insufficient cash
Action Error: Insufficient cash
[HTTP ERROR] purchasePrimaryProperty attempt 3 failed: Insufficient cash
Action Error: Insufficient cash
[HTTP] Calling purchasePrimaryProperty...
[HTTP ERROR] purchasePrimaryProperty attempt 3 failed: Insufficient supply
Action Error: Insufficient supply
[HTTP ERROR] purchasePrimaryProperty attempt 3 failed: Insufficient cash
Action Error: Insufficient cash
[HTTP ERROR] purchasePrimaryProperty attempt 3 failed: Insufficient cash
Action Error: Insufficient cash
[HTTP ERROR] purchasePrimaryProperty attempt 3 failed: Insufficient cash
Action Error: Insufficient cash
[HTTP] Calling purchasePrimaryProperty...
[HTTP] Calling purchasePrimaryProperty...
[HTTP] Calling purchasePrimaryProperty...
[HTTP ERROR] purchasePrimaryProperty attempt 3 failed: Insufficient cash
Action Error: Insufficient cash
[HTTP ERROR] purchasePrimaryProperty attempt 3 failed: Insufficient cash
Action Error: Insufficient cash
[HTTP ERROR] purchasePrimaryProperty attempt 3 failed: Insufficient supply
Action Error: Insufficient supply
[HTTP] Calling purchasePrimaryProperty...
[HTTP ERROR] purchasePrimaryProperty attempt 3 failed: Insufficient supply
Action Error: Insufficient supply
[HTTP ERROR] purchasePrimaryProperty attempt 3 failed: Insufficient supply
Action Error: Insufficient supply
[HTTP] Calling purchasePrimaryProperty...
[HTTP] Calling purchasePrimaryProperty...
[HTTP ERROR] purchasePrimaryProperty attempt 3 failed: Insufficient cash
Action Error: Insufficient cash
[HTTP ERROR] purchasePrimaryProperty attempt 3 failed: Insufficient cash
Action Error: Insufficient cash
[HTTP] Calling purchasePrimaryProperty...
[HTTP] Calling purchasePrimaryProperty...
[HTTP ERROR] purchasePrimaryProperty attempt 3 failed: Insufficient cash
Action Error: Insufficient cash
[HTTP] Calling purchasePrimaryProperty...
[HTTP ERROR] purchasePrimaryProperty attempt 3 failed: Insufficient cash
Action Error: Insufficient cash
[HTTP ERROR] purchasePrimaryProperty attempt 3 failed: Insufficient supply
Action Error: Insufficient supply
[HTTP ERROR] purchasePrimaryProperty attempt 3 failed: Insufficient supply
Action Error: Insufficient supply
[HTTP ERROR] purchasePrimaryProperty attempt 3 failed: Insufficient supply
Action Error: Insufficient supply
[HTTP ERROR] purchasePrimaryProperty attempt 3 failed: Insufficient cash
Action Error: Insufficient cash
[HTTP] Calling createEconomicBatch...
[HTTP] Calling dispatchBatchChunks...
[+] Passed Period 60/360
[+] Executing P61...
[HTTP] Calling createEconomicBatch...
[HTTP] Calling dispatchBatchChunks...
[+] Executing P62...
[HTTP] Calling createEconomicBatch...
[HTTP] Calling dispatchBatchChunks...
[+] Executing P63...
[HTTP] Calling createEconomicBatch...
[HTTP] Calling dispatchBatchChunks...
[+] Executing P64...
[HTTP] Calling createEconomicBatch...
[HTTP] Calling dispatchBatchChunks...
[+] Executing P65...
[HTTP] Calling createEconomicBatch...
[HTTP] Calling dispatchBatchChunks...
[+] Executing P66...
[HTTP] Calling createEconomicBatch...
[HTTP] Calling dispatchBatchChunks...
[+] Executing P67...
[HTTP] Calling createEconomicBatch...
[HTTP] Calling dispatchBatchChunks...
[+] Executing P68...
[HTTP] Calling createEconomicBatch...
[HTTP] Calling dispatchBatchChunks...
[+] Executing P69...
[HTTP] Calling createEconomicBatch...
[HTTP] Calling dispatchBatchChunks...
[+] Executing P70...
[+] P70: Generating AI Actions...
[HTTP] Calling purchasePrimaryProperty...
[HTTP] Calling purchasePrimaryProperty...
[HTTP] Calling purchasePrimaryProperty...
[HTTP] Calling purchasePrimaryProperty...
[HTTP] Calling purchasePrimaryProperty...
[HTTP] Calling purchasePrimaryProperty...
[HTTP] Calling purchasePrimaryProperty...
[HTTP] Calling purchasePrimaryProperty...
[HTTP] Calling purchasePrimaryProperty...
[HTTP] Calling purchasePrimaryProperty...
[HTTP] Calling purchasePrimaryProperty...
[HTTP] Calling purchasePrimaryProperty...
[HTTP] Calling purchasePrimaryProperty...
[HTTP] Calling purchasePrimaryProperty...
[HTTP] Calling purchasePrimaryProperty...
[HTTP] Calling purchasePrimaryProperty...
[HTTP] Calling purchasePrimaryProperty...
[HTTP] Calling purchasePrimaryProperty...
[HTTP] Calling purchasePrimaryProperty...
[HTTP] Calling purchasePrimaryProperty...
[HTTP] Calling purchasePrimaryProperty...
[HTTP] Calling purchasePrimaryProperty...
[HTTP] Calling purchasePrimaryProperty...
[HTTP] Calling purchasePrimaryProperty...
[HTTP] Calling purchasePrimaryProperty...
[HTTP] Calling purchasePrimaryProperty...
[HTTP] Calling purchasePrimaryProperty...
[HTTP] Calling purchasePrimaryProperty...
[HTTP] Calling purchasePrimaryProperty...
[HTTP] Calling purchasePrimaryProperty...
[HTTP ERROR] purchasePrimaryProperty attempt 1 failed: Insufficient cash
[HTTP ERROR] purchasePrimaryProperty attempt 1 failed: Insufficient cash
[HTTP ERROR] purchasePrimaryProperty attempt 1 failed: Insufficient supply
[HTTP ERROR] purchasePrimaryProperty attempt 1 failed: Insufficient cash
[HTTP ERROR] purchasePrimaryProperty attempt 1 failed: Insufficient supply
[HTTP ERROR] purchasePrimaryProperty attempt 1 failed: Insufficient cash
[HTTP ERROR] purchasePrimaryProperty attempt 1 failed: Insufficient cash
[HTTP ERROR] purchasePrimaryProperty attempt 1 failed: Insufficient cash
[HTTP ERROR] purchasePrimaryProperty attempt 1 failed: Insufficient supply
[HTTP ERROR] purchasePrimaryProperty attempt 1 failed: Insufficient cash
[HTTP ERROR] purchasePrimaryProperty attempt 1 failed: Insufficient cash
[HTTP ERROR] purchasePrimaryProperty attempt 1 failed: Insufficient supply
[HTTP ERROR] purchasePrimaryProperty attempt 1 failed: Insufficient supply
[HTTP ERROR] purchasePrimaryProperty attempt 1 failed: Insufficient cash
[HTTP ERROR] purchasePrimaryProperty attempt 1 failed: Insufficient supply
[HTTP ERROR] purchasePrimaryProperty attempt 1 failed: Insufficient cash
[HTTP ERROR] purchasePrimaryProperty attempt 1 failed: Insufficient cash
[HTTP ERROR] purchasePrimaryProperty attempt 1 failed: Insufficient supply
[HTTP ERROR] purchasePrimaryProperty attempt 1 failed: Insufficient cash
[HTTP ERROR] purchasePrimaryProperty attempt 1 failed: Insufficient supply
[HTTP ERROR] purchasePrimaryProperty attempt 1 failed: Insufficient cash
[HTTP ERROR] purchasePrimaryProperty attempt 1 failed: Insufficient supply
[HTTP ERROR] purchasePrimaryProperty attempt 1 failed: Insufficient cash
[HTTP ERROR] purchasePrimaryProperty attempt 1 failed: Insufficient supply
[HTTP ERROR] purchasePrimaryProperty attempt 1 failed: Insufficient cash
[HTTP ERROR] purchasePrimaryProperty attempt 1 failed: Insufficient supply
[HTTP ERROR] purchasePrimaryProperty attempt 1 failed: Insufficient cash
[HTTP ERROR] purchasePrimaryProperty attempt 1 failed: Insufficient cash
[HTTP ERROR] purchasePrimaryProperty attempt 1 failed: Insufficient cash
[HTTP] Calling purchasePrimaryProperty...
[HTTP] Calling purchasePrimaryProperty...
[HTTP] Calling purchasePrimaryProperty...
[HTTP] Calling purchasePrimaryProperty...
[HTTP] Calling purchasePrimaryProperty...
[HTTP] Calling purchasePrimaryProperty...
[HTTP] Calling purchasePrimaryProperty...
[HTTP] Calling purchasePrimaryProperty...
[HTTP] Calling purchasePrimaryProperty...
[HTTP] Calling purchasePrimaryProperty...
[HTTP] Calling purchasePrimaryProperty...
[HTTP ERROR] purchasePrimaryProperty attempt 2 failed: Insufficient cash
[HTTP ERROR] purchasePrimaryProperty attempt 2 failed: Insufficient cash
[HTTP] Calling purchasePrimaryProperty...
[HTTP] Calling purchasePrimaryProperty...
[HTTP ERROR] purchasePrimaryProperty attempt 2 failed: Insufficient cash
[HTTP ERROR] purchasePrimaryProperty attempt 2 failed: Insufficient supply
[HTTP ERROR] purchasePrimaryProperty attempt 2 failed: Insufficient supply
[HTTP ERROR] purchasePrimaryProperty attempt 2 failed: Insufficient cash
[HTTP ERROR] purchasePrimaryProperty attempt 2 failed: Insufficient cash
[HTTP] Calling purchasePrimaryProperty...
[HTTP] Calling purchasePrimaryProperty...
[HTTP ERROR] purchasePrimaryProperty attempt 2 failed: Insufficient cash
[HTTP ERROR] purchasePrimaryProperty attempt 2 failed: Insufficient supply
[HTTP] Calling purchasePrimaryProperty...
[HTTP ERROR] purchasePrimaryProperty attempt 2 failed: Insufficient cash
[HTTP ERROR] purchasePrimaryProperty attempt 2 failed: Insufficient cash
[HTTP ERROR] purchasePrimaryProperty attempt 2 failed: Insufficient supply
[HTTP ERROR] purchasePrimaryProperty attempt 2 failed: Insufficient supply
[HTTP ERROR] purchasePrimaryProperty attempt 2 failed: Insufficient supply
[HTTP] Calling purchasePrimaryProperty...
[HTTP] Calling purchasePrimaryProperty...
[HTTP] Calling purchasePrimaryProperty...
[HTTP ERROR] purchasePrimaryProperty attempt 2 failed: Insufficient cash
[HTTP] Calling purchasePrimaryProperty...
[HTTP] Calling purchasePrimaryProperty...
[HTTP ERROR] purchasePrimaryProperty attempt 2 failed: Insufficient cash
[HTTP] Calling purchasePrimaryProperty...
[HTTP] Calling purchasePrimaryProperty...
[HTTP] Calling purchasePrimaryProperty...
[HTTP] Calling purchasePrimaryProperty...
[HTTP] Calling purchasePrimaryProperty...
[HTTP] Calling purchasePrimaryProperty...
[HTTP ERROR] purchasePrimaryProperty attempt 2 failed: Insufficient supply
[HTTP] Calling purchasePrimaryProperty...
[HTTP ERROR] purchasePrimaryProperty attempt 2 failed: Insufficient cash
[HTTP] Calling purchasePrimaryProperty...
[HTTP ERROR] purchasePrimaryProperty attempt 2 failed: Insufficient cash
[HTTP ERROR] purchasePrimaryProperty attempt 2 failed: Insufficient supply
[HTTP ERROR] purchasePrimaryProperty attempt 2 failed: Insufficient cash
[HTTP ERROR] purchasePrimaryProperty attempt 2 failed: Insufficient supply
[HTTP ERROR] purchasePrimaryProperty attempt 2 failed: Insufficient cash
[HTTP ERROR] purchasePrimaryProperty attempt 2 failed: Insufficient cash
[HTTP ERROR] purchasePrimaryProperty attempt 2 failed: Insufficient supply
[HTTP ERROR] purchasePrimaryProperty attempt 2 failed: Insufficient supply
[HTTP ERROR] purchasePrimaryProperty attempt 2 failed: Insufficient cash
[HTTP ERROR] purchasePrimaryProperty attempt 2 failed: Insufficient cash
[HTTP ERROR] purchasePrimaryProperty attempt 2 failed: Insufficient cash
[HTTP] Calling purchasePrimaryProperty...
[HTTP] Calling purchasePrimaryProperty...
[HTTP] Calling purchasePrimaryProperty...
[HTTP] Calling purchasePrimaryProperty...
[HTTP] Calling purchasePrimaryProperty...
[HTTP] Calling purchasePrimaryProperty...
[HTTP] Calling purchasePrimaryProperty...
[HTTP] Calling purchasePrimaryProperty...
[HTTP] Calling purchasePrimaryProperty...
[HTTP] Calling purchasePrimaryProperty...
[HTTP] Calling purchasePrimaryProperty...
[HTTP ERROR] purchasePrimaryProperty attempt 3 failed: Insufficient cash
Action Error: Insufficient cash
[HTTP ERROR] purchasePrimaryProperty attempt 3 failed: Insufficient cash
Action Error: Insufficient cash
[HTTP] Calling purchasePrimaryProperty...
[HTTP] Calling purchasePrimaryProperty...
[HTTP ERROR] purchasePrimaryProperty attempt 3 failed: Insufficient cash
Action Error: Insufficient cash
[HTTP ERROR] purchasePrimaryProperty attempt 3 failed: Insufficient cash
Action Error: Insufficient cash
[HTTP] Calling purchasePrimaryProperty...
[HTTP ERROR] purchasePrimaryProperty attempt 3 failed: Insufficient supply
Action Error: Insufficient supply
[HTTP] Calling purchasePrimaryProperty...
[HTTP ERROR] purchasePrimaryProperty attempt 3 failed: Insufficient supply
Action Error: Insufficient supply
[HTTP ERROR] purchasePrimaryProperty attempt 3 failed: Insufficient cash
Action Error: Insufficient cash
[HTTP] Calling purchasePrimaryProperty...
[HTTP ERROR] purchasePrimaryProperty attempt 3 failed: Insufficient cash
Action Error: Insufficient cash
[HTTP ERROR] purchasePrimaryProperty attempt 3 failed: Insufficient supply
Action Error: Insufficient supply
[HTTP ERROR] purchasePrimaryProperty attempt 3 failed: Insufficient cash
Action Error: Insufficient cash
[HTTP ERROR] purchasePrimaryProperty attempt 3 failed: Insufficient cash
Action Error: Insufficient cash
[HTTP ERROR] purchasePrimaryProperty attempt 3 failed: Insufficient supply
Action Error: Insufficient supply
[HTTP ERROR] purchasePrimaryProperty attempt 3 failed: Insufficient supply
Action Error: Insufficient supply
[HTTP] Calling purchasePrimaryProperty...
[HTTP] Calling purchasePrimaryProperty...
[HTTP] Calling purchasePrimaryProperty...
[HTTP ERROR] purchasePrimaryProperty attempt 3 failed: Insufficient cash
Action Error: Insufficient cash
[HTTP ERROR] purchasePrimaryProperty attempt 3 failed: Insufficient supply
Action Error: Insufficient supply
[HTTP] Calling purchasePrimaryProperty...
[HTTP ERROR] purchasePrimaryProperty attempt 3 failed: Insufficient cash
Action Error: Insufficient cash
[HTTP] Calling purchasePrimaryProperty...
[HTTP] Calling purchasePrimaryProperty...
[HTTP] Calling purchasePrimaryProperty...
[HTTP ERROR] purchasePrimaryProperty attempt 3 failed: Insufficient supply
Action Error: Insufficient supply
[HTTP] Calling purchasePrimaryProperty...
[HTTP ERROR] purchasePrimaryProperty attempt 3 failed: Insufficient cash
Action Error: Insufficient cash
[HTTP] Calling purchasePrimaryProperty...
[HTTP ERROR] purchasePrimaryProperty attempt 3 failed: Insufficient cash
Action Error: Insufficient cash
[HTTP ERROR] purchasePrimaryProperty attempt 3 failed: Insufficient supply
Action Error: Insufficient supply
[HTTP] Calling purchasePrimaryProperty...
[HTTP] Calling purchasePrimaryProperty...
[HTTP] Calling purchasePrimaryProperty...
[HTTP ERROR] purchasePrimaryProperty attempt 3 failed: Insufficient cash
Action Error: Insufficient cash
[HTTP ERROR] purchasePrimaryProperty attempt 3 failed: Insufficient supply
Action Error: Insufficient supply
[HTTP] Calling purchasePrimaryProperty...
[HTTP ERROR] purchasePrimaryProperty attempt 3 failed: Insufficient cash
Action Error: Insufficient cash
[HTTP ERROR] purchasePrimaryProperty attempt 3 failed: Insufficient cash
Action Error: Insufficient cash
[HTTP ERROR] purchasePrimaryProperty attempt 3 failed: Insufficient supply
Action Error: Insufficient supply
[HTTP ERROR] purchasePrimaryProperty attempt 3 failed: Insufficient cash
Action Error: Insufficient cash
[HTTP ERROR] purchasePrimaryProperty attempt 3 failed: Insufficient supply
Action Error: Insufficient supply
[HTTP ERROR] purchasePrimaryProperty attempt 3 failed: Insufficient cash
Action Error: Insufficient cash
[HTTP ERROR] purchasePrimaryProperty attempt 3 failed: Insufficient cash
Action Error: Insufficient cash
[HTTP] Calling createEconomicBatch...
[HTTP] Calling dispatchBatchChunks...
[+] Executing P71...
[HTTP] Calling createEconomicBatch...
[HTTP] Calling dispatchBatchChunks...
[+] Executing P72...
[HTTP] Calling createEconomicBatch...
[HTTP] Calling dispatchBatchChunks...
[+] Executing P73...
[HTTP] Calling createEconomicBatch...
[HTTP] Calling dispatchBatchChunks...
[+] Executing P74...
[HTTP] Calling createEconomicBatch...
[HTTP] Calling dispatchBatchChunks...
[+] Executing P75...
[HTTP] Calling createEconomicBatch...
[HTTP] Calling dispatchBatchChunks...
[+] Executing P76...
[HTTP] Calling createEconomicBatch...
[HTTP] Calling dispatchBatchChunks...
[+] Executing P77...
[HTTP] Calling createEconomicBatch...
[HTTP] Calling dispatchBatchChunks...
[+] Executing P78...
[HTTP] Calling createEconomicBatch...
[HTTP] Calling dispatchBatchChunks...
[+] Executing P79...
[HTTP] Calling createEconomicBatch...
[HTTP] Calling dispatchBatchChunks...
[+] Executing P80...
[+] P80: Generating AI Actions...
[HTTP] Calling purchasePrimaryProperty...
[HTTP] Calling purchasePrimaryProperty...
[HTTP] Calling purchasePrimaryProperty...
[HTTP] Calling purchasePrimaryProperty...
[HTTP] Calling purchasePrimaryProperty...
[HTTP] Calling purchasePrimaryProperty...
[HTTP] Calling purchasePrimaryProperty...
[HTTP] Calling purchasePrimaryProperty...
[HTTP] Calling purchasePrimaryProperty...
[HTTP] Calling purchasePrimaryProperty...
[HTTP] Calling purchasePrimaryProperty...
[HTTP] Calling purchasePrimaryProperty...
[HTTP] Calling purchasePrimaryProperty...
[HTTP] Calling purchasePrimaryProperty...
[HTTP] Calling purchasePrimaryProperty...
[HTTP] Calling purchasePrimaryProperty...
[HTTP] Calling purchasePrimaryProperty...
[HTTP] Calling purchasePrimaryProperty...
[HTTP] Calling purchasePrimaryProperty...
[HTTP] Calling purchasePrimaryProperty...
[HTTP] Calling purchasePrimaryProperty...
[HTTP] Calling purchasePrimaryProperty...
[HTTP] Calling purchasePrimaryProperty...
[HTTP] Calling purchasePrimaryProperty...
[HTTP] Calling purchasePrimaryProperty...
[HTTP] Calling purchasePrimaryProperty...
[HTTP] Calling purchasePrimaryProperty...
[HTTP] Calling purchasePrimaryProperty...
[HTTP] Calling purchasePrimaryProperty...
[HTTP] Calling purchasePrimaryProperty...
[HTTP ERROR] purchasePrimaryProperty attempt 1 failed: Insufficient cash
[HTTP ERROR] purchasePrimaryProperty attempt 1 failed: Insufficient supply
[HTTP ERROR] purchasePrimaryProperty attempt 1 failed: Insufficient cash
[HTTP ERROR] purchasePrimaryProperty attempt 1 failed: Insufficient cash
[HTTP ERROR] purchasePrimaryProperty attempt 1 failed: Insufficient supply
[HTTP ERROR] purchasePrimaryProperty attempt 1 failed: Insufficient cash
[HTTP ERROR] purchasePrimaryProperty attempt 1 failed: Insufficient supply
[HTTP ERROR] purchasePrimaryProperty attempt 1 failed: Insufficient cash
[HTTP ERROR] purchasePrimaryProperty attempt 1 failed: Insufficient cash
[HTTP ERROR] purchasePrimaryProperty attempt 1 failed: Insufficient cash
[HTTP ERROR] purchasePrimaryProperty attempt 1 failed: Insufficient supply
[HTTP ERROR] purchasePrimaryProperty attempt 1 failed: Insufficient supply
[HTTP ERROR] purchasePrimaryProperty attempt 1 failed: Insufficient cash
[HTTP ERROR] purchasePrimaryProperty attempt 1 failed: Insufficient cash
[HTTP ERROR] purchasePrimaryProperty attempt 1 failed: Insufficient cash
[HTTP ERROR] purchasePrimaryProperty attempt 1 failed: Insufficient cash
[HTTP ERROR] purchasePrimaryProperty attempt 1 failed: Insufficient cash
[HTTP ERROR] purchasePrimaryProperty attempt 1 failed: Insufficient cash
[HTTP ERROR] purchasePrimaryProperty attempt 1 failed: Insufficient cash
[HTTP ERROR] purchasePrimaryProperty attempt 1 failed: Insufficient cash
[HTTP ERROR] purchasePrimaryProperty attempt 1 failed: Insufficient supply
[HTTP ERROR] purchasePrimaryProperty attempt 1 failed: Insufficient cash
[HTTP ERROR] purchasePrimaryProperty attempt 1 failed: Insufficient cash
[HTTP ERROR] purchasePrimaryProperty attempt 1 failed: Insufficient cash
[HTTP] Calling purchasePrimaryProperty...
[HTTP] Calling purchasePrimaryProperty...
[HTTP] Calling purchasePrimaryProperty...
[HTTP] Calling purchasePrimaryProperty...
[HTTP] Calling purchasePrimaryProperty...
[HTTP] Calling purchasePrimaryProperty...
[HTTP] Calling purchasePrimaryProperty...
[HTTP] Calling purchasePrimaryProperty...
[HTTP ERROR] purchasePrimaryProperty attempt 2 failed: Insufficient cash
[HTTP ERROR] purchasePrimaryProperty attempt 2 failed: Insufficient cash
[HTTP ERROR] purchasePrimaryProperty attempt 2 failed: Insufficient supply
[HTTP] Calling purchasePrimaryProperty...
[HTTP ERROR] purchasePrimaryProperty attempt 2 failed: Insufficient cash
[HTTP] Calling purchasePrimaryProperty...
[HTTP ERROR] purchasePrimaryProperty attempt 2 failed: Insufficient supply
[HTTP] Calling purchasePrimaryProperty...
[HTTP] Calling purchasePrimaryProperty...
[HTTP ERROR] purchasePrimaryProperty attempt 2 failed: Insufficient cash
[HTTP ERROR] purchasePrimaryProperty attempt 2 failed: Insufficient supply
[HTTP ERROR] purchasePrimaryProperty attempt 2 failed: Insufficient cash
[HTTP] Calling purchasePrimaryProperty...
[HTTP] Calling purchasePrimaryProperty...
[HTTP ERROR] purchasePrimaryProperty attempt 2 failed: Insufficient cash
[HTTP ERROR] purchasePrimaryProperty attempt 2 failed: Insufficient cash
[HTTP ERROR] purchasePrimaryProperty attempt 2 failed: Insufficient supply
[HTTP ERROR] purchasePrimaryProperty attempt 2 failed: Insufficient supply
[HTTP] Calling purchasePrimaryProperty...
[HTTP ERROR] purchasePrimaryProperty attempt 2 failed: Insufficient cash
[HTTP] Calling purchasePrimaryProperty...
[HTTP ERROR] purchasePrimaryProperty attempt 2 failed: Insufficient cash
[HTTP] Calling purchasePrimaryProperty...
[HTTP] Calling purchasePrimaryProperty...
[HTTP] Calling purchasePrimaryProperty...
[HTTP] Calling purchasePrimaryProperty...
[HTTP] Calling purchasePrimaryProperty...
[HTTP] Calling purchasePrimaryProperty...
[HTTP] Calling purchasePrimaryProperty...
[HTTP] Calling purchasePrimaryProperty...
[HTTP ERROR] purchasePrimaryProperty attempt 2 failed: Insufficient cash
[HTTP ERROR] purchasePrimaryProperty attempt 2 failed: Insufficient cash
[HTTP ERROR] purchasePrimaryProperty attempt 2 failed: Insufficient cash
[HTTP ERROR] purchasePrimaryProperty attempt 2 failed: Insufficient cash
[HTTP ERROR] purchasePrimaryProperty attempt 2 failed: Insufficient cash
[HTTP ERROR] purchasePrimaryProperty attempt 2 failed: Insufficient cash
[HTTP ERROR] purchasePrimaryProperty attempt 2 failed: Insufficient cash
[HTTP ERROR] purchasePrimaryProperty attempt 2 failed: Insufficient cash
[HTTP ERROR] purchasePrimaryProperty attempt 2 failed: Insufficient supply
[HTTP ERROR] purchasePrimaryProperty attempt 2 failed: Insufficient cash
[HTTP] Calling purchasePrimaryProperty...
[HTTP] Calling purchasePrimaryProperty...
[HTTP] Calling purchasePrimaryProperty...
[HTTP] Calling purchasePrimaryProperty...
[HTTP] Calling purchasePrimaryProperty...
[HTTP] Calling purchasePrimaryProperty...
[HTTP] Calling purchasePrimaryProperty...
[HTTP] Calling purchasePrimaryProperty...
[HTTP ERROR] purchasePrimaryProperty attempt 3 failed: Insufficient cash
Action Error: Insufficient cash
[HTTP ERROR] purchasePrimaryProperty attempt 3 failed: Insufficient supply
Action Error: Insufficient supply
[HTTP ERROR] purchasePrimaryProperty attempt 3 failed: Insufficient cash
Action Error: Insufficient cash
[HTTP] Calling purchasePrimaryProperty...
[HTTP] Calling purchasePrimaryProperty...
[HTTP ERROR] purchasePrimaryProperty attempt 3 failed: Insufficient cash
Action Error: Insufficient cash
[HTTP] Calling purchasePrimaryProperty...
[HTTP] Calling purchasePrimaryProperty...
[HTTP] Calling purchasePrimaryProperty...
[HTTP] Calling purchasePrimaryProperty...
[HTTP ERROR] purchasePrimaryProperty attempt 3 failed: Insufficient supply
Action Error: Insufficient supply
[HTTP ERROR] purchasePrimaryProperty attempt 3 failed: Insufficient cash
Action Error: Insufficient cash
[HTTP ERROR] purchasePrimaryProperty attempt 3 failed: Insufficient cash
Action Error: Insufficient cash
[HTTP ERROR] purchasePrimaryProperty attempt 3 failed: Insufficient supply
Action Error: Insufficient supply
[HTTP] Calling purchasePrimaryProperty...
[HTTP] Calling purchasePrimaryProperty...
[HTTP ERROR] purchasePrimaryProperty attempt 3 failed: Insufficient cash
Action Error: Insufficient cash
[HTTP ERROR] purchasePrimaryProperty attempt 3 failed: Insufficient cash
Action Error: Insufficient cash
[HTTP] Calling purchasePrimaryProperty...
[HTTP ERROR] purchasePrimaryProperty attempt 3 failed: Insufficient supply
Action Error: Insufficient supply
[HTTP ERROR] purchasePrimaryProperty attempt 3 failed: Insufficient cash
Action Error: Insufficient cash
[HTTP ERROR] purchasePrimaryProperty attempt 3 failed: Insufficient supply
Action Error: Insufficient supply
[HTTP ERROR] purchasePrimaryProperty attempt 3 failed: Insufficient cash
Action Error: Insufficient cash
[HTTP] Calling purchasePrimaryProperty...
[HTTP] Calling purchasePrimaryProperty...
[HTTP ERROR] purchasePrimaryProperty attempt 3 failed: Insufficient cash
Action Error: Insufficient cash
[HTTP] Calling purchasePrimaryProperty...
[HTTP ERROR] purchasePrimaryProperty attempt 3 failed: Insufficient cash
Action Error: Insufficient cash
[HTTP] Calling purchasePrimaryProperty...
[HTTP] Calling purchasePrimaryProperty...
[HTTP] Calling purchasePrimaryProperty...
[HTTP] Calling purchasePrimaryProperty...
[HTTP ERROR] purchasePrimaryProperty attempt 3 failed: Insufficient cash
Action Error: Insufficient cash
[HTTP ERROR] purchasePrimaryProperty attempt 3 failed: Insufficient cash
Action Error: Insufficient cash
[HTTP ERROR] purchasePrimaryProperty attempt 3 failed: Insufficient cash
Action Error: Insufficient cash
[HTTP ERROR] purchasePrimaryProperty attempt 3 failed: Insufficient cash
Action Error: Insufficient cash
[HTTP ERROR] purchasePrimaryProperty attempt 3 failed: Insufficient cash
Action Error: Insufficient cash
[HTTP ERROR] purchasePrimaryProperty attempt 3 failed: Insufficient cash
Action Error: Insufficient cash
[HTTP ERROR] purchasePrimaryProperty attempt 3 failed: Insufficient supply
Action Error: Insufficient supply
[HTTP ERROR] purchasePrimaryProperty attempt 3 failed: Insufficient cash
Action Error: Insufficient cash
[HTTP] Calling createEconomicBatch...
[HTTP] Calling dispatchBatchChunks...
[+] Executing P81...
[HTTP] Calling createEconomicBatch...
[HTTP] Calling dispatchBatchChunks...
[+] Executing P82...
[HTTP] Calling createEconomicBatch...
[HTTP] Calling dispatchBatchChunks...
[+] Executing P83...
[HTTP] Calling createEconomicBatch...
[HTTP] Calling dispatchBatchChunks...
[+] Executing P84...
[HTTP] Calling createEconomicBatch...
[HTTP] Calling dispatchBatchChunks...
[+] Executing P85...
[HTTP] Calling createEconomicBatch...
[HTTP] Calling dispatchBatchChunks...
[+] Executing P86...
[HTTP] Calling createEconomicBatch...
[HTTP] Calling dispatchBatchChunks...
[+] Executing P87...
[HTTP] Calling createEconomicBatch...
[HTTP] Calling dispatchBatchChunks...
[+] Executing P88...
[HTTP] Calling createEconomicBatch...
[HTTP] Calling dispatchBatchChunks...
[+] Executing P89...
[HTTP] Calling createEconomicBatch...
[HTTP] Calling dispatchBatchChunks...
[+] Executing P90...
[+] P90: Generating AI Actions...
[HTTP] Calling purchasePrimaryProperty...
[HTTP] Calling purchasePrimaryProperty...
[HTTP] Calling purchasePrimaryProperty...
[HTTP] Calling purchasePrimaryProperty...
[HTTP] Calling purchasePrimaryProperty...
[HTTP] Calling purchasePrimaryProperty...
[HTTP] Calling purchasePrimaryProperty...
[HTTP] Calling purchasePrimaryProperty...
[HTTP] Calling purchasePrimaryProperty...
[HTTP] Calling purchasePrimaryProperty...
[HTTP] Calling purchasePrimaryProperty...
[HTTP] Calling purchasePrimaryProperty...
[HTTP] Calling purchasePrimaryProperty...
[HTTP] Calling purchasePrimaryProperty...
[HTTP] Calling purchasePrimaryProperty...
[HTTP] Calling purchasePrimaryProperty...
[HTTP] Calling purchasePrimaryProperty...
[HTTP] Calling purchasePrimaryProperty...
[HTTP] Calling purchasePrimaryProperty...
[HTTP] Calling purchasePrimaryProperty...
[HTTP] Calling purchasePrimaryProperty...
[HTTP] Calling purchasePrimaryProperty...
[HTTP] Calling purchasePrimaryProperty...
[HTTP] Calling purchasePrimaryProperty...
[HTTP] Calling purchasePrimaryProperty...
[HTTP] Calling purchasePrimaryProperty...
[HTTP] Calling purchasePrimaryProperty...
[HTTP] Calling purchasePrimaryProperty...
[HTTP] Calling purchasePrimaryProperty...
[HTTP] Calling purchasePrimaryProperty...
[HTTP ERROR] purchasePrimaryProperty attempt 1 failed: Insufficient supply
[HTTP ERROR] purchasePrimaryProperty attempt 1 failed: Insufficient supply
[HTTP ERROR] purchasePrimaryProperty attempt 1 failed: Insufficient cash
[HTTP ERROR] purchasePrimaryProperty attempt 1 failed: Insufficient supply
[HTTP ERROR] purchasePrimaryProperty attempt 1 failed: Insufficient cash
[HTTP ERROR] purchasePrimaryProperty attempt 1 failed: Insufficient cash
[HTTP ERROR] purchasePrimaryProperty attempt 1 failed: Insufficient cash
[HTTP ERROR] purchasePrimaryProperty attempt 1 failed: Insufficient cash
[HTTP ERROR] purchasePrimaryProperty attempt 1 failed: Insufficient supply
[HTTP ERROR] purchasePrimaryProperty attempt 1 failed: Insufficient supply
[HTTP ERROR] purchasePrimaryProperty attempt 1 failed: Insufficient supply
[HTTP ERROR] purchasePrimaryProperty attempt 1 failed: Insufficient cash
[HTTP ERROR] purchasePrimaryProperty attempt 1 failed: Insufficient cash
[HTTP ERROR] purchasePrimaryProperty attempt 1 failed: Insufficient supply
[HTTP ERROR] purchasePrimaryProperty attempt 1 failed: Insufficient cash
[HTTP ERROR] purchasePrimaryProperty attempt 1 failed: Insufficient cash
[HTTP ERROR] purchasePrimaryProperty attempt 1 failed: Insufficient cash
[HTTP ERROR] purchasePrimaryProperty attempt 1 failed: Insufficient supply
[HTTP ERROR] purchasePrimaryProperty attempt 1 failed: Insufficient supply
[HTTP ERROR] purchasePrimaryProperty attempt 1 failed: Insufficient supply
[HTTP ERROR] purchasePrimaryProperty attempt 1 failed: Insufficient cash
[HTTP ERROR] purchasePrimaryProperty attempt 1 failed: Insufficient supply
[HTTP] Calling purchasePrimaryProperty...
[HTTP] Calling purchasePrimaryProperty...
[HTTP] Calling purchasePrimaryProperty...
[HTTP] Calling purchasePrimaryProperty...
[HTTP] Calling purchasePrimaryProperty...
[HTTP] Calling purchasePrimaryProperty...
[HTTP] Calling purchasePrimaryProperty...
[HTTP] Calling purchasePrimaryProperty...
[HTTP ERROR] purchasePrimaryProperty attempt 2 failed: Insufficient cash
[HTTP ERROR] purchasePrimaryProperty attempt 2 failed: Insufficient supply
[HTTP ERROR] purchasePrimaryProperty attempt 2 failed: Insufficient supply
[HTTP ERROR] purchasePrimaryProperty attempt 2 failed: Insufficient cash
[HTTP ERROR] purchasePrimaryProperty attempt 2 failed: Insufficient cash
[HTTP] Calling purchasePrimaryProperty...
[HTTP ERROR] purchasePrimaryProperty attempt 2 failed: Insufficient cash
[HTTP ERROR] purchasePrimaryProperty attempt 2 failed: Insufficient supply
[HTTP ERROR] purchasePrimaryProperty attempt 2 failed: Insufficient cash
[HTTP] Calling purchasePrimaryProperty...
[HTTP ERROR] purchasePrimaryProperty attempt 2 failed: Insufficient supply
[HTTP] Calling purchasePrimaryProperty...
[HTTP] Calling purchasePrimaryProperty...
[HTTP] Calling purchasePrimaryProperty...
[HTTP ERROR] purchasePrimaryProperty attempt 2 failed: Insufficient supply
[HTTP] Calling purchasePrimaryProperty...
[HTTP] Calling purchasePrimaryProperty...
[HTTP] Calling purchasePrimaryProperty...
[HTTP] Calling purchasePrimaryProperty...
[HTTP] Calling purchasePrimaryProperty...
[HTTP] Calling purchasePrimaryProperty...
[HTTP ERROR] purchasePrimaryProperty attempt 2 failed: Insufficient cash
[HTTP ERROR] purchasePrimaryProperty attempt 2 failed: Insufficient supply
[HTTP ERROR] purchasePrimaryProperty attempt 2 failed: Insufficient cash
[HTTP] Calling purchasePrimaryProperty...
[HTTP] Calling purchasePrimaryProperty...
[HTTP] Calling purchasePrimaryProperty...
[HTTP ERROR] purchasePrimaryProperty attempt 2 failed: Insufficient supply
[HTTP ERROR] purchasePrimaryProperty attempt 2 failed: Insufficient cash
[HTTP ERROR] purchasePrimaryProperty attempt 2 failed: Insufficient cash
[HTTP ERROR] purchasePrimaryProperty attempt 2 failed: Insufficient supply
[HTTP ERROR] purchasePrimaryProperty attempt 2 failed: Insufficient supply
[HTTP ERROR] purchasePrimaryProperty attempt 2 failed: Insufficient cash
[HTTP ERROR] purchasePrimaryProperty attempt 2 failed: Insufficient cash
[HTTP ERROR] purchasePrimaryProperty attempt 2 failed: Insufficient supply
[HTTP ERROR] purchasePrimaryProperty attempt 2 failed: Insufficient supply
[HTTP] Calling purchasePrimaryProperty...
[HTTP] Calling purchasePrimaryProperty...
[HTTP] Calling purchasePrimaryProperty...
[HTTP] Calling purchasePrimaryProperty...
[HTTP] Calling purchasePrimaryProperty...
[HTTP] Calling purchasePrimaryProperty...
[HTTP] Calling purchasePrimaryProperty...
[HTTP] Calling purchasePrimaryProperty...
[HTTP ERROR] purchasePrimaryProperty attempt 3 failed: Insufficient cash
Action Error: Insufficient cash
[HTTP ERROR] purchasePrimaryProperty attempt 3 failed: Insufficient supply
Action Error: Insufficient supply
[HTTP ERROR] purchasePrimaryProperty attempt 3 failed: Insufficient supply
Action Error: Insufficient supply
[HTTP ERROR] purchasePrimaryProperty attempt 3 failed: Insufficient cash
Action Error: Insufficient cash
[HTTP] Calling purchasePrimaryProperty...
[HTTP ERROR] purchasePrimaryProperty attempt 3 failed: Insufficient cash
Action Error: Insufficient cash
[HTTP ERROR] purchasePrimaryProperty attempt 3 failed: Insufficient cash
Action Error: Insufficient cash
[HTTP ERROR] purchasePrimaryProperty attempt 3 failed: Insufficient supply
Action Error: Insufficient supply
[HTTP ERROR] purchasePrimaryProperty attempt 3 failed: Insufficient cash
Action Error: Insufficient cash
[HTTP] Calling purchasePrimaryProperty...
[HTTP ERROR] purchasePrimaryProperty attempt 3 failed: Insufficient supply
Action Error: Insufficient supply
[HTTP] Calling purchasePrimaryProperty...
[HTTP] Calling purchasePrimaryProperty...
[HTTP] Calling purchasePrimaryProperty...
[HTTP ERROR] purchasePrimaryProperty attempt 3 failed: Insufficient supply
Action Error: Insufficient supply
[HTTP] Calling purchasePrimaryProperty...
[HTTP] Calling purchasePrimaryProperty...
[HTTP] Calling purchasePrimaryProperty...
[HTTP ERROR] purchasePrimaryProperty attempt 3 failed: Insufficient cash
Action Error: Insufficient cash
[HTTP ERROR] purchasePrimaryProperty attempt 3 failed: Insufficient cash
Action Error: Insufficient cash
[HTTP ERROR] purchasePrimaryProperty attempt 3 failed: Insufficient supply
Action Error: Insufficient supply
[HTTP ERROR] purchasePrimaryProperty attempt 3 failed: Insufficient supply
Action Error: Insufficient supply
[HTTP] Calling purchasePrimaryProperty...
[HTTP] Calling purchasePrimaryProperty...
[HTTP] Calling purchasePrimaryProperty...
[HTTP ERROR] purchasePrimaryProperty attempt 3 failed: Insufficient cash
Action Error: Insufficient cash
[HTTP ERROR] purchasePrimaryProperty attempt 3 failed: Insufficient cash
Action Error: Insufficient cash
[HTTP] Calling purchasePrimaryProperty...
[HTTP] Calling purchasePrimaryProperty...
[HTTP] Calling purchasePrimaryProperty...
[HTTP ERROR] purchasePrimaryProperty attempt 3 failed: Insufficient cash
Action Error: Insufficient cash
[HTTP ERROR] purchasePrimaryProperty attempt 3 failed: Insufficient supply
Action Error: Insufficient supply
[HTTP ERROR] purchasePrimaryProperty attempt 3 failed: Insufficient supply
Action Error: Insufficient supply
[HTTP ERROR] purchasePrimaryProperty attempt 3 failed: Insufficient cash
Action Error: Insufficient cash
[HTTP ERROR] purchasePrimaryProperty attempt 3 failed: Insufficient supply
Action Error: Insufficient supply
[HTTP ERROR] purchasePrimaryProperty attempt 3 failed: Insufficient supply
Action Error: Insufficient supply
[HTTP] Calling createEconomicBatch...
[HTTP] Calling dispatchBatchChunks...
[+] Passed Period 90/360
[+] Executing P91...
[HTTP] Calling createEconomicBatch...
[HTTP] Calling dispatchBatchChunks...
[+] Executing P92...
[HTTP] Calling createEconomicBatch...
[HTTP] Calling dispatchBatchChunks...
[+] Executing P93...
[HTTP] Calling createEconomicBatch...
[HTTP] Calling dispatchBatchChunks...
[+] Executing P94...
[HTTP] Calling createEconomicBatch...
[HTTP] Calling dispatchBatchChunks...
[+] Executing P95...
[HTTP] Calling createEconomicBatch...
[HTTP] Calling dispatchBatchChunks...
[+] Executing P96...
[HTTP] Calling createEconomicBatch...
[HTTP] Calling dispatchBatchChunks...
[+] Executing P97...
[HTTP] Calling createEconomicBatch...
[HTTP] Calling dispatchBatchChunks...
[+] Executing P98...
[HTTP] Calling createEconomicBatch...
[HTTP] Calling dispatchBatchChunks...
[+] Executing P99...
[HTTP] Calling createEconomicBatch...
[HTTP] Calling dispatchBatchChunks...
[+] Executing P100...
[+] P100: Generating AI Actions...
[HTTP] Calling purchasePrimaryProperty...
[HTTP] Calling purchasePrimaryProperty...
[HTTP] Calling purchasePrimaryProperty...
[HTTP] Calling purchasePrimaryProperty...
[HTTP] Calling purchasePrimaryProperty...
[HTTP] Calling purchasePrimaryProperty...
[HTTP] Calling purchasePrimaryProperty...
[HTTP] Calling purchasePrimaryProperty...
[HTTP] Calling purchasePrimaryProperty...
[HTTP] Calling purchasePrimaryProperty...
[HTTP] Calling purchasePrimaryProperty...
[HTTP] Calling purchasePrimaryProperty...
[HTTP] Calling purchasePrimaryProperty...
[HTTP] Calling purchasePrimaryProperty...
[HTTP] Calling purchasePrimaryProperty...
[HTTP] Calling purchasePrimaryProperty...
[HTTP] Calling purchasePrimaryProperty...
[HTTP] Calling purchasePrimaryProperty...
[HTTP] Calling purchasePrimaryProperty...
[HTTP] Calling purchasePrimaryProperty...
[HTTP] Calling purchasePrimaryProperty...
[HTTP] Calling purchasePrimaryProperty...
[HTTP] Calling purchasePrimaryProperty...
[HTTP] Calling purchasePrimaryProperty...
[HTTP] Calling purchasePrimaryProperty...
[HTTP] Calling purchasePrimaryProperty...
[HTTP] Calling purchasePrimaryProperty...
[HTTP] Calling purchasePrimaryProperty...
[HTTP] Calling purchasePrimaryProperty...
[HTTP] Calling purchasePrimaryProperty...
[HTTP ERROR] purchasePrimaryProperty attempt 1 failed: Insufficient cash
[HTTP ERROR] purchasePrimaryProperty attempt 1 failed: Insufficient cash
[HTTP ERROR] purchasePrimaryProperty attempt 1 failed: Insufficient cash
[HTTP ERROR] purchasePrimaryProperty attempt 1 failed: Insufficient cash
[HTTP ERROR] purchasePrimaryProperty attempt 1 failed: Insufficient cash
[HTTP ERROR] purchasePrimaryProperty attempt 1 failed: Insufficient cash
[HTTP ERROR] purchasePrimaryProperty attempt 1 failed: Insufficient supply
[HTTP ERROR] purchasePrimaryProperty attempt 1 failed: Insufficient cash
[HTTP ERROR] purchasePrimaryProperty attempt 1 failed: Insufficient cash
[HTTP ERROR] purchasePrimaryProperty attempt 1 failed: Insufficient supply
[HTTP ERROR] purchasePrimaryProperty attempt 1 failed: Insufficient cash
[HTTP ERROR] purchasePrimaryProperty attempt 1 failed: Insufficient supply
[HTTP ERROR] purchasePrimaryProperty attempt 1 failed: Insufficient supply
[HTTP ERROR] purchasePrimaryProperty attempt 1 failed: Insufficient cash
[HTTP ERROR] purchasePrimaryProperty attempt 1 failed: Insufficient cash
[HTTP ERROR] purchasePrimaryProperty attempt 1 failed: Insufficient cash
[HTTP ERROR] purchasePrimaryProperty attempt 1 failed: Insufficient cash
[HTTP ERROR] purchasePrimaryProperty attempt 1 failed: Insufficient cash
[HTTP ERROR] purchasePrimaryProperty attempt 1 failed: Insufficient supply
[HTTP ERROR] purchasePrimaryProperty attempt 1 failed: Insufficient cash
[HTTP ERROR] purchasePrimaryProperty attempt 1 failed: Insufficient supply
[HTTP ERROR] purchasePrimaryProperty attempt 1 failed: Insufficient cash
[HTTP ERROR] purchasePrimaryProperty attempt 1 failed: Insufficient supply
[HTTP ERROR] purchasePrimaryProperty attempt 1 failed: Insufficient cash
[HTTP ERROR] purchasePrimaryProperty attempt 1 failed: Insufficient cash
[HTTP ERROR] purchasePrimaryProperty attempt 1 failed: Insufficient supply
[HTTP ERROR] purchasePrimaryProperty attempt 1 failed: Insufficient cash
[HTTP ERROR] purchasePrimaryProperty attempt 1 failed: Insufficient supply
[HTTP] Calling purchasePrimaryProperty...
[HTTP] Calling purchasePrimaryProperty...
[HTTP] Calling purchasePrimaryProperty...
[HTTP] Calling purchasePrimaryProperty...
[HTTP] Calling purchasePrimaryProperty...
[HTTP] Calling purchasePrimaryProperty...
[HTTP] Calling purchasePrimaryProperty...
[HTTP] Calling purchasePrimaryProperty...
[HTTP] Calling purchasePrimaryProperty...
[HTTP] Calling purchasePrimaryProperty...
[HTTP] Calling purchasePrimaryProperty...
[HTTP] Calling purchasePrimaryProperty...
[HTTP] Calling purchasePrimaryProperty...
[HTTP ERROR] purchasePrimaryProperty attempt 2 failed: Insufficient cash
[HTTP ERROR] purchasePrimaryProperty attempt 2 failed: Insufficient cash
[HTTP ERROR] purchasePrimaryProperty attempt 2 failed: Insufficient cash
[HTTP] Calling purchasePrimaryProperty...
[HTTP] Calling purchasePrimaryProperty...
[HTTP ERROR] purchasePrimaryProperty attempt 2 failed: Insufficient cash
[HTTP ERROR] purchasePrimaryProperty attempt 2 failed: Insufficient cash
[HTTP ERROR] purchasePrimaryProperty attempt 2 failed: Insufficient cash
[HTTP] Calling purchasePrimaryProperty...
[HTTP ERROR] purchasePrimaryProperty attempt 2 failed: Insufficient supply
[HTTP ERROR] purchasePrimaryProperty attempt 2 failed: Insufficient supply
[HTTP ERROR] purchasePrimaryProperty attempt 2 failed: Insufficient cash
[HTTP ERROR] purchasePrimaryProperty attempt 2 failed: Insufficient cash
[HTTP] Calling purchasePrimaryProperty...
[HTTP ERROR] purchasePrimaryProperty attempt 2 failed: Insufficient cash
[HTTP] Calling purchasePrimaryProperty...
[HTTP ERROR] purchasePrimaryProperty attempt 2 failed: Insufficient supply
[HTTP ERROR] purchasePrimaryProperty attempt 2 failed: Insufficient supply
[HTTP ERROR] purchasePrimaryProperty attempt 2 failed: Insufficient cash
[HTTP ERROR] purchasePrimaryProperty attempt 2 failed: Insufficient cash
[HTTP] Calling purchasePrimaryProperty...
[HTTP] Calling purchasePrimaryProperty...
[HTTP] Calling purchasePrimaryProperty...
[HTTP] Calling purchasePrimaryProperty...
[HTTP] Calling purchasePrimaryProperty...
[HTTP] Calling purchasePrimaryProperty...
[HTTP ERROR] purchasePrimaryProperty attempt 2 failed: Insufficient cash
[HTTP ERROR] purchasePrimaryProperty attempt 2 failed: Insufficient cash
[HTTP ERROR] purchasePrimaryProperty attempt 2 failed: Insufficient cash
[HTTP] Calling purchasePrimaryProperty...
[HTTP] Calling purchasePrimaryProperty...
[HTTP] Calling purchasePrimaryProperty...
[HTTP] Calling purchasePrimaryProperty...
[HTTP ERROR] purchasePrimaryProperty attempt 2 failed: Insufficient cash
[HTTP ERROR] purchasePrimaryProperty attempt 2 failed: Insufficient supply
[HTTP ERROR] purchasePrimaryProperty attempt 2 failed: Insufficient supply
[HTTP ERROR] purchasePrimaryProperty attempt 2 failed: Insufficient cash
[HTTP ERROR] purchasePrimaryProperty attempt 2 failed: Insufficient cash
[HTTP ERROR] purchasePrimaryProperty attempt 2 failed: Insufficient supply
[HTTP ERROR] purchasePrimaryProperty attempt 2 failed: Insufficient cash
[HTTP ERROR] purchasePrimaryProperty attempt 2 failed: Insufficient supply
[HTTP ERROR] purchasePrimaryProperty attempt 2 failed: Insufficient cash
[HTTP ERROR] purchasePrimaryProperty attempt 2 failed: Insufficient supply
[HTTP] Calling purchasePrimaryProperty...
[HTTP] Calling purchasePrimaryProperty...
[HTTP] Calling purchasePrimaryProperty...
[HTTP] Calling purchasePrimaryProperty...
[HTTP] Calling purchasePrimaryProperty...
[HTTP] Calling purchasePrimaryProperty...
[HTTP] Calling purchasePrimaryProperty...
[HTTP] Calling purchasePrimaryProperty...
[HTTP] Calling purchasePrimaryProperty...
[HTTP] Calling purchasePrimaryProperty...
[HTTP] Calling purchasePrimaryProperty...
[HTTP] Calling purchasePrimaryProperty...
[HTTP] Calling purchasePrimaryProperty...
[HTTP] Calling purchasePrimaryProperty...
[HTTP] Calling purchasePrimaryProperty...
[HTTP] Calling purchasePrimaryProperty...
[HTTP] Calling purchasePrimaryProperty...
[HTTP] Calling purchasePrimaryProperty...
[HTTP ERROR] purchasePrimaryProperty attempt 3 failed: Insufficient cash
Action Error: Insufficient cash
[HTTP ERROR] purchasePrimaryProperty attempt 3 failed: Insufficient cash
Action Error: Insufficient cash
[HTTP ERROR] purchasePrimaryProperty attempt 3 failed: Insufficient cash
Action Error: Insufficient cash
[HTTP ERROR] purchasePrimaryProperty attempt 3 failed: Insufficient cash
Action Error: Insufficient cash
[HTTP ERROR] purchasePrimaryProperty attempt 3 failed: Insufficient cash
Action Error: Insufficient cash
[HTTP] Calling purchasePrimaryProperty...
[HTTP ERROR] purchasePrimaryProperty attempt 3 failed: Insufficient cash
Action Error: Insufficient cash
[HTTP] Calling purchasePrimaryProperty...
[HTTP] Calling purchasePrimaryProperty...
[HTTP] Calling purchasePrimaryProperty...
[HTTP ERROR] purchasePrimaryProperty attempt 3 failed: Insufficient supply
Action Error: Insufficient supply
[HTTP ERROR] purchasePrimaryProperty attempt 3 failed: Insufficient supply
Action Error: Insufficient supply
[HTTP] Calling purchasePrimaryProperty...
[HTTP] Calling purchasePrimaryProperty...
[HTTP ERROR] purchasePrimaryProperty attempt 3 failed: Insufficient cash
Action Error: Insufficient cash
[HTTP ERROR] purchasePrimaryProperty attempt 3 failed: Insufficient cash
Action Error: Insufficient cash
[HTTP] Calling purchasePrimaryProperty...
[HTTP ERROR] purchasePrimaryProperty attempt 3 failed: Insufficient supply
Action Error: Insufficient supply
[HTTP] Calling purchasePrimaryProperty...
[HTTP ERROR] purchasePrimaryProperty attempt 3 failed: Insufficient cash
Action Error: Insufficient cash
[HTTP] Calling purchasePrimaryProperty...
[HTTP] Calling purchasePrimaryProperty...
[HTTP ERROR] purchasePrimaryProperty attempt 3 failed: Insufficient cash
Action Error: Insufficient cash
[HTTP ERROR] purchasePrimaryProperty attempt 3 failed: Insufficient cash
Action Error: Insufficient cash
[HTTP ERROR] purchasePrimaryProperty attempt 3 failed: Insufficient supply
Action Error: Insufficient supply
[HTTP ERROR] purchasePrimaryProperty attempt 3 failed: Insufficient cash
Action Error: Insufficient cash
[HTTP ERROR] purchasePrimaryProperty attempt 3 failed: Insufficient cash
Action Error: Insufficient cash
[HTTP ERROR] purchasePrimaryProperty attempt 3 failed: Insufficient cash
Action Error: Insufficient cash
[HTTP ERROR] purchasePrimaryProperty attempt 3 failed: Insufficient supply
Action Error: Insufficient supply
[HTTP ERROR] purchasePrimaryProperty attempt 3 failed: Insufficient cash
Action Error: Insufficient cash
[HTTP ERROR] purchasePrimaryProperty attempt 3 failed: Insufficient supply
Action Error: Insufficient supply
[HTTP ERROR] purchasePrimaryProperty attempt 3 failed: Insufficient cash
Action Error: Insufficient cash
[HTTP ERROR] purchasePrimaryProperty attempt 3 failed: Insufficient cash
Action Error: Insufficient cash
[HTTP ERROR] purchasePrimaryProperty attempt 3 failed: Insufficient supply
Action Error: Insufficient supply
[HTTP ERROR] purchasePrimaryProperty attempt 3 failed: Insufficient cash
Action Error: Insufficient cash
[HTTP ERROR] purchasePrimaryProperty attempt 3 failed: Insufficient cash
Action Error: Insufficient cash
[HTTP ERROR] purchasePrimaryProperty attempt 3 failed: Insufficient supply
Action Error: Insufficient supply
[HTTP ERROR] purchasePrimaryProperty attempt 3 failed: Insufficient supply
Action Error: Insufficient supply
[HTTP] Calling createEconomicBatch...
[HTTP] Calling dispatchBatchChunks...
[+] Executing P101...
[HTTP] Calling createEconomicBatch...
[HTTP] Calling dispatchBatchChunks...
[+] Executing P102...
[HTTP] Calling createEconomicBatch...
[HTTP] Calling dispatchBatchChunks...
[+] Executing P103...
[HTTP] Calling createEconomicBatch...
[HTTP] Calling dispatchBatchChunks...
[+] Executing P104...
[HTTP] Calling createEconomicBatch...
[HTTP] Calling dispatchBatchChunks...
[+] Executing P105...
[HTTP] Calling createEconomicBatch...
[HTTP] Calling dispatchBatchChunks...
[+] Executing P106...
[HTTP] Calling createEconomicBatch...
[HTTP] Calling dispatchBatchChunks...
[+] Executing P107...
[HTTP] Calling createEconomicBatch...
[HTTP] Calling dispatchBatchChunks...
[+] Executing P108...
[HTTP] Calling createEconomicBatch...
[HTTP] Calling dispatchBatchChunks...
[+] Executing P109...
[HTTP] Calling createEconomicBatch...
[HTTP] Calling dispatchBatchChunks...
[+] Executing P110...
[+] P110: Generating AI Actions...
[HTTP] Calling purchasePrimaryProperty...
[HTTP] Calling purchasePrimaryProperty...
[HTTP] Calling purchasePrimaryProperty...
[HTTP] Calling purchasePrimaryProperty...
[HTTP] Calling purchasePrimaryProperty...
[HTTP] Calling purchasePrimaryProperty...
[HTTP] Calling purchasePrimaryProperty...
[HTTP] Calling purchasePrimaryProperty...
[HTTP] Calling purchasePrimaryProperty...
[HTTP] Calling purchasePrimaryProperty...
[HTTP] Calling purchasePrimaryProperty...
[HTTP] Calling purchasePrimaryProperty...
[HTTP] Calling purchasePrimaryProperty...
[HTTP] Calling purchasePrimaryProperty...
[HTTP] Calling purchasePrimaryProperty...
[HTTP] Calling purchasePrimaryProperty...
[HTTP] Calling purchasePrimaryProperty...
[HTTP] Calling purchasePrimaryProperty...
[HTTP] Calling purchasePrimaryProperty...
[HTTP] Calling purchasePrimaryProperty...
[HTTP] Calling purchasePrimaryProperty...
[HTTP] Calling purchasePrimaryProperty...
[HTTP] Calling purchasePrimaryProperty...
[HTTP] Calling purchasePrimaryProperty...
[HTTP] Calling purchasePrimaryProperty...
[HTTP] Calling purchasePrimaryProperty...
[HTTP] Calling purchasePrimaryProperty...
[HTTP] Calling purchasePrimaryProperty...
[HTTP] Calling purchasePrimaryProperty...
[HTTP] Calling purchasePrimaryProperty...
[HTTP ERROR] purchasePrimaryProperty attempt 1 failed: Insufficient supply
[HTTP ERROR] purchasePrimaryProperty attempt 1 failed: Insufficient cash
[HTTP ERROR] purchasePrimaryProperty attempt 1 failed: Insufficient cash
[HTTP ERROR] purchasePrimaryProperty attempt 1 failed: Insufficient supply
[HTTP ERROR] purchasePrimaryProperty attempt 1 failed: Insufficient supply
[HTTP ERROR] purchasePrimaryProperty attempt 1 failed: Insufficient supply
[HTTP ERROR] purchasePrimaryProperty attempt 1 failed: Insufficient supply
[HTTP ERROR] purchasePrimaryProperty attempt 1 failed: Insufficient cash
[HTTP ERROR] purchasePrimaryProperty attempt 1 failed: Insufficient cash
[HTTP ERROR] purchasePrimaryProperty attempt 1 failed: Insufficient supply
[HTTP ERROR] purchasePrimaryProperty attempt 1 failed: Insufficient cash
[HTTP ERROR] purchasePrimaryProperty attempt 1 failed: Insufficient cash
[HTTP ERROR] purchasePrimaryProperty attempt 1 failed: Insufficient cash
[HTTP ERROR] purchasePrimaryProperty attempt 1 failed: Insufficient supply
[HTTP ERROR] purchasePrimaryProperty attempt 1 failed: Insufficient cash
[HTTP ERROR] purchasePrimaryProperty attempt 1 failed: Insufficient supply
[HTTP ERROR] purchasePrimaryProperty attempt 1 failed: Insufficient cash
[HTTP ERROR] purchasePrimaryProperty attempt 1 failed: Insufficient supply
[HTTP ERROR] purchasePrimaryProperty attempt 1 failed: Insufficient supply
[HTTP ERROR] purchasePrimaryProperty attempt 1 failed: Insufficient supply
[HTTP ERROR] purchasePrimaryProperty attempt 1 failed: Insufficient cash
[HTTP ERROR] purchasePrimaryProperty attempt 1 failed: Insufficient supply
[HTTP ERROR] purchasePrimaryProperty attempt 1 failed: Insufficient supply
[HTTP ERROR] purchasePrimaryProperty attempt 1 failed: Insufficient supply
[HTTP ERROR] purchasePrimaryProperty attempt 1 failed: Insufficient supply
[HTTP ERROR] purchasePrimaryProperty attempt 1 failed: Insufficient supply
[HTTP ERROR] purchasePrimaryProperty attempt 1 failed: Insufficient cash
[HTTP] Calling purchasePrimaryProperty...
[HTTP] Calling purchasePrimaryProperty...
[HTTP] Calling purchasePrimaryProperty...
[HTTP] Calling purchasePrimaryProperty...
[HTTP] Calling purchasePrimaryProperty...
[HTTP] Calling purchasePrimaryProperty...
[HTTP] Calling purchasePrimaryProperty...
[HTTP] Calling purchasePrimaryProperty...
[HTTP] Calling purchasePrimaryProperty...
[HTTP] Calling purchasePrimaryProperty...
[HTTP] Calling purchasePrimaryProperty...
[HTTP ERROR] purchasePrimaryProperty attempt 2 failed: Insufficient cash
[HTTP ERROR] purchasePrimaryProperty attempt 2 failed: Insufficient cash
[HTTP ERROR] purchasePrimaryProperty attempt 2 failed: Insufficient supply
[HTTP ERROR] purchasePrimaryProperty attempt 2 failed: Insufficient supply
[HTTP ERROR] purchasePrimaryProperty attempt 2 failed: Insufficient supply
[HTTP ERROR] purchasePrimaryProperty attempt 2 failed: Insufficient supply
[HTTP ERROR] purchasePrimaryProperty attempt 2 failed: Insufficient supply
[HTTP] Calling purchasePrimaryProperty...
[HTTP] Calling purchasePrimaryProperty...
[HTTP ERROR] purchasePrimaryProperty attempt 2 failed: Insufficient cash
[HTTP ERROR] purchasePrimaryProperty attempt 2 failed: Insufficient cash
[HTTP ERROR] purchasePrimaryProperty attempt 2 failed: Insufficient supply
[HTTP ERROR] purchasePrimaryProperty attempt 2 failed: Insufficient cash
[HTTP] Calling purchasePrimaryProperty...
[HTTP] Calling purchasePrimaryProperty...
[HTTP ERROR] purchasePrimaryProperty attempt 2 failed: Insufficient cash
[HTTP ERROR] purchasePrimaryProperty attempt 2 failed: Insufficient cash
[HTTP] Calling purchasePrimaryProperty...
[HTTP] Calling purchasePrimaryProperty...
[HTTP] Calling purchasePrimaryProperty...
[HTTP ERROR] purchasePrimaryProperty attempt 2 failed: Insufficient supply
[HTTP] Calling purchasePrimaryProperty...
[HTTP ERROR] purchasePrimaryProperty attempt 2 failed: Insufficient cash
[HTTP] Calling purchasePrimaryProperty...
[HTTP] Calling purchasePrimaryProperty...
[HTTP] Calling purchasePrimaryProperty...
[HTTP] Calling purchasePrimaryProperty...
[HTTP] Calling purchasePrimaryProperty...
[HTTP] Calling purchasePrimaryProperty...
[HTTP] Calling purchasePrimaryProperty...
[HTTP] Calling purchasePrimaryProperty...
[HTTP ERROR] purchasePrimaryProperty attempt 2 failed: Insufficient supply
[HTTP ERROR] purchasePrimaryProperty attempt 2 failed: Insufficient supply
[HTTP ERROR] purchasePrimaryProperty attempt 2 failed: Insufficient cash
[HTTP ERROR] purchasePrimaryProperty attempt 2 failed: Insufficient supply
[HTTP ERROR] purchasePrimaryProperty attempt 2 failed: Insufficient supply
[HTTP ERROR] purchasePrimaryProperty attempt 2 failed: Insufficient cash
[HTTP ERROR] purchasePrimaryProperty attempt 2 failed: Insufficient supply
[HTTP ERROR] purchasePrimaryProperty attempt 2 failed: Insufficient supply
[HTTP ERROR] purchasePrimaryProperty attempt 2 failed: Insufficient cash
[HTTP ERROR] purchasePrimaryProperty attempt 2 failed: Insufficient supply
[HTTP ERROR] purchasePrimaryProperty attempt 2 failed: Insufficient supply
[HTTP ERROR] purchasePrimaryProperty attempt 2 failed: Insufficient supply
[HTTP] Calling purchasePrimaryProperty...
[HTTP] Calling purchasePrimaryProperty...
[HTTP] Calling purchasePrimaryProperty...
[HTTP] Calling purchasePrimaryProperty...
[HTTP] Calling purchasePrimaryProperty...
[HTTP] Calling purchasePrimaryProperty...
[HTTP] Calling purchasePrimaryProperty...
[HTTP] Calling purchasePrimaryProperty...
[HTTP] Calling purchasePrimaryProperty...
[HTTP] Calling purchasePrimaryProperty...
[HTTP] Calling purchasePrimaryProperty...
[HTTP] Calling purchasePrimaryProperty...
[HTTP] Calling purchasePrimaryProperty...
[HTTP ERROR] purchasePrimaryProperty attempt 3 failed: Insufficient cash
Action Error: Insufficient cash
[HTTP ERROR] purchasePrimaryProperty attempt 3 failed: Insufficient supply
Action Error: Insufficient supply
[HTTP ERROR] purchasePrimaryProperty attempt 3 failed: Insufficient cash
Action Error: Insufficient cash
[HTTP ERROR] purchasePrimaryProperty attempt 3 failed: Insufficient supply
Action Error: Insufficient supply
[HTTP] Calling purchasePrimaryProperty...
[HTTP] Calling purchasePrimaryProperty...
[HTTP ERROR] purchasePrimaryProperty attempt 3 failed: Insufficient supply
Action Error: Insufficient supply
[HTTP ERROR] purchasePrimaryProperty attempt 3 failed: Insufficient supply
Action Error: Insufficient supply
[HTTP ERROR] purchasePrimaryProperty attempt 3 failed: Insufficient supply
Action Error: Insufficient supply
[HTTP ERROR] purchasePrimaryProperty attempt 3 failed: Insufficient cash
Action Error: Insufficient cash
[HTTP ERROR] purchasePrimaryProperty attempt 3 failed: Insufficient supply
Action Error: Insufficient supply
[HTTP ERROR] purchasePrimaryProperty attempt 3 failed: Insufficient cash
Action Error: Insufficient cash
[HTTP ERROR] purchasePrimaryProperty attempt 3 failed: Insufficient cash
Action Error: Insufficient cash
[HTTP ERROR] purchasePrimaryProperty attempt 3 failed: Insufficient cash
Action Error: Insufficient cash
[HTTP] Calling purchasePrimaryProperty...
[HTTP] Calling purchasePrimaryProperty...
[HTTP ERROR] purchasePrimaryProperty attempt 3 failed: Insufficient cash
Action Error: Insufficient cash
[HTTP ERROR] purchasePrimaryProperty attempt 3 failed: Insufficient supply
Action Error: Insufficient supply
[HTTP] Calling purchasePrimaryProperty...
[HTTP] Calling purchasePrimaryProperty...
[HTTP ERROR] purchasePrimaryProperty attempt 3 failed: Insufficient cash
Action Error: Insufficient cash
[HTTP] Calling purchasePrimaryProperty...
[HTTP] Calling purchasePrimaryProperty...
[HTTP ERROR] purchasePrimaryProperty attempt 3 failed: Insufficient supply
Action Error: Insufficient supply
[HTTP] Calling purchasePrimaryProperty...
[HTTP] Calling purchasePrimaryProperty...
[HTTP] Calling purchasePrimaryProperty...
[HTTP] Calling purchasePrimaryProperty...
[HTTP] Calling purchasePrimaryProperty...
[HTTP ERROR] purchasePrimaryProperty attempt 3 failed: Insufficient cash
Action Error: Insufficient cash
[HTTP ERROR] purchasePrimaryProperty attempt 3 failed: Insufficient supply
Action Error: Insufficient supply
[HTTP] Calling purchasePrimaryProperty...
[HTTP ERROR] purchasePrimaryProperty attempt 3 failed: Insufficient supply
Action Error: Insufficient supply
[HTTP ERROR] purchasePrimaryProperty attempt 3 failed: Insufficient cash
Action Error: Insufficient cash
[HTTP ERROR] purchasePrimaryProperty attempt 3 failed: Insufficient supply
Action Error: Insufficient supply
[HTTP ERROR] purchasePrimaryProperty attempt 3 failed: Insufficient supply
Action Error: Insufficient supply
[HTTP ERROR] purchasePrimaryProperty attempt 3 failed: Insufficient supply
Action Error: Insufficient supply
[HTTP ERROR] purchasePrimaryProperty attempt 3 failed: Insufficient cash
Action Error: Insufficient cash
[HTTP ERROR] purchasePrimaryProperty attempt 3 failed: Insufficient supply
Action Error: Insufficient supply
[HTTP ERROR] purchasePrimaryProperty attempt 3 failed: Insufficient supply
Action Error: Insufficient supply
[HTTP ERROR] purchasePrimaryProperty attempt 3 failed: Insufficient supply
Action Error: Insufficient supply
[HTTP] Calling createEconomicBatch...
[HTTP] Calling dispatchBatchChunks...
[+] Executing P111...
[HTTP] Calling createEconomicBatch...
[HTTP] Calling dispatchBatchChunks...
[+] Executing P112...
[HTTP] Calling createEconomicBatch...
[HTTP] Calling dispatchBatchChunks...
[+] Executing P113...
[HTTP] Calling createEconomicBatch...
[HTTP] Calling dispatchBatchChunks...
[+] Executing P114...
[HTTP] Calling createEconomicBatch...
[HTTP] Calling dispatchBatchChunks...
[+] Executing P115...
[HTTP] Calling createEconomicBatch...
[HTTP] Calling dispatchBatchChunks...
[+] Executing P116...
[HTTP] Calling createEconomicBatch...
[HTTP] Calling dispatchBatchChunks...
[+] Executing P117...
[HTTP] Calling createEconomicBatch...
[HTTP] Calling dispatchBatchChunks...
[+] Executing P118...
[HTTP] Calling createEconomicBatch...
[HTTP] Calling dispatchBatchChunks...
[+] Executing P119...
[HTTP] Calling createEconomicBatch...
[HTTP] Calling dispatchBatchChunks...
[+] Executing P120...
[+] P120: Generating AI Actions...
[HTTP] Calling purchasePrimaryProperty...
[HTTP] Calling purchasePrimaryProperty...
[HTTP] Calling purchasePrimaryProperty...
[HTTP] Calling purchasePrimaryProperty...
[HTTP] Calling purchasePrimaryProperty...
[HTTP] Calling purchasePrimaryProperty...
[HTTP] Calling purchasePrimaryProperty...
[HTTP] Calling purchasePrimaryProperty...
[HTTP] Calling purchasePrimaryProperty...
[HTTP] Calling purchasePrimaryProperty...
[HTTP] Calling purchasePrimaryProperty...
[HTTP] Calling purchasePrimaryProperty...
[HTTP] Calling purchasePrimaryProperty...
[HTTP] Calling purchasePrimaryProperty...
[HTTP] Calling purchasePrimaryProperty...
[HTTP] Calling purchasePrimaryProperty...
[HTTP] Calling purchasePrimaryProperty...
[HTTP] Calling purchasePrimaryProperty...
[HTTP] Calling purchasePrimaryProperty...
[HTTP] Calling purchasePrimaryProperty...
[HTTP] Calling purchasePrimaryProperty...
[HTTP] Calling purchasePrimaryProperty...
[HTTP] Calling purchasePrimaryProperty...
[HTTP] Calling purchasePrimaryProperty...
[HTTP] Calling purchasePrimaryProperty...
[HTTP] Calling purchasePrimaryProperty...
[HTTP] Calling purchasePrimaryProperty...
[HTTP] Calling purchasePrimaryProperty...
[HTTP] Calling purchasePrimaryProperty...
[HTTP] Calling purchasePrimaryProperty...
[HTTP ERROR] purchasePrimaryProperty attempt 1 failed: Insufficient cash
[HTTP ERROR] purchasePrimaryProperty attempt 1 failed: Insufficient supply
[HTTP ERROR] purchasePrimaryProperty attempt 1 failed: Insufficient cash
[HTTP ERROR] purchasePrimaryProperty attempt 1 failed: Insufficient cash
[HTTP ERROR] purchasePrimaryProperty attempt 1 failed: Insufficient supply
[HTTP ERROR] purchasePrimaryProperty attempt 1 failed: Insufficient cash
[HTTP ERROR] purchasePrimaryProperty attempt 1 failed: Insufficient cash
[HTTP ERROR] purchasePrimaryProperty attempt 1 failed: Insufficient cash
[HTTP ERROR] purchasePrimaryProperty attempt 1 failed: Insufficient cash
[HTTP ERROR] purchasePrimaryProperty attempt 1 failed: Insufficient cash
[HTTP ERROR] purchasePrimaryProperty attempt 1 failed: Insufficient supply
[HTTP ERROR] purchasePrimaryProperty attempt 1 failed: Insufficient supply
[HTTP ERROR] purchasePrimaryProperty attempt 1 failed: Insufficient cash
[HTTP ERROR] purchasePrimaryProperty attempt 1 failed: Insufficient supply
[HTTP ERROR] purchasePrimaryProperty attempt 1 failed: Insufficient supply
[HTTP ERROR] purchasePrimaryProperty attempt 1 failed: Insufficient supply
[HTTP ERROR] purchasePrimaryProperty attempt 1 failed: Insufficient supply
[HTTP ERROR] purchasePrimaryProperty attempt 1 failed: Insufficient cash
[HTTP ERROR] purchasePrimaryProperty attempt 1 failed: Insufficient cash
[HTTP ERROR] purchasePrimaryProperty attempt 1 failed: Insufficient cash
[HTTP ERROR] purchasePrimaryProperty attempt 1 failed: Insufficient cash
[HTTP ERROR] purchasePrimaryProperty attempt 1 failed: Insufficient cash
[HTTP ERROR] purchasePrimaryProperty attempt 1 failed: Insufficient supply
[HTTP ERROR] purchasePrimaryProperty attempt 1 failed: Insufficient cash
[HTTP ERROR] purchasePrimaryProperty attempt 1 failed: Insufficient cash
[HTTP ERROR] purchasePrimaryProperty attempt 1 failed: Insufficient supply
[HTTP ERROR] purchasePrimaryProperty attempt 1 failed: Insufficient supply
[HTTP ERROR] purchasePrimaryProperty attempt 1 failed: Insufficient cash
[HTTP] Calling purchasePrimaryProperty...
[HTTP] Calling purchasePrimaryProperty...
[HTTP] Calling purchasePrimaryProperty...
[HTTP] Calling purchasePrimaryProperty...
[HTTP] Calling purchasePrimaryProperty...
[HTTP] Calling purchasePrimaryProperty...
[HTTP] Calling purchasePrimaryProperty...
[HTTP] Calling purchasePrimaryProperty...
[HTTP] Calling purchasePrimaryProperty...
[HTTP] Calling purchasePrimaryProperty...
[HTTP ERROR] purchasePrimaryProperty attempt 2 failed: Insufficient cash
[HTTP ERROR] purchasePrimaryProperty attempt 2 failed: Insufficient cash
[HTTP] Calling purchasePrimaryProperty...
[HTTP ERROR] purchasePrimaryProperty attempt 2 failed: Insufficient supply
[HTTP ERROR] purchasePrimaryProperty attempt 2 failed: Insufficient cash
[HTTP ERROR] purchasePrimaryProperty attempt 2 failed: Insufficient supply
[HTTP ERROR] purchasePrimaryProperty attempt 2 failed: Insufficient supply
[HTTP] Calling purchasePrimaryProperty...
[HTTP] Calling purchasePrimaryProperty...
[HTTP] Calling purchasePrimaryProperty...
[HTTP ERROR] purchasePrimaryProperty attempt 2 failed: Insufficient cash
[HTTP] Calling purchasePrimaryProperty...
[HTTP ERROR] purchasePrimaryProperty attempt 2 failed: Insufficient cash
[HTTP] Calling purchasePrimaryProperty...
[HTTP ERROR] purchasePrimaryProperty attempt 2 failed: Insufficient cash
[HTTP ERROR] purchasePrimaryProperty attempt 2 failed: Insufficient cash
[HTTP] Calling purchasePrimaryProperty...
[HTTP] Calling purchasePrimaryProperty...
[HTTP ERROR] purchasePrimaryProperty attempt 2 failed: Insufficient supply
[HTTP ERROR] purchasePrimaryProperty attempt 2 failed: Insufficient cash
[HTTP ERROR] purchasePrimaryProperty attempt 2 failed: Insufficient supply
[HTTP] Calling purchasePrimaryProperty...
[HTTP ERROR] purchasePrimaryProperty attempt 2 failed: Insufficient supply
[HTTP ERROR] purchasePrimaryProperty attempt 2 failed: Insufficient supply
[HTTP ERROR] purchasePrimaryProperty attempt 2 failed: Insufficient supply
[HTTP ERROR] purchasePrimaryProperty attempt 2 failed: Insufficient supply
[HTTP] Calling purchasePrimaryProperty...
[HTTP] Calling purchasePrimaryProperty...
[HTTP] Calling purchasePrimaryProperty...
[HTTP ERROR] purchasePrimaryProperty attempt 2 failed: Insufficient cash
[HTTP] Calling purchasePrimaryProperty...
[HTTP] Calling purchasePrimaryProperty...
[HTTP] Calling purchasePrimaryProperty...
[HTTP] Calling purchasePrimaryProperty...
[HTTP] Calling purchasePrimaryProperty...
[HTTP] Calling purchasePrimaryProperty...
[HTTP ERROR] purchasePrimaryProperty attempt 2 failed: Insufficient cash
[HTTP ERROR] purchasePrimaryProperty attempt 2 failed: Insufficient cash
[HTTP ERROR] purchasePrimaryProperty attempt 2 failed: Insufficient cash
[HTTP ERROR] purchasePrimaryProperty attempt 2 failed: Insufficient cash
[HTTP ERROR] purchasePrimaryProperty attempt 2 failed: Insufficient supply
[HTTP ERROR] purchasePrimaryProperty attempt 2 failed: Insufficient cash
[HTTP ERROR] purchasePrimaryProperty attempt 2 failed: Insufficient supply
[HTTP ERROR] purchasePrimaryProperty attempt 2 failed: Insufficient cash
[HTTP ERROR] purchasePrimaryProperty attempt 2 failed: Insufficient cash
[HTTP ERROR] purchasePrimaryProperty attempt 2 failed: Insufficient supply
[HTTP] Calling purchasePrimaryProperty...
[HTTP] Calling purchasePrimaryProperty...
[HTTP] Calling purchasePrimaryProperty...
[HTTP] Calling purchasePrimaryProperty...
[HTTP] Calling purchasePrimaryProperty...
[HTTP] Calling purchasePrimaryProperty...
[HTTP] Calling purchasePrimaryProperty...
[HTTP] Calling purchasePrimaryProperty...
[HTTP] Calling purchasePrimaryProperty...
[HTTP] Calling purchasePrimaryProperty...
[HTTP ERROR] purchasePrimaryProperty attempt 3 failed: Insufficient cash
Action Error: Insufficient cash
[HTTP] Calling purchasePrimaryProperty...
[HTTP ERROR] purchasePrimaryProperty attempt 3 failed: Insufficient cash
Action Error: Insufficient cash
[HTTP] Calling purchasePrimaryProperty...
[HTTP] Calling purchasePrimaryProperty...
[HTTP] Calling purchasePrimaryProperty...
[HTTP] Calling purchasePrimaryProperty...
[HTTP] Calling purchasePrimaryProperty...
[HTTP ERROR] purchasePrimaryProperty attempt 3 failed: Insufficient supply
Action Error: Insufficient supply
[HTTP ERROR] purchasePrimaryProperty attempt 3 failed: Insufficient supply
Action Error: Insufficient supply
[HTTP ERROR] purchasePrimaryProperty attempt 3 failed: Insufficient supply
Action Error: Insufficient supply
[HTTP ERROR] purchasePrimaryProperty attempt 3 failed: Insufficient cash
Action Error: Insufficient cash
[HTTP] Calling purchasePrimaryProperty...
[HTTP] Calling purchasePrimaryProperty...
[HTTP ERROR] purchasePrimaryProperty attempt 3 failed: Insufficient cash
Action Error: Insufficient cash
[HTTP ERROR] purchasePrimaryProperty attempt 3 failed: Insufficient cash
Action Error: Insufficient cash
[HTTP ERROR] purchasePrimaryProperty attempt 3 failed: Insufficient supply
Action Error: Insufficient supply
[HTTP ERROR] purchasePrimaryProperty attempt 3 failed: Insufficient cash
Action Error: Insufficient cash
[HTTP] Calling purchasePrimaryProperty...
[HTTP ERROR] purchasePrimaryProperty attempt 3 failed: Insufficient cash
Action Error: Insufficient cash
[HTTP] Calling purchasePrimaryProperty...
[HTTP ERROR] purchasePrimaryProperty attempt 3 failed: Insufficient supply
Action Error: Insufficient supply
[HTTP ERROR] purchasePrimaryProperty attempt 3 failed: Insufficient supply
Action Error: Insufficient supply
[HTTP] Calling purchasePrimaryProperty...
[HTTP ERROR] purchasePrimaryProperty attempt 3 failed: Insufficient supply
Action Error: Insufficient supply
[HTTP ERROR] purchasePrimaryProperty attempt 3 failed: Insufficient cash
Action Error: Insufficient cash
[HTTP ERROR] purchasePrimaryProperty attempt 3 failed: Insufficient supply
Action Error: Insufficient supply
[HTTP] Calling purchasePrimaryProperty...
[HTTP] Calling purchasePrimaryProperty...
[HTTP] Calling purchasePrimaryProperty...
[HTTP ERROR] purchasePrimaryProperty attempt 3 failed: Insufficient supply
Action Error: Insufficient supply
[HTTP ERROR] purchasePrimaryProperty attempt 3 failed: Insufficient cash
Action Error: Insufficient cash
[HTTP] Calling purchasePrimaryProperty...
[HTTP] Calling purchasePrimaryProperty...
[HTTP] Calling purchasePrimaryProperty...
[HTTP] Calling purchasePrimaryProperty...
[HTTP ERROR] purchasePrimaryProperty attempt 3 failed: Insufficient cash
Action Error: Insufficient cash
[HTTP ERROR] purchasePrimaryProperty attempt 3 failed: Insufficient cash
Action Error: Insufficient cash
[HTTP ERROR] purchasePrimaryProperty attempt 3 failed: Insufficient cash
Action Error: Insufficient cash
[HTTP ERROR] purchasePrimaryProperty attempt 3 failed: Insufficient cash
Action Error: Insufficient cash
[HTTP ERROR] purchasePrimaryProperty attempt 3 failed: Insufficient cash
Action Error: Insufficient cash
[HTTP ERROR] purchasePrimaryProperty attempt 3 failed: Insufficient supply
Action Error: Insufficient supply
[HTTP ERROR] purchasePrimaryProperty attempt 3 failed: Insufficient supply
Action Error: Insufficient supply
[HTTP ERROR] purchasePrimaryProperty attempt 3 failed: Insufficient supply
Action Error: Insufficient supply
[HTTP ERROR] purchasePrimaryProperty attempt 3 failed: Insufficient cash
Action Error: Insufficient cash
[HTTP ERROR] purchasePrimaryProperty attempt 3 failed: Insufficient cash
Action Error: Insufficient cash
[HTTP] Calling createEconomicBatch...
[HTTP] Calling dispatchBatchChunks...
[+] Passed Period 120/360
[+] Executing P121...
[HTTP] Calling createEconomicBatch...
[HTTP] Calling dispatchBatchChunks...
[+] Executing P122...
[HTTP] Calling createEconomicBatch...
[HTTP] Calling dispatchBatchChunks...
[+] Executing P123...
[HTTP] Calling createEconomicBatch...
[HTTP] Calling dispatchBatchChunks...
[+] Executing P124...
[HTTP] Calling createEconomicBatch...
[HTTP] Calling dispatchBatchChunks...
[+] Executing P125...
[HTTP] Calling createEconomicBatch...
[HTTP] Calling dispatchBatchChunks...
[+] Executing P126...
[HTTP] Calling createEconomicBatch...
[HTTP] Calling dispatchBatchChunks...
[+] Executing P127...
[HTTP] Calling createEconomicBatch...
[HTTP] Calling dispatchBatchChunks...
[+] Executing P128...
[HTTP] Calling createEconomicBatch...
[HTTP] Calling dispatchBatchChunks...
[+] Executing P129...
[HTTP] Calling createEconomicBatch...
[HTTP] Calling dispatchBatchChunks...
[+] Executing P130...
[+] P130: Generating AI Actions...
[HTTP] Calling purchasePrimaryProperty...
[HTTP] Calling purchasePrimaryProperty...
[HTTP] Calling purchasePrimaryProperty...
[HTTP] Calling purchasePrimaryProperty...
[HTTP] Calling purchasePrimaryProperty...
[HTTP] Calling purchasePrimaryProperty...
[HTTP] Calling purchasePrimaryProperty...
[HTTP] Calling purchasePrimaryProperty...
[HTTP] Calling purchasePrimaryProperty...
[HTTP] Calling purchasePrimaryProperty...
[HTTP] Calling purchasePrimaryProperty...
[HTTP] Calling purchasePrimaryProperty...
[HTTP] Calling purchasePrimaryProperty...
[HTTP] Calling purchasePrimaryProperty...
[HTTP] Calling purchasePrimaryProperty...
[HTTP] Calling purchasePrimaryProperty...
[HTTP] Calling purchasePrimaryProperty...
[HTTP] Calling purchasePrimaryProperty...
[HTTP] Calling purchasePrimaryProperty...
[HTTP] Calling purchasePrimaryProperty...
[HTTP] Calling purchasePrimaryProperty...
[HTTP] Calling purchasePrimaryProperty...
[HTTP] Calling purchasePrimaryProperty...
[HTTP] Calling purchasePrimaryProperty...
[HTTP] Calling purchasePrimaryProperty...
[HTTP] Calling purchasePrimaryProperty...
[HTTP] Calling purchasePrimaryProperty...
[HTTP] Calling purchasePrimaryProperty...
[HTTP] Calling purchasePrimaryProperty...
[HTTP] Calling purchasePrimaryProperty...
[HTTP ERROR] purchasePrimaryProperty attempt 1 failed: Insufficient cash
[HTTP ERROR] purchasePrimaryProperty attempt 1 failed: Insufficient supply
[HTTP ERROR] purchasePrimaryProperty attempt 1 failed: Insufficient supply
[HTTP ERROR] purchasePrimaryProperty attempt 1 failed: Insufficient cash
[HTTP ERROR] purchasePrimaryProperty attempt 1 failed: Insufficient cash
[HTTP ERROR] purchasePrimaryProperty attempt 1 failed: Insufficient cash
[HTTP ERROR] purchasePrimaryProperty attempt 1 failed: Insufficient supply
[HTTP ERROR] purchasePrimaryProperty attempt 1 failed: Insufficient supply
[HTTP ERROR] purchasePrimaryProperty attempt 1 failed: Insufficient cash
[HTTP ERROR] purchasePrimaryProperty attempt 1 failed: Insufficient cash
[HTTP ERROR] purchasePrimaryProperty attempt 1 failed: Insufficient supply
[HTTP ERROR] purchasePrimaryProperty attempt 1 failed: Insufficient cash
[HTTP ERROR] purchasePrimaryProperty attempt 1 failed: Insufficient supply
[HTTP ERROR] purchasePrimaryProperty attempt 1 failed: Insufficient cash
[HTTP ERROR] purchasePrimaryProperty attempt 1 failed: Insufficient supply
[HTTP ERROR] purchasePrimaryProperty attempt 1 failed: Insufficient cash
[HTTP ERROR] purchasePrimaryProperty attempt 1 failed: Insufficient cash
[HTTP ERROR] purchasePrimaryProperty attempt 1 failed: Insufficient cash
[HTTP ERROR] purchasePrimaryProperty attempt 1 failed: Insufficient cash
[HTTP ERROR] purchasePrimaryProperty attempt 1 failed: Insufficient supply
[HTTP ERROR] purchasePrimaryProperty attempt 1 failed: Insufficient cash
[HTTP ERROR] purchasePrimaryProperty attempt 1 failed: Insufficient cash
[HTTP ERROR] purchasePrimaryProperty attempt 1 failed: Insufficient cash
[HTTP ERROR] purchasePrimaryProperty attempt 1 failed: Insufficient cash
[HTTP ERROR] purchasePrimaryProperty attempt 1 failed: Insufficient cash
[HTTP ERROR] purchasePrimaryProperty attempt 1 failed: Insufficient cash
[HTTP ERROR] purchasePrimaryProperty attempt 1 failed: Insufficient supply
[HTTP ERROR] purchasePrimaryProperty attempt 1 failed: Insufficient cash
[HTTP] Calling purchasePrimaryProperty...
[HTTP] Calling purchasePrimaryProperty...
[HTTP] Calling purchasePrimaryProperty...
[HTTP] Calling purchasePrimaryProperty...
[HTTP] Calling purchasePrimaryProperty...
[HTTP] Calling purchasePrimaryProperty...
[HTTP] Calling purchasePrimaryProperty...
[HTTP] Calling purchasePrimaryProperty...
[HTTP] Calling purchasePrimaryProperty...
[HTTP] Calling purchasePrimaryProperty...
[HTTP] Calling purchasePrimaryProperty...
[HTTP ERROR] purchasePrimaryProperty attempt 2 failed: Insufficient cash
[HTTP ERROR] purchasePrimaryProperty attempt 2 failed: Insufficient supply
[HTTP ERROR] purchasePrimaryProperty attempt 2 failed: Insufficient supply
[HTTP ERROR] purchasePrimaryProperty attempt 2 failed: Insufficient cash
[HTTP ERROR] purchasePrimaryProperty attempt 2 failed: Insufficient cash
[HTTP] Calling purchasePrimaryProperty...
[HTTP] Calling purchasePrimaryProperty...
[HTTP] Calling purchasePrimaryProperty...
[HTTP ERROR] purchasePrimaryProperty attempt 2 failed: Insufficient cash
[HTTP ERROR] purchasePrimaryProperty attempt 2 failed: Insufficient cash
[HTTP ERROR] purchasePrimaryProperty attempt 2 failed: Insufficient supply
[HTTP ERROR] purchasePrimaryProperty attempt 2 failed: Insufficient supply
[HTTP ERROR] purchasePrimaryProperty attempt 2 failed: Insufficient cash
[HTTP] Calling purchasePrimaryProperty...
[HTTP] Calling purchasePrimaryProperty...
[HTTP] Calling purchasePrimaryProperty...
[HTTP ERROR] purchasePrimaryProperty attempt 2 failed: Insufficient supply
[HTTP ERROR] purchasePrimaryProperty attempt 2 failed: Insufficient cash
[HTTP ERROR] purchasePrimaryProperty attempt 2 failed: Insufficient cash
[HTTP ERROR] purchasePrimaryProperty attempt 2 failed: Insufficient supply
[HTTP] Calling purchasePrimaryProperty...
[HTTP ERROR] purchasePrimaryProperty attempt 2 failed: Insufficient supply
[HTTP ERROR] purchasePrimaryProperty attempt 2 failed: Insufficient cash
[HTTP] Calling purchasePrimaryProperty...
[HTTP ERROR] purchasePrimaryProperty attempt 2 failed: Insufficient cash
[HTTP] Calling purchasePrimaryProperty...
[HTTP] Calling purchasePrimaryProperty...
[HTTP] Calling purchasePrimaryProperty...
[HTTP] Calling purchasePrimaryProperty...
[HTTP] Calling purchasePrimaryProperty...
[HTTP] Calling purchasePrimaryProperty...
[HTTP] Calling purchasePrimaryProperty...
[HTTP] Calling purchasePrimaryProperty...
[HTTP] Calling purchasePrimaryProperty...
[HTTP ERROR] purchasePrimaryProperty attempt 2 failed: Insufficient cash
[HTTP ERROR] purchasePrimaryProperty attempt 2 failed: Insufficient cash
[HTTP ERROR] purchasePrimaryProperty attempt 2 failed: Insufficient cash
[HTTP ERROR] purchasePrimaryProperty attempt 2 failed: Insufficient supply
[HTTP ERROR] purchasePrimaryProperty attempt 2 failed: Insufficient cash
[HTTP ERROR] purchasePrimaryProperty attempt 2 failed: Insufficient cash
[HTTP ERROR] purchasePrimaryProperty attempt 2 failed: Insufficient cash
[HTTP ERROR] purchasePrimaryProperty attempt 2 failed: Insufficient supply
[HTTP ERROR] purchasePrimaryProperty attempt 2 failed: Insufficient cash
[HTTP ERROR] purchasePrimaryProperty attempt 2 failed: Insufficient cash
[HTTP ERROR] purchasePrimaryProperty attempt 2 failed: Insufficient cash
[HTTP] Calling purchasePrimaryProperty...
[HTTP] Calling purchasePrimaryProperty...
[HTTP] Calling purchasePrimaryProperty...
[HTTP] Calling purchasePrimaryProperty...
[HTTP] Calling purchasePrimaryProperty...
[HTTP] Calling purchasePrimaryProperty...
[HTTP] Calling purchasePrimaryProperty...
[HTTP] Calling purchasePrimaryProperty...
[HTTP] Calling purchasePrimaryProperty...
[HTTP] Calling purchasePrimaryProperty...
[HTTP ERROR] purchasePrimaryProperty attempt 3 failed: Insufficient cash
Action Error: Insufficient cash
[HTTP ERROR] purchasePrimaryProperty attempt 3 failed: Insufficient supply
Action Error: Insufficient supply
[HTTP] Calling purchasePrimaryProperty...
[HTTP ERROR] purchasePrimaryProperty attempt 3 failed: Insufficient cash
Action Error: Insufficient cash
[HTTP ERROR] purchasePrimaryProperty attempt 3 failed: Insufficient supply
Action Error: Insufficient supply
[HTTP] Calling purchasePrimaryProperty...
[HTTP ERROR] purchasePrimaryProperty attempt 3 failed: Insufficient cash
Action Error: Insufficient cash
[HTTP] Calling purchasePrimaryProperty...
[HTTP] Calling purchasePrimaryProperty...
[HTTP] Calling purchasePrimaryProperty...
[HTTP] Calling purchasePrimaryProperty...
[HTTP ERROR] purchasePrimaryProperty attempt 3 failed: Insufficient supply
Action Error: Insufficient supply
[HTTP] Calling purchasePrimaryProperty...
[HTTP ERROR] purchasePrimaryProperty attempt 3 failed: Insufficient cash
Action Error: Insufficient cash
[HTTP ERROR] purchasePrimaryProperty attempt 3 failed: Insufficient cash
Action Error: Insufficient cash
[HTTP ERROR] purchasePrimaryProperty attempt 3 failed: Insufficient cash
Action Error: Insufficient cash
[HTTP ERROR] purchasePrimaryProperty attempt 3 failed: Insufficient supply
Action Error: Insufficient supply
[HTTP ERROR] purchasePrimaryProperty attempt 3 failed: Insufficient cash
Action Error: Insufficient cash
[HTTP ERROR] purchasePrimaryProperty attempt 3 failed: Insufficient supply
Action Error: Insufficient supply
[HTTP] Calling purchasePrimaryProperty...
[HTTP] Calling purchasePrimaryProperty...
[HTTP ERROR] purchasePrimaryProperty attempt 3 failed: Insufficient supply
Action Error: Insufficient supply
[HTTP] Calling purchasePrimaryProperty...
[HTTP ERROR] purchasePrimaryProperty attempt 3 failed: Insufficient cash
Action Error: Insufficient cash
[HTTP ERROR] purchasePrimaryProperty attempt 3 failed: Insufficient cash
Action Error: Insufficient cash
[HTTP] Calling purchasePrimaryProperty...
[HTTP ERROR] purchasePrimaryProperty attempt 3 failed: Insufficient supply
Action Error: Insufficient supply
[HTTP ERROR] purchasePrimaryProperty attempt 3 failed: Insufficient cash
Action Error: Insufficient cash
[HTTP] Calling purchasePrimaryProperty...
[HTTP ERROR] purchasePrimaryProperty attempt 3 failed: Insufficient cash
Action Error: Insufficient cash
[HTTP ERROR] purchasePrimaryProperty attempt 3 failed: Insufficient cash
Action Error: Insufficient cash
[HTTP ERROR] purchasePrimaryProperty attempt 3 failed: Insufficient cash
Action Error: Insufficient cash
[HTTP] Calling purchasePrimaryProperty...
[HTTP] Calling purchasePrimaryProperty...
[HTTP] Calling purchasePrimaryProperty...
[HTTP] Calling purchasePrimaryProperty...
[HTTP] Calling purchasePrimaryProperty...
[HTTP] Calling purchasePrimaryProperty...
[HTTP ERROR] purchasePrimaryProperty attempt 3 failed: Insufficient supply
Action Error: Insufficient supply
[HTTP ERROR] purchasePrimaryProperty attempt 3 failed: Insufficient cash
Action Error: Insufficient cash
[HTTP ERROR] purchasePrimaryProperty attempt 3 failed: Insufficient cash
Action Error: Insufficient cash
[HTTP ERROR] purchasePrimaryProperty attempt 3 failed: Insufficient cash
Action Error: Insufficient cash
[HTTP ERROR] purchasePrimaryProperty attempt 3 failed: Insufficient cash
Action Error: Insufficient cash
[HTTP ERROR] purchasePrimaryProperty attempt 3 failed: Insufficient cash
Action Error: Insufficient cash
[HTTP ERROR] purchasePrimaryProperty attempt 3 failed: Insufficient supply
Action Error: Insufficient supply
[HTTP ERROR] purchasePrimaryProperty attempt 3 failed: Insufficient cash
Action Error: Insufficient cash
[HTTP] Calling createEconomicBatch...
[HTTP] Calling dispatchBatchChunks...
[+] Executing P131...
[HTTP] Calling createEconomicBatch...
[HTTP] Calling dispatchBatchChunks...
[+] Executing P132...
[HTTP] Calling createEconomicBatch...
[HTTP] Calling dispatchBatchChunks...
[+] Executing P133...
[HTTP] Calling createEconomicBatch...
[HTTP] Calling dispatchBatchChunks...
[+] Executing P134...
[HTTP] Calling createEconomicBatch...
[HTTP] Calling dispatchBatchChunks...
[+] Executing P135...
[HTTP] Calling createEconomicBatch...
[HTTP] Calling dispatchBatchChunks...
[+] Executing P136...
[HTTP] Calling createEconomicBatch...
[HTTP] Calling dispatchBatchChunks...
[+] Executing P137...
[HTTP] Calling createEconomicBatch...
[HTTP] Calling dispatchBatchChunks...
[+] Executing P138...
[HTTP] Calling createEconomicBatch...
[HTTP] Calling dispatchBatchChunks...
[+] Executing P139...
[HTTP] Calling createEconomicBatch...
[HTTP] Calling dispatchBatchChunks...
[+] Executing P140...
[+] P140: Generating AI Actions...
[HTTP] Calling purchasePrimaryProperty...
[HTTP] Calling purchasePrimaryProperty...
[HTTP] Calling purchasePrimaryProperty...
[HTTP] Calling purchasePrimaryProperty...
[HTTP] Calling purchasePrimaryProperty...
[HTTP] Calling purchasePrimaryProperty...
[HTTP] Calling purchasePrimaryProperty...
[HTTP] Calling purchasePrimaryProperty...
[HTTP] Calling purchasePrimaryProperty...
[HTTP] Calling purchasePrimaryProperty...
[HTTP] Calling purchasePrimaryProperty...
[HTTP] Calling purchasePrimaryProperty...
[HTTP] Calling purchasePrimaryProperty...
[HTTP] Calling purchasePrimaryProperty...
[HTTP] Calling purchasePrimaryProperty...
[HTTP] Calling purchasePrimaryProperty...
[HTTP] Calling purchasePrimaryProperty...
[HTTP] Calling purchasePrimaryProperty...
[HTTP] Calling purchasePrimaryProperty...
[HTTP] Calling purchasePrimaryProperty...
[HTTP] Calling purchasePrimaryProperty...
[HTTP] Calling purchasePrimaryProperty...
[HTTP] Calling purchasePrimaryProperty...
[HTTP] Calling purchasePrimaryProperty...
[HTTP] Calling purchasePrimaryProperty...
[HTTP] Calling purchasePrimaryProperty...
[HTTP] Calling purchasePrimaryProperty...
[HTTP] Calling purchasePrimaryProperty...
[HTTP] Calling purchasePrimaryProperty...
[HTTP] Calling purchasePrimaryProperty...
[HTTP ERROR] purchasePrimaryProperty attempt 1 failed: Insufficient supply
[HTTP ERROR] purchasePrimaryProperty attempt 1 failed: Insufficient supply
[HTTP ERROR] purchasePrimaryProperty attempt 1 failed: Insufficient cash
[HTTP ERROR] purchasePrimaryProperty attempt 1 failed: Insufficient cash
[HTTP ERROR] purchasePrimaryProperty attempt 1 failed: Insufficient cash
[HTTP ERROR] purchasePrimaryProperty attempt 1 failed: Insufficient cash
[HTTP ERROR] purchasePrimaryProperty attempt 1 failed: Insufficient cash
[HTTP ERROR] purchasePrimaryProperty attempt 1 failed: Insufficient supply
[HTTP ERROR] purchasePrimaryProperty attempt 1 failed: Insufficient cash
[HTTP ERROR] purchasePrimaryProperty attempt 1 failed: Insufficient cash
[HTTP ERROR] purchasePrimaryProperty attempt 1 failed: Insufficient supply
[HTTP ERROR] purchasePrimaryProperty attempt 1 failed: Insufficient cash
[HTTP ERROR] purchasePrimaryProperty attempt 1 failed: Insufficient cash
[HTTP ERROR] purchasePrimaryProperty attempt 1 failed: Insufficient cash
[HTTP ERROR] purchasePrimaryProperty attempt 1 failed: Insufficient cash
[HTTP ERROR] purchasePrimaryProperty attempt 1 failed: Insufficient cash
[HTTP ERROR] purchasePrimaryProperty attempt 1 failed: Insufficient supply
[HTTP ERROR] purchasePrimaryProperty attempt 1 failed: Insufficient supply
[HTTP ERROR] purchasePrimaryProperty attempt 1 failed: Insufficient supply
[HTTP ERROR] purchasePrimaryProperty attempt 1 failed: Insufficient cash
[HTTP ERROR] purchasePrimaryProperty attempt 1 failed: Insufficient cash
[HTTP ERROR] purchasePrimaryProperty attempt 1 failed: Insufficient cash
[HTTP ERROR] purchasePrimaryProperty attempt 1 failed: Insufficient cash
[HTTP ERROR] purchasePrimaryProperty attempt 1 failed: Insufficient cash
[HTTP ERROR] purchasePrimaryProperty attempt 1 failed: Insufficient supply
[HTTP ERROR] purchasePrimaryProperty attempt 1 failed: Insufficient supply
[HTTP ERROR] purchasePrimaryProperty attempt 1 failed: Insufficient cash
[HTTP ERROR] purchasePrimaryProperty attempt 1 failed: Insufficient cash
[HTTP ERROR] purchasePrimaryProperty attempt 1 failed: Insufficient supply
[HTTP] Calling purchasePrimaryProperty...
[HTTP] Calling purchasePrimaryProperty...
[HTTP] Calling purchasePrimaryProperty...
[HTTP] Calling purchasePrimaryProperty...
[HTTP] Calling purchasePrimaryProperty...
[HTTP] Calling purchasePrimaryProperty...
[HTTP] Calling purchasePrimaryProperty...
[HTTP] Calling purchasePrimaryProperty...
[HTTP] Calling purchasePrimaryProperty...
[HTTP] Calling purchasePrimaryProperty...
[HTTP] Calling purchasePrimaryProperty...
[HTTP] Calling purchasePrimaryProperty...
[HTTP] Calling purchasePrimaryProperty...
[HTTP] Calling purchasePrimaryProperty...
[HTTP] Calling purchasePrimaryProperty...
[HTTP ERROR] purchasePrimaryProperty attempt 2 failed: Insufficient supply
[HTTP ERROR] purchasePrimaryProperty attempt 2 failed: Insufficient supply
[HTTP] Calling purchasePrimaryProperty...
[HTTP] Calling purchasePrimaryProperty...
[HTTP] Calling purchasePrimaryProperty...
[HTTP ERROR] purchasePrimaryProperty attempt 2 failed: Insufficient cash
[HTTP ERROR] purchasePrimaryProperty attempt 2 failed: Insufficient cash
[HTTP ERROR] purchasePrimaryProperty attempt 2 failed: Insufficient supply
[HTTP ERROR] purchasePrimaryProperty attempt 2 failed: Insufficient cash
[HTTP ERROR] purchasePrimaryProperty attempt 2 failed: Insufficient cash
[HTTP ERROR] purchasePrimaryProperty attempt 2 failed: Insufficient cash
[HTTP ERROR] purchasePrimaryProperty attempt 2 failed: Insufficient cash
[HTTP ERROR] purchasePrimaryProperty attempt 2 failed: Insufficient cash
[HTTP ERROR] purchasePrimaryProperty attempt 2 failed: Insufficient supply
[HTTP] Calling purchasePrimaryProperty...
[HTTP] Calling purchasePrimaryProperty...
[HTTP] Calling purchasePrimaryProperty...
[HTTP ERROR] purchasePrimaryProperty attempt 2 failed: Insufficient cash
[HTTP] Calling purchasePrimaryProperty...
[HTTP ERROR] purchasePrimaryProperty attempt 2 failed: Insufficient cash
[HTTP] Calling purchasePrimaryProperty...
[HTTP ERROR] purchasePrimaryProperty attempt 2 failed: Insufficient cash
[HTTP] Calling purchasePrimaryProperty...
[HTTP ERROR] purchasePrimaryProperty attempt 2 failed: Insufficient cash
[HTTP ERROR] purchasePrimaryProperty attempt 2 failed: Insufficient supply
[HTTP ERROR] purchasePrimaryProperty attempt 2 failed: Insufficient cash
[HTTP ERROR] purchasePrimaryProperty attempt 2 failed: Insufficient supply
[HTTP] Calling purchasePrimaryProperty...
[HTTP] Calling purchasePrimaryProperty...
[HTTP] Calling purchasePrimaryProperty...
[HTTP] Calling purchasePrimaryProperty...
[HTTP] Calling purchasePrimaryProperty...
[HTTP ERROR] purchasePrimaryProperty attempt 2 failed: Insufficient supply
[HTTP ERROR] purchasePrimaryProperty attempt 2 failed: Insufficient cash
[HTTP ERROR] purchasePrimaryProperty attempt 2 failed: Insufficient cash
[HTTP ERROR] purchasePrimaryProperty attempt 2 failed: Insufficient cash
[HTTP ERROR] purchasePrimaryProperty attempt 2 failed: Insufficient cash
[HTTP ERROR] purchasePrimaryProperty attempt 2 failed: Insufficient cash
[HTTP ERROR] purchasePrimaryProperty attempt 2 failed: Insufficient cash
[HTTP ERROR] purchasePrimaryProperty attempt 2 failed: Insufficient cash
[HTTP ERROR] purchasePrimaryProperty attempt 2 failed: Insufficient supply
[HTTP ERROR] purchasePrimaryProperty attempt 2 failed: Insufficient supply
[HTTP ERROR] purchasePrimaryProperty attempt 2 failed: Insufficient supply
[HTTP] Calling purchasePrimaryProperty...
[HTTP] Calling purchasePrimaryProperty...
[HTTP] Calling purchasePrimaryProperty...
[HTTP] Calling purchasePrimaryProperty...
[HTTP] Calling purchasePrimaryProperty...
[HTTP] Calling purchasePrimaryProperty...
[HTTP] Calling purchasePrimaryProperty...
[HTTP] Calling purchasePrimaryProperty...
[HTTP] Calling purchasePrimaryProperty...
[HTTP] Calling purchasePrimaryProperty...
[HTTP ERROR] purchasePrimaryProperty attempt 3 failed: Insufficient supply
Action Error: Insufficient supply
[HTTP ERROR] purchasePrimaryProperty attempt 3 failed: Insufficient supply
Action Error: Insufficient supply
[HTTP] Calling purchasePrimaryProperty...
[HTTP] Calling purchasePrimaryProperty...
[HTTP] Calling purchasePrimaryProperty...
[HTTP] Calling purchasePrimaryProperty...
[HTTP ERROR] purchasePrimaryProperty attempt 3 failed: Insufficient cash
Action Error: Insufficient cash
[HTTP] Calling purchasePrimaryProperty...
[HTTP] Calling purchasePrimaryProperty...
[HTTP] Calling purchasePrimaryProperty...
[HTTP ERROR] purchasePrimaryProperty attempt 3 failed: Insufficient cash
Action Error: Insufficient cash
[HTTP] Calling purchasePrimaryProperty...
[HTTP ERROR] purchasePrimaryProperty attempt 3 failed: Insufficient supply
Action Error: Insufficient supply
[HTTP ERROR] purchasePrimaryProperty attempt 3 failed: Insufficient cash
Action Error: Insufficient cash
[HTTP ERROR] purchasePrimaryProperty attempt 3 failed: Insufficient cash
Action Error: Insufficient cash
[HTTP ERROR] purchasePrimaryProperty attempt 3 failed: Insufficient cash
Action Error: Insufficient cash
[HTTP ERROR] purchasePrimaryProperty attempt 3 failed: Insufficient cash
Action Error: Insufficient cash
[HTTP ERROR] purchasePrimaryProperty attempt 3 failed: Insufficient cash
Action Error: Insufficient cash
[HTTP ERROR] purchasePrimaryProperty attempt 3 failed: Insufficient supply
Action Error: Insufficient supply
[HTTP] Calling purchasePrimaryProperty...
[HTTP] Calling purchasePrimaryProperty...
[HTTP] Calling purchasePrimaryProperty...
[HTTP] Calling purchasePrimaryProperty...
[HTTP] Calling purchasePrimaryProperty...
[HTTP] Calling purchasePrimaryProperty...
[HTTP ERROR] purchasePrimaryProperty attempt 3 failed: Insufficient cash
Action Error: Insufficient cash
[HTTP ERROR] purchasePrimaryProperty attempt 3 failed: Insufficient cash
Action Error: Insufficient cash
[HTTP ERROR] purchasePrimaryProperty attempt 3 failed: Insufficient cash
Action Error: Insufficient cash
[HTTP ERROR] purchasePrimaryProperty attempt 3 failed: Insufficient cash
Action Error: Insufficient cash
[HTTP ERROR] purchasePrimaryProperty attempt 3 failed: Insufficient supply
Action Error: Insufficient supply
[HTTP ERROR] purchasePrimaryProperty attempt 3 failed: Insufficient supply
Action Error: Insufficient supply
[HTTP ERROR] purchasePrimaryProperty attempt 3 failed: Insufficient cash
Action Error: Insufficient cash
[HTTP] Calling purchasePrimaryProperty...
[HTTP ERROR] purchasePrimaryProperty attempt 3 failed: Insufficient cash
Action Error: Insufficient cash
[HTTP] Calling purchasePrimaryProperty...
[HTTP] Calling purchasePrimaryProperty...
[HTTP ERROR] purchasePrimaryProperty attempt 3 failed: Insufficient supply
Action Error: Insufficient supply
[HTTP ERROR] purchasePrimaryProperty attempt 3 failed: Insufficient cash
Action Error: Insufficient cash
[HTTP] Calling purchasePrimaryProperty...
[HTTP ERROR] purchasePrimaryProperty attempt 3 failed: Insufficient cash
Action Error: Insufficient cash
[HTTP] Calling purchasePrimaryProperty...
[HTTP ERROR] purchasePrimaryProperty attempt 3 failed: Insufficient cash
Action Error: Insufficient cash
[HTTP ERROR] purchasePrimaryProperty attempt 3 failed: Insufficient cash
Action Error: Insufficient cash
[HTTP ERROR] purchasePrimaryProperty attempt 3 failed: Insufficient cash
Action Error: Insufficient cash
[HTTP ERROR] purchasePrimaryProperty attempt 3 failed: Insufficient supply
Action Error: Insufficient supply
[HTTP ERROR] purchasePrimaryProperty attempt 3 failed: Insufficient supply
Action Error: Insufficient supply
[HTTP ERROR] purchasePrimaryProperty attempt 3 failed: Insufficient cash
Action Error: Insufficient cash
[HTTP ERROR] purchasePrimaryProperty attempt 3 failed: Insufficient supply
Action Error: Insufficient supply
[HTTP] Calling createEconomicBatch...
[HTTP] Calling dispatchBatchChunks...
[+] Executing P141...
[HTTP] Calling createEconomicBatch...
[HTTP] Calling dispatchBatchChunks...
[+] Executing P142...
[HTTP] Calling createEconomicBatch...
[HTTP] Calling dispatchBatchChunks...
[+] Executing P143...
[HTTP] Calling createEconomicBatch...
[HTTP] Calling dispatchBatchChunks...
[+] Executing P144...
[HTTP] Calling createEconomicBatch...
[HTTP] Calling dispatchBatchChunks...
[+] Executing P145...
[HTTP] Calling createEconomicBatch...
[HTTP] Calling dispatchBatchChunks...
[+] Executing P146...
[HTTP] Calling createEconomicBatch...
[HTTP] Calling dispatchBatchChunks...
[+] Executing P147...
[HTTP] Calling createEconomicBatch...
[HTTP] Calling dispatchBatchChunks...
[+] Executing P148...
[HTTP] Calling createEconomicBatch...
[HTTP] Calling dispatchBatchChunks...
[+] Executing P149...
[HTTP] Calling createEconomicBatch...
[HTTP] Calling dispatchBatchChunks...
[+] Executing P150...
[+] Refreshing Auth Tokens...
- Downloading configuration data of your Firebase WEB app
√ Downloading configuration data of your Firebase WEB app
- Downloading configuration data of your Firebase WEB app
√ Downloading configuration data of your Firebase WEB app
- Downloading configuration data of your Firebase WEB app
√ Downloading configuration data of your Firebase WEB app
- Downloading configuration data of your Firebase WEB app
√ Downloading configuration data of your Firebase WEB app
- Downloading configuration data of your Firebase WEB app
√ Downloading configuration data of your Firebase WEB app
- Downloading configuration data of your Firebase WEB app
√ Downloading configuration data of your Firebase WEB app
- Downloading configuration data of your Firebase WEB app
√ Downloading configuration data of your Firebase WEB app
- Downloading configuration data of your Firebase WEB app
√ Downloading configuration data of your Firebase WEB app
- Downloading configuration data of your Firebase WEB app
√ Downloading configuration data of your Firebase WEB app
- Downloading configuration data of your Firebase WEB app
√ Downloading configuration data of your Firebase WEB app
- Downloading configuration data of your Firebase WEB app
√ Downloading configuration data of your Firebase WEB app
- Downloading configuration data of your Firebase WEB app
√ Downloading configuration data of your Firebase WEB app
- Downloading configuration data of your Firebase WEB app
√ Downloading configuration data of your Firebase WEB app
- Downloading configuration data of your Firebase WEB app
√ Downloading configuration data of your Firebase WEB app
- Downloading configuration data of your Firebase WEB app
√ Downloading configuration data of your Firebase WEB app
- Downloading configuration data of your Firebase WEB app
√ Downloading configuration data of your Firebase WEB app
- Downloading configuration data of your Firebase WEB app
√ Downloading configuration data of your Firebase WEB app
- Downloading configuration data of your Firebase WEB app
√ Downloading configuration data of your Firebase WEB app
- Downloading configuration data of your Firebase WEB app
√ Downloading configuration data of your Firebase WEB app
- Downloading configuration data of your Firebase WEB app
√ Downloading configuration data of your Firebase WEB app
- Downloading configuration data of your Firebase WEB app
√ Downloading configuration data of your Firebase WEB app
- Downloading configuration data of your Firebase WEB app
√ Downloading configuration data of your Firebase WEB app
- Downloading configuration data of your Firebase WEB app
√ Downloading configuration data of your Firebase WEB app
- Downloading configuration data of your Firebase WEB app
√ Downloading configuration data of your Firebase WEB app
- Downloading configuration data of your Firebase WEB app
√ Downloading configuration data of your Firebase WEB app
- Downloading configuration data of your Firebase WEB app
√ Downloading configuration data of your Firebase WEB app
- Downloading configuration data of your Firebase WEB app
√ Downloading configuration data of your Firebase WEB app
- Downloading configuration data of your Firebase WEB app
√ Downloading configuration data of your Firebase WEB app
- Downloading configuration data of your Firebase WEB app
√ Downloading configuration data of your Firebase WEB app
- Downloading configuration data of your Firebase WEB app
√ Downloading configuration data of your Firebase WEB app
- Downloading configuration data of your Firebase WEB app
√ Downloading configuration data of your Firebase WEB app
- Downloading configuration data of your Firebase WEB app
√ Downloading configuration data of your Firebase WEB app
- Downloading configuration data of your Firebase WEB app
√ Downloading configuration data of your Firebase WEB app
- Downloading configuration data of your Firebase WEB app
√ Downloading configuration data of your Firebase WEB app
- Downloading configuration data of your Firebase WEB app
√ Downloading configuration data of your Firebase WEB app
- Downloading configuration data of your Firebase WEB app
√ Downloading configuration data of your Firebase WEB app
- Downloading configuration data of your Firebase WEB app
√ Downloading configuration data of your Firebase WEB app
- Downloading configuration data of your Firebase WEB app
√ Downloading configuration data of your Firebase WEB app
- Downloading configuration data of your Firebase WEB app
√ Downloading configuration data of your Firebase WEB app
- Downloading configuration data of your Firebase WEB app
√ Downloading configuration data of your Firebase WEB app
- Downloading configuration data of your Firebase WEB app
√ Downloading configuration data of your Firebase WEB app
- Downloading configuration data of your Firebase WEB app
√ Downloading configuration data of your Firebase WEB app
- Downloading configuration data of your Firebase WEB app
√ Downloading configuration data of your Firebase WEB app
- Downloading configuration data of your Firebase WEB app
√ Downloading configuration data of your Firebase WEB app
- Downloading configuration data of your Firebase WEB app
√ Downloading configuration data of your Firebase WEB app
- Downloading configuration data of your Firebase WEB app
√ Downloading configuration data of your Firebase WEB app
- Downloading configuration data of your Firebase WEB app
√ Downloading configuration data of your Firebase WEB app
- Downloading configuration data of your Firebase WEB app
√ Downloading configuration data of your Firebase WEB app
- Downloading configuration data of your Firebase WEB app
√ Downloading configuration data of your Firebase WEB app
- Downloading configuration data of your Firebase WEB app
√ Downloading configuration data of your Firebase WEB app
- Downloading configuration data of your Firebase WEB app
√ Downloading configuration data of your Firebase WEB app
- Downloading configuration data of your Firebase WEB app
√ Downloading configuration data of your Firebase WEB app
- Downloading configuration data of your Firebase WEB app
√ Downloading configuration data of your Firebase WEB app
- Downloading configuration data of your Firebase WEB app
√ Downloading configuration data of your Firebase WEB app
- Downloading configuration data of your Firebase WEB app
√ Downloading configuration data of your Firebase WEB app
- Downloading configuration data of your Firebase WEB app
√ Downloading configuration data of your Firebase WEB app
- Downloading configuration data of your Firebase WEB app
√ Downloading configuration data of your Firebase WEB app
- Downloading configuration data of your Firebase WEB app
√ Downloading configuration data of your Firebase WEB app
- Downloading configuration data of your Firebase WEB app
√ Downloading configuration data of your Firebase WEB app
- Downloading configuration data of your Firebase WEB app
√ Downloading configuration data of your Firebase WEB app
- Downloading configuration data of your Firebase WEB app
√ Downloading configuration data of your Firebase WEB app
- Downloading configuration data of your Firebase WEB app
√ Downloading configuration data of your Firebase WEB app
- Downloading configuration data of your Firebase WEB app
√ Downloading configuration data of your Firebase WEB app
- Downloading configuration data of your Firebase WEB app
√ Downloading configuration data of your Firebase WEB app
- Downloading configuration data of your Firebase WEB app
√ Downloading configuration data of your Firebase WEB app
- Downloading configuration data of your Firebase WEB app
√ Downloading configuration data of your Firebase WEB app
- Downloading configuration data of your Firebase WEB app
√ Downloading configuration data of your Firebase WEB app
- Downloading configuration data of your Firebase WEB app
√ Downloading configuration data of your Firebase WEB app
- Downloading configuration data of your Firebase WEB app
√ Downloading configuration data of your Firebase WEB app
- Downloading configuration data of your Firebase WEB app
√ Downloading configuration data of your Firebase WEB app
- Downloading configuration data of your Firebase WEB app
√ Downloading configuration data of your Firebase WEB app
- Downloading configuration data of your Firebase WEB app
√ Downloading configuration data of your Firebase WEB app
- Downloading configuration data of your Firebase WEB app
√ Downloading configuration data of your Firebase WEB app
- Downloading configuration data of your Firebase WEB app
√ Downloading configuration data of your Firebase WEB app
- Downloading configuration data of your Firebase WEB app
√ Downloading configuration data of your Firebase WEB app
- Downloading configuration data of your Firebase WEB app
√ Downloading configuration data of your Firebase WEB app
- Downloading configuration data of your Firebase WEB app
√ Downloading configuration data of your Firebase WEB app
- Downloading configuration data of your Firebase WEB app
√ Downloading configuration data of your Firebase WEB app
- Downloading configuration data of your Firebase WEB app
√ Downloading configuration data of your Firebase WEB app
- Downloading configuration data of your Firebase WEB app
√ Downloading configuration data of your Firebase WEB app
- Downloading configuration data of your Firebase WEB app
√ Downloading configuration data of your Firebase WEB app
- Downloading configuration data of your Firebase WEB app
√ Downloading configuration data of your Firebase WEB app
- Downloading configuration data of your Firebase WEB app
√ Downloading configuration data of your Firebase WEB app
- Downloading configuration data of your Firebase WEB app
√ Downloading configuration data of your Firebase WEB app
- Downloading configuration data of your Firebase WEB app
√ Downloading configuration data of your Firebase WEB app
- Downloading configuration data of your Firebase WEB app
√ Downloading configuration data of your Firebase WEB app
- Downloading configuration data of your Firebase WEB app
√ Downloading configuration data of your Firebase WEB app
- Downloading configuration data of your Firebase WEB app
√ Downloading configuration data of your Firebase WEB app
- Downloading configuration data of your Firebase WEB app
√ Downloading configuration data of your Firebase WEB app
- Downloading configuration data of your Firebase WEB app
√ Downloading configuration data of your Firebase WEB app
- Downloading configuration data of your Firebase WEB app
√ Downloading configuration data of your Firebase WEB app
- Downloading configuration data of your Firebase WEB app
√ Downloading configuration data of your Firebase WEB app
- Downloading configuration data of your Firebase WEB app
√ Downloading configuration data of your Firebase WEB app
- Downloading configuration data of your Firebase WEB app
√ Downloading configuration data of your Firebase WEB app
- Downloading configuration data of your Firebase WEB app
√ Downloading configuration data of your Firebase WEB app
- Downloading configuration data of your Firebase WEB app
√ Downloading configuration data of your Firebase WEB app
- Downloading configuration data of your Firebase WEB app
√ Downloading configuration data of your Firebase WEB app
- Downloading configuration data of your Firebase WEB app
√ Downloading configuration data of your Firebase WEB app
- Downloading configuration data of your Firebase WEB app
√ Downloading configuration data of your Firebase WEB app
- Downloading configuration data of your Firebase WEB app
√ Downloading configuration data of your Firebase WEB app
- Downloading configuration data of your Firebase WEB app
√ Downloading configuration data of your Firebase WEB app
[+] P150: Generating AI Actions...
[HTTP] Calling purchasePrimaryProperty...
[HTTP] Calling purchasePrimaryProperty...
[HTTP] Calling purchasePrimaryProperty...
[HTTP] Calling purchasePrimaryProperty...
[HTTP] Calling purchasePrimaryProperty...
[HTTP] Calling purchasePrimaryProperty...
[HTTP] Calling purchasePrimaryProperty...
[HTTP] Calling purchasePrimaryProperty...
[HTTP] Calling purchasePrimaryProperty...
[HTTP] Calling purchasePrimaryProperty...
[HTTP] Calling purchasePrimaryProperty...
[HTTP] Calling purchasePrimaryProperty...
[HTTP] Calling purchasePrimaryProperty...
[HTTP] Calling purchasePrimaryProperty...
[HTTP] Calling purchasePrimaryProperty...
[HTTP] Calling purchasePrimaryProperty...
[HTTP] Calling purchasePrimaryProperty...
[HTTP] Calling purchasePrimaryProperty...
[HTTP] Calling purchasePrimaryProperty...
[HTTP] Calling purchasePrimaryProperty...
[HTTP] Calling purchasePrimaryProperty...
[HTTP] Calling purchasePrimaryProperty...
[HTTP] Calling purchasePrimaryProperty...
[HTTP] Calling purchasePrimaryProperty...
[HTTP] Calling purchasePrimaryProperty...
[HTTP] Calling purchasePrimaryProperty...
[HTTP] Calling purchasePrimaryProperty...
[HTTP] Calling purchasePrimaryProperty...
[HTTP] Calling purchasePrimaryProperty...
[HTTP] Calling purchasePrimaryProperty...
[HTTP ERROR] purchasePrimaryProperty attempt 1 failed: Insufficient cash
[HTTP ERROR] purchasePrimaryProperty attempt 1 failed: Insufficient cash
[HTTP ERROR] purchasePrimaryProperty attempt 1 failed: Insufficient cash
[HTTP ERROR] purchasePrimaryProperty attempt 1 failed: Insufficient cash
[HTTP ERROR] purchasePrimaryProperty attempt 1 failed: Insufficient supply
[HTTP ERROR] purchasePrimaryProperty attempt 1 failed: Insufficient cash
[HTTP ERROR] purchasePrimaryProperty attempt 1 failed: Insufficient cash
[HTTP ERROR] purchasePrimaryProperty attempt 1 failed: Insufficient supply
[HTTP ERROR] purchasePrimaryProperty attempt 1 failed: Insufficient supply
[HTTP ERROR] purchasePrimaryProperty attempt 1 failed: Insufficient supply
[HTTP ERROR] purchasePrimaryProperty attempt 1 failed: Insufficient supply
[HTTP ERROR] purchasePrimaryProperty attempt 1 failed: Insufficient cash
[HTTP ERROR] purchasePrimaryProperty attempt 1 failed: Insufficient supply
[HTTP ERROR] purchasePrimaryProperty attempt 1 failed: Insufficient supply
[HTTP ERROR] purchasePrimaryProperty attempt 1 failed: Insufficient supply
[HTTP ERROR] purchasePrimaryProperty attempt 1 failed: Insufficient cash
[HTTP ERROR] purchasePrimaryProperty attempt 1 failed: Insufficient cash
[HTTP ERROR] purchasePrimaryProperty attempt 1 failed: Insufficient supply
[HTTP ERROR] purchasePrimaryProperty attempt 1 failed: Insufficient cash
[HTTP ERROR] purchasePrimaryProperty attempt 1 failed: Insufficient cash
[HTTP ERROR] purchasePrimaryProperty attempt 1 failed: Insufficient cash
[HTTP ERROR] purchasePrimaryProperty attempt 1 failed: Insufficient supply
[HTTP ERROR] purchasePrimaryProperty attempt 1 failed: Insufficient supply
[HTTP ERROR] purchasePrimaryProperty attempt 1 failed: Insufficient supply
[HTTP ERROR] purchasePrimaryProperty attempt 1 failed: Insufficient cash
[HTTP ERROR] purchasePrimaryProperty attempt 1 failed: Insufficient cash
[HTTP ERROR] purchasePrimaryProperty attempt 1 failed: Insufficient cash
[HTTP] Calling purchasePrimaryProperty...
[HTTP] Calling purchasePrimaryProperty...
[HTTP] Calling purchasePrimaryProperty...
[HTTP] Calling purchasePrimaryProperty...
[HTTP] Calling purchasePrimaryProperty...
[HTTP] Calling purchasePrimaryProperty...
[HTTP] Calling purchasePrimaryProperty...
[HTTP] Calling purchasePrimaryProperty...
[HTTP] Calling purchasePrimaryProperty...
[HTTP] Calling purchasePrimaryProperty...
[HTTP] Calling purchasePrimaryProperty...
[HTTP] Calling purchasePrimaryProperty...
[HTTP] Calling purchasePrimaryProperty...
[HTTP] Calling purchasePrimaryProperty...
[HTTP] Calling purchasePrimaryProperty...
[HTTP] Calling purchasePrimaryProperty...
[HTTP] Calling purchasePrimaryProperty...
[HTTP] Calling purchasePrimaryProperty...
[HTTP ERROR] purchasePrimaryProperty attempt 2 failed: Insufficient cash
[HTTP ERROR] purchasePrimaryProperty attempt 2 failed: Insufficient cash
[HTTP] Calling purchasePrimaryProperty...
[HTTP ERROR] purchasePrimaryProperty attempt 2 failed: Insufficient supply
[HTTP] Calling purchasePrimaryProperty...
[HTTP] Calling purchasePrimaryProperty...
[HTTP] Calling purchasePrimaryProperty...
[HTTP ERROR] purchasePrimaryProperty attempt 2 failed: Insufficient supply
[HTTP] Calling purchasePrimaryProperty...
[HTTP] Calling purchasePrimaryProperty...
[HTTP ERROR] purchasePrimaryProperty attempt 2 failed: Insufficient supply
[HTTP] Calling purchasePrimaryProperty...
[HTTP] Calling purchasePrimaryProperty...
[HTTP ERROR] purchasePrimaryProperty attempt 2 failed: Insufficient cash
[HTTP ERROR] purchasePrimaryProperty attempt 2 failed: Insufficient cash
[HTTP] Calling purchasePrimaryProperty...
[HTTP ERROR] purchasePrimaryProperty attempt 2 failed: Insufficient supply
[HTTP ERROR] purchasePrimaryProperty attempt 2 failed: Insufficient cash
[HTTP ERROR] purchasePrimaryProperty attempt 2 failed: Insufficient supply
[HTTP ERROR] purchasePrimaryProperty attempt 2 failed: Insufficient supply
[HTTP ERROR] purchasePrimaryProperty attempt 2 failed: Insufficient supply
[HTTP ERROR] purchasePrimaryProperty attempt 2 failed: Insufficient supply
[HTTP ERROR] purchasePrimaryProperty attempt 2 failed: Insufficient cash
[HTTP ERROR] purchasePrimaryProperty attempt 2 failed: Insufficient supply
[HTTP ERROR] purchasePrimaryProperty attempt 2 failed: Insufficient supply
[HTTP ERROR] purchasePrimaryProperty attempt 2 failed: Insufficient cash
[HTTP ERROR] purchasePrimaryProperty attempt 2 failed: Insufficient cash
[HTTP ERROR] purchasePrimaryProperty attempt 2 failed: Insufficient cash
[HTTP ERROR] purchasePrimaryProperty attempt 2 failed: Insufficient cash
[HTTP ERROR] purchasePrimaryProperty attempt 2 failed: Insufficient supply
[HTTP ERROR] purchasePrimaryProperty attempt 2 failed: Insufficient supply
[HTTP ERROR] purchasePrimaryProperty attempt 2 failed: Insufficient supply
[HTTP ERROR] purchasePrimaryProperty attempt 2 failed: Insufficient cash
[HTTP ERROR] purchasePrimaryProperty attempt 2 failed: Insufficient cash
[HTTP ERROR] purchasePrimaryProperty attempt 2 failed: Insufficient cash
[HTTP ERROR] purchasePrimaryProperty attempt 2 failed: Insufficient cash
[HTTP] Calling purchasePrimaryProperty...
[HTTP] Calling purchasePrimaryProperty...
[HTTP] Calling purchasePrimaryProperty...
[HTTP] Calling purchasePrimaryProperty...
[HTTP] Calling purchasePrimaryProperty...
[HTTP] Calling purchasePrimaryProperty...
[HTTP ERROR] purchasePrimaryProperty attempt 3 failed: Insufficient cash
Action Error: Insufficient cash
[HTTP] Calling purchasePrimaryProperty...
[HTTP ERROR] purchasePrimaryProperty attempt 3 failed: Insufficient cash
Action Error: Insufficient cash
[HTTP ERROR] purchasePrimaryProperty attempt 3 failed: Insufficient supply
Action Error: Insufficient supply
[HTTP] Calling purchasePrimaryProperty...
[HTTP] Calling purchasePrimaryProperty...
[HTTP] Calling purchasePrimaryProperty...
[HTTP] Calling purchasePrimaryProperty...
[HTTP ERROR] purchasePrimaryProperty attempt 3 failed: Insufficient supply
Action Error: Insufficient supply
[HTTP ERROR] purchasePrimaryProperty attempt 3 failed: Insufficient supply
Action Error: Insufficient supply
[HTTP] Calling purchasePrimaryProperty...
[HTTP] Calling purchasePrimaryProperty...
[HTTP] Calling purchasePrimaryProperty...
[HTTP] Calling purchasePrimaryProperty...
[HTTP ERROR] purchasePrimaryProperty attempt 3 failed: Insufficient cash
Action Error: Insufficient cash
[HTTP ERROR] purchasePrimaryProperty attempt 3 failed: Insufficient cash
Action Error: Insufficient cash
[HTTP] Calling purchasePrimaryProperty...
[HTTP ERROR] purchasePrimaryProperty attempt 3 failed: Insufficient supply
Action Error: Insufficient supply
[HTTP] Calling purchasePrimaryProperty...
[HTTP] Calling purchasePrimaryProperty...
[HTTP ERROR] purchasePrimaryProperty attempt 3 failed: Insufficient supply
Action Error: Insufficient supply
[HTTP ERROR] purchasePrimaryProperty attempt 3 failed: Insufficient cash
Action Error: Insufficient cash
[HTTP ERROR] purchasePrimaryProperty attempt 3 failed: Insufficient supply
Action Error: Insufficient supply
[HTTP] Calling purchasePrimaryProperty...
[HTTP ERROR] purchasePrimaryProperty attempt 3 failed: Insufficient supply
Action Error: Insufficient supply
[HTTP ERROR] purchasePrimaryProperty attempt 3 failed: Insufficient supply
Action Error: Insufficient supply
[HTTP] Calling purchasePrimaryProperty...
[HTTP ERROR] purchasePrimaryProperty attempt 3 failed: Insufficient cash
Action Error: Insufficient cash
[HTTP ERROR] purchasePrimaryProperty attempt 3 failed: Insufficient supply
Action Error: Insufficient supply
[HTTP ERROR] purchasePrimaryProperty attempt 3 failed: Insufficient supply
Action Error: Insufficient supply
[HTTP ERROR] purchasePrimaryProperty attempt 3 failed: Insufficient cash
Action Error: Insufficient cash
[HTTP] Calling purchasePrimaryProperty...
[HTTP ERROR] purchasePrimaryProperty attempt 3 failed: Insufficient cash
Action Error: Insufficient cash
[HTTP] Calling purchasePrimaryProperty...
[HTTP] Calling purchasePrimaryProperty...
[HTTP] Calling purchasePrimaryProperty...
[HTTP] Calling purchasePrimaryProperty...
[HTTP] Calling purchasePrimaryProperty...
[HTTP] Calling purchasePrimaryProperty...
[HTTP ERROR] purchasePrimaryProperty attempt 3 failed: Insufficient cash
Action Error: Insufficient cash
[HTTP ERROR] purchasePrimaryProperty attempt 3 failed: Insufficient cash
Action Error: Insufficient cash
[HTTP ERROR] purchasePrimaryProperty attempt 3 failed: Insufficient supply
Action Error: Insufficient supply
[HTTP ERROR] purchasePrimaryProperty attempt 3 failed: Insufficient supply
Action Error: Insufficient supply
[HTTP ERROR] purchasePrimaryProperty attempt 3 failed: Insufficient supply
Action Error: Insufficient supply
[HTTP ERROR] purchasePrimaryProperty attempt 3 failed: Insufficient cash
Action Error: Insufficient cash
[HTTP ERROR] purchasePrimaryProperty attempt 3 failed: Insufficient cash
Action Error: Insufficient cash
[HTTP ERROR] purchasePrimaryProperty attempt 3 failed: Insufficient cash
Action Error: Insufficient cash
[HTTP ERROR] purchasePrimaryProperty attempt 3 failed: Insufficient cash
Action Error: Insufficient cash
[HTTP] Calling createEconomicBatch...
[HTTP] Calling dispatchBatchChunks...
[+] Passed Period 150/360
[+] Executing P151...
[HTTP] Calling createEconomicBatch...
[HTTP] Calling dispatchBatchChunks...
[+] Executing P152...
[HTTP] Calling createEconomicBatch...
[HTTP] Calling dispatchBatchChunks...
[+] Executing P153...
[HTTP] Calling createEconomicBatch...
[HTTP] Calling dispatchBatchChunks...
[+] Executing P154...
[HTTP] Calling createEconomicBatch...
[HTTP] Calling dispatchBatchChunks...
[+] Executing P155...
[HTTP] Calling createEconomicBatch...
[HTTP] Calling dispatchBatchChunks...
[+] Executing P156...
[HTTP] Calling createEconomicBatch...
[HTTP] Calling dispatchBatchChunks...
[+] Executing P157...
[HTTP] Calling createEconomicBatch...
[HTTP] Calling dispatchBatchChunks...
[+] Executing P158...
[HTTP] Calling createEconomicBatch...
[HTTP] Calling dispatchBatchChunks...
[+] Executing P159...
[HTTP] Calling createEconomicBatch...
[HTTP] Calling dispatchBatchChunks...
[+] Executing P160...
[+] P160: Generating AI Actions...
[HTTP] Calling purchasePrimaryProperty...
[HTTP] Calling purchasePrimaryProperty...
[HTTP] Calling purchasePrimaryProperty...
[HTTP] Calling purchasePrimaryProperty...
[HTTP] Calling purchasePrimaryProperty...
[HTTP] Calling purchasePrimaryProperty...
[HTTP] Calling purchasePrimaryProperty...
[HTTP] Calling purchasePrimaryProperty...
[HTTP] Calling purchasePrimaryProperty...
[HTTP] Calling purchasePrimaryProperty...
[HTTP] Calling purchasePrimaryProperty...
[HTTP] Calling purchasePrimaryProperty...
[HTTP] Calling purchasePrimaryProperty...
[HTTP] Calling purchasePrimaryProperty...
[HTTP] Calling purchasePrimaryProperty...
[HTTP] Calling purchasePrimaryProperty...
[HTTP] Calling purchasePrimaryProperty...
[HTTP] Calling purchasePrimaryProperty...
[HTTP] Calling purchasePrimaryProperty...
[HTTP] Calling purchasePrimaryProperty...
[HTTP] Calling purchasePrimaryProperty...
[HTTP] Calling purchasePrimaryProperty...
[HTTP] Calling purchasePrimaryProperty...
[HTTP] Calling purchasePrimaryProperty...
[HTTP] Calling purchasePrimaryProperty...
[HTTP] Calling purchasePrimaryProperty...
[HTTP] Calling purchasePrimaryProperty...
[HTTP] Calling purchasePrimaryProperty...
[HTTP] Calling purchasePrimaryProperty...
[HTTP] Calling purchasePrimaryProperty...
[HTTP ERROR] purchasePrimaryProperty attempt 1 failed: Insufficient cash
[HTTP ERROR] purchasePrimaryProperty attempt 1 failed: Insufficient supply
[HTTP ERROR] purchasePrimaryProperty attempt 1 failed: Insufficient cash
[HTTP ERROR] purchasePrimaryProperty attempt 1 failed: Insufficient supply
[HTTP ERROR] purchasePrimaryProperty attempt 1 failed: Insufficient cash
[HTTP ERROR] purchasePrimaryProperty attempt 1 failed: Insufficient cash
[HTTP ERROR] purchasePrimaryProperty attempt 1 failed: Insufficient cash
[HTTP ERROR] purchasePrimaryProperty attempt 1 failed: Insufficient supply
[HTTP ERROR] purchasePrimaryProperty attempt 1 failed: Insufficient supply
[HTTP ERROR] purchasePrimaryProperty attempt 1 failed: Insufficient supply
[HTTP ERROR] purchasePrimaryProperty attempt 1 failed: Insufficient cash
[HTTP ERROR] purchasePrimaryProperty attempt 1 failed: Insufficient cash
[HTTP ERROR] purchasePrimaryProperty attempt 1 failed: Insufficient supply
[HTTP ERROR] purchasePrimaryProperty attempt 1 failed: Insufficient cash
[HTTP ERROR] purchasePrimaryProperty attempt 1 failed: Insufficient cash
[HTTP ERROR] purchasePrimaryProperty attempt 1 failed: Insufficient cash
[HTTP ERROR] purchasePrimaryProperty attempt 1 failed: Insufficient cash
[HTTP ERROR] purchasePrimaryProperty attempt 1 failed: Insufficient supply
[HTTP ERROR] purchasePrimaryProperty attempt 1 failed: Insufficient supply
[HTTP ERROR] purchasePrimaryProperty attempt 1 failed: Insufficient cash
[HTTP ERROR] purchasePrimaryProperty attempt 1 failed: Insufficient cash
[HTTP ERROR] purchasePrimaryProperty attempt 1 failed: Insufficient cash
[HTTP ERROR] purchasePrimaryProperty attempt 1 failed: Insufficient supply
[HTTP ERROR] purchasePrimaryProperty attempt 1 failed: Insufficient cash
[HTTP ERROR] purchasePrimaryProperty attempt 1 failed: Insufficient supply
[HTTP ERROR] purchasePrimaryProperty attempt 1 failed: Insufficient supply
[HTTP ERROR] purchasePrimaryProperty attempt 1 failed: Insufficient cash
[HTTP ERROR] purchasePrimaryProperty attempt 1 failed: Insufficient cash
[HTTP ERROR] purchasePrimaryProperty attempt 1 failed: Insufficient cash
[HTTP] Calling purchasePrimaryProperty...
[HTTP] Calling purchasePrimaryProperty...
[HTTP] Calling purchasePrimaryProperty...
[HTTP] Calling purchasePrimaryProperty...
[HTTP] Calling purchasePrimaryProperty...
[HTTP] Calling purchasePrimaryProperty...
[HTTP] Calling purchasePrimaryProperty...
[HTTP] Calling purchasePrimaryProperty...
[HTTP ERROR] purchasePrimaryProperty attempt 2 failed: Insufficient cash
[HTTP] Calling purchasePrimaryProperty...
[HTTP ERROR] purchasePrimaryProperty attempt 2 failed: Insufficient supply
[HTTP] Calling purchasePrimaryProperty...
[HTTP] Calling purchasePrimaryProperty...
[HTTP] Calling purchasePrimaryProperty...
[HTTP ERROR] purchasePrimaryProperty attempt 2 failed: Insufficient supply
[HTTP ERROR] purchasePrimaryProperty attempt 2 failed: Insufficient cash
[HTTP] Calling purchasePrimaryProperty...
[HTTP ERROR] purchasePrimaryProperty attempt 2 failed: Insufficient cash
[HTTP ERROR] purchasePrimaryProperty attempt 2 failed: Insufficient cash
[HTTP] Calling purchasePrimaryProperty...
[HTTP ERROR] purchasePrimaryProperty attempt 2 failed: Insufficient cash
[HTTP ERROR] purchasePrimaryProperty attempt 2 failed: Insufficient supply
[HTTP] Calling purchasePrimaryProperty...
[HTTP] Calling purchasePrimaryProperty...
[HTTP ERROR] purchasePrimaryProperty attempt 2 failed: Insufficient supply
[HTTP ERROR] purchasePrimaryProperty attempt 2 failed: Insufficient cash
[HTTP ERROR] purchasePrimaryProperty attempt 2 failed: Insufficient cash
[HTTP] Calling purchasePrimaryProperty...
[HTTP] Calling purchasePrimaryProperty...
[HTTP ERROR] purchasePrimaryProperty attempt 2 failed: Insufficient supply
[HTTP ERROR] purchasePrimaryProperty attempt 2 failed: Insufficient supply
[HTTP ERROR] purchasePrimaryProperty attempt 2 failed: Insufficient cash
[HTTP ERROR] purchasePrimaryProperty attempt 2 failed: Insufficient cash
[HTTP] Calling purchasePrimaryProperty...
[HTTP] Calling purchasePrimaryProperty...
[HTTP] Calling purchasePrimaryProperty...
[HTTP ERROR] purchasePrimaryProperty attempt 2 failed: Insufficient cash
[HTTP] Calling purchasePrimaryProperty...
[HTTP] Calling purchasePrimaryProperty...
[HTTP ERROR] purchasePrimaryProperty attempt 2 failed: Insufficient cash
[HTTP ERROR] purchasePrimaryProperty attempt 2 failed: Insufficient supply
[HTTP] Calling purchasePrimaryProperty...
[HTTP] Calling purchasePrimaryProperty...
[HTTP] Calling purchasePrimaryProperty...
[HTTP] Calling purchasePrimaryProperty...
[HTTP] Calling purchasePrimaryProperty...
[HTTP] Calling purchasePrimaryProperty...
[HTTP ERROR] purchasePrimaryProperty attempt 2 failed: Insufficient supply
[HTTP ERROR] purchasePrimaryProperty attempt 2 failed: Insufficient cash
[HTTP ERROR] purchasePrimaryProperty attempt 2 failed: Insufficient cash
[HTTP ERROR] purchasePrimaryProperty attempt 2 failed: Insufficient cash
[HTTP ERROR] purchasePrimaryProperty attempt 2 failed: Insufficient supply
[HTTP ERROR] purchasePrimaryProperty attempt 2 failed: Insufficient cash
[HTTP ERROR] purchasePrimaryProperty attempt 2 failed: Insufficient supply
[HTTP ERROR] purchasePrimaryProperty attempt 2 failed: Insufficient cash
[HTTP ERROR] purchasePrimaryProperty attempt 2 failed: Insufficient cash
[HTTP ERROR] purchasePrimaryProperty attempt 2 failed: Insufficient cash
[HTTP ERROR] purchasePrimaryProperty attempt 2 failed: Insufficient supply
[HTTP] Calling purchasePrimaryProperty...
[HTTP] Calling purchasePrimaryProperty...
[HTTP] Calling purchasePrimaryProperty...
[HTTP] Calling purchasePrimaryProperty...
[HTTP] Calling purchasePrimaryProperty...
[HTTP] Calling purchasePrimaryProperty...
[HTTP] Calling purchasePrimaryProperty...
[HTTP] Calling purchasePrimaryProperty...
[HTTP ERROR] purchasePrimaryProperty attempt 3 failed: Insufficient supply
Action Error: Insufficient supply
[HTTP] Calling purchasePrimaryProperty...
[HTTP] Calling purchasePrimaryProperty...
[HTTP] Calling purchasePrimaryProperty...
[HTTP] Calling purchasePrimaryProperty...
[HTTP] Calling purchasePrimaryProperty...
[HTTP ERROR] purchasePrimaryProperty attempt 3 failed: Insufficient cash
Action Error: Insufficient cash
[HTTP] Calling purchasePrimaryProperty...
[HTTP] Calling purchasePrimaryProperty...
[HTTP ERROR] purchasePrimaryProperty attempt 3 failed: Insufficient cash
Action Error: Insufficient cash
[HTTP] Calling purchasePrimaryProperty...
[HTTP ERROR] purchasePrimaryProperty attempt 3 failed: Insufficient cash
Action Error: Insufficient cash
[HTTP ERROR] purchasePrimaryProperty attempt 3 failed: Insufficient cash
Action Error: Insufficient cash
[HTTP] Calling purchasePrimaryProperty...
[HTTP ERROR] purchasePrimaryProperty attempt 3 failed: Insufficient supply
Action Error: Insufficient supply
[HTTP] Calling purchasePrimaryProperty...
[HTTP ERROR] purchasePrimaryProperty attempt 3 failed: Insufficient cash
Action Error: Insufficient cash
[HTTP ERROR] purchasePrimaryProperty attempt 3 failed: Insufficient supply
Action Error: Insufficient supply
[HTTP ERROR] purchasePrimaryProperty attempt 3 failed: Insufficient supply
Action Error: Insufficient supply
[HTTP] Calling purchasePrimaryProperty...
[HTTP] Calling purchasePrimaryProperty...
[HTTP ERROR] purchasePrimaryProperty attempt 3 failed: Insufficient supply
Action Error: Insufficient supply
[HTTP] Calling purchasePrimaryProperty...
[HTTP] Calling purchasePrimaryProperty...
[HTTP ERROR] purchasePrimaryProperty attempt 3 failed: Insufficient cash
Action Error: Insufficient cash
[HTTP ERROR] purchasePrimaryProperty attempt 3 failed: Insufficient cash
Action Error: Insufficient cash
[HTTP ERROR] purchasePrimaryProperty attempt 3 failed: Insufficient supply
Action Error: Insufficient supply
[HTTP] Calling purchasePrimaryProperty...
[HTTP ERROR] purchasePrimaryProperty attempt 3 failed: Insufficient cash
Action Error: Insufficient cash
[HTTP] Calling purchasePrimaryProperty...
[HTTP ERROR] purchasePrimaryProperty attempt 3 failed: Insufficient cash
Action Error: Insufficient cash
[HTTP] Calling purchasePrimaryProperty...
[HTTP ERROR] purchasePrimaryProperty attempt 3 failed: Insufficient cash
Action Error: Insufficient cash
[HTTP] Calling purchasePrimaryProperty...
[HTTP ERROR] purchasePrimaryProperty attempt 3 failed: Insufficient cash
Action Error: Insufficient cash
[HTTP] Calling purchasePrimaryProperty...
[HTTP] Calling purchasePrimaryProperty...
[HTTP ERROR] purchasePrimaryProperty attempt 3 failed: Insufficient supply
Action Error: Insufficient supply
[HTTP] Calling purchasePrimaryProperty...
[HTTP ERROR] purchasePrimaryProperty attempt 3 failed: Insufficient supply
Action Error: Insufficient supply
[HTTP ERROR] purchasePrimaryProperty attempt 3 failed: Insufficient cash
Action Error: Insufficient cash
[HTTP ERROR] purchasePrimaryProperty attempt 3 failed: Insufficient cash
Action Error: Insufficient cash
[HTTP ERROR] purchasePrimaryProperty attempt 3 failed: Insufficient cash
Action Error: Insufficient cash
[HTTP ERROR] purchasePrimaryProperty attempt 3 failed: Insufficient supply
Action Error: Insufficient supply
[HTTP ERROR] purchasePrimaryProperty attempt 3 failed: Insufficient cash
Action Error: Insufficient cash
[HTTP ERROR] purchasePrimaryProperty attempt 3 failed: Insufficient supply
Action Error: Insufficient supply
[HTTP ERROR] purchasePrimaryProperty attempt 3 failed: Insufficient cash
Action Error: Insufficient cash
[HTTP ERROR] purchasePrimaryProperty attempt 3 failed: Insufficient cash
Action Error: Insufficient cash
[HTTP ERROR] purchasePrimaryProperty attempt 3 failed: Insufficient cash
Action Error: Insufficient cash
[HTTP ERROR] purchasePrimaryProperty attempt 3 failed: Insufficient supply
Action Error: Insufficient supply
[HTTP] Calling createEconomicBatch...
[HTTP] Calling dispatchBatchChunks...
[+] Executing P161...
[HTTP] Calling createEconomicBatch...
[HTTP] Calling dispatchBatchChunks...
[+] Executing P162...
[HTTP] Calling createEconomicBatch...
[HTTP] Calling dispatchBatchChunks...
[+] Executing P163...
[HTTP] Calling createEconomicBatch...
[HTTP] Calling dispatchBatchChunks...
[+] Executing P164...
[HTTP] Calling createEconomicBatch...
[HTTP] Calling dispatchBatchChunks...
[+] Executing P165...
[HTTP] Calling createEconomicBatch...
[HTTP] Calling dispatchBatchChunks...
[+] Executing P166...
[HTTP] Calling createEconomicBatch...
[HTTP] Calling dispatchBatchChunks...
[+] Executing P167...
[HTTP] Calling createEconomicBatch...
[HTTP] Calling dispatchBatchChunks...
[+] Executing P168...
[HTTP] Calling createEconomicBatch...
[HTTP] Calling dispatchBatchChunks...
[+] Executing P169...
[HTTP] Calling createEconomicBatch...
[HTTP] Calling dispatchBatchChunks...
[+] Executing P170...
[+] P170: Generating AI Actions...
[HTTP] Calling purchasePrimaryProperty...
[HTTP] Calling purchasePrimaryProperty...
[HTTP] Calling purchasePrimaryProperty...
[HTTP] Calling purchasePrimaryProperty...
[HTTP] Calling purchasePrimaryProperty...
[HTTP] Calling purchasePrimaryProperty...
[HTTP] Calling purchasePrimaryProperty...
[HTTP] Calling purchasePrimaryProperty...
[HTTP] Calling purchasePrimaryProperty...
[HTTP] Calling purchasePrimaryProperty...
[HTTP] Calling purchasePrimaryProperty...
[HTTP] Calling purchasePrimaryProperty...
[HTTP] Calling purchasePrimaryProperty...
[HTTP] Calling purchasePrimaryProperty...
[HTTP] Calling purchasePrimaryProperty...
[HTTP] Calling purchasePrimaryProperty...
[HTTP] Calling purchasePrimaryProperty...
[HTTP] Calling purchasePrimaryProperty...
[HTTP] Calling purchasePrimaryProperty...
[HTTP] Calling purchasePrimaryProperty...
[HTTP] Calling purchasePrimaryProperty...
[HTTP] Calling purchasePrimaryProperty...
[HTTP] Calling purchasePrimaryProperty...
[HTTP] Calling purchasePrimaryProperty...
[HTTP] Calling purchasePrimaryProperty...
[HTTP] Calling purchasePrimaryProperty...
[HTTP] Calling purchasePrimaryProperty...
[HTTP] Calling purchasePrimaryProperty...
[HTTP] Calling purchasePrimaryProperty...
[HTTP] Calling purchasePrimaryProperty...
[HTTP ERROR] purchasePrimaryProperty attempt 1 failed: Insufficient cash
[HTTP ERROR] purchasePrimaryProperty attempt 1 failed: Insufficient cash
[HTTP ERROR] purchasePrimaryProperty attempt 1 failed: Insufficient cash
[HTTP ERROR] purchasePrimaryProperty attempt 1 failed: Insufficient cash
[HTTP ERROR] purchasePrimaryProperty attempt 1 failed: Insufficient supply
[HTTP ERROR] purchasePrimaryProperty attempt 1 failed: Insufficient supply
[HTTP ERROR] purchasePrimaryProperty attempt 1 failed: Insufficient supply
[HTTP ERROR] purchasePrimaryProperty attempt 1 failed: Insufficient cash
[HTTP ERROR] purchasePrimaryProperty attempt 1 failed: Insufficient cash
[HTTP ERROR] purchasePrimaryProperty attempt 1 failed: Insufficient supply
[HTTP ERROR] purchasePrimaryProperty attempt 1 failed: Insufficient cash
[HTTP ERROR] purchasePrimaryProperty attempt 1 failed: Insufficient supply
[HTTP ERROR] purchasePrimaryProperty attempt 1 failed: Insufficient supply
[HTTP ERROR] purchasePrimaryProperty attempt 1 failed: Insufficient supply
[HTTP ERROR] purchasePrimaryProperty attempt 1 failed: Insufficient supply
[HTTP ERROR] purchasePrimaryProperty attempt 1 failed: Insufficient supply
[HTTP ERROR] purchasePrimaryProperty attempt 1 failed: Insufficient supply
[HTTP ERROR] purchasePrimaryProperty attempt 1 failed: Insufficient cash
[HTTP ERROR] purchasePrimaryProperty attempt 1 failed: Insufficient cash
[HTTP ERROR] purchasePrimaryProperty attempt 1 failed: Insufficient cash
[HTTP ERROR] purchasePrimaryProperty attempt 1 failed: Insufficient cash
[HTTP ERROR] purchasePrimaryProperty attempt 1 failed: Insufficient supply
[HTTP ERROR] purchasePrimaryProperty attempt 1 failed: Insufficient cash
[HTTP ERROR] purchasePrimaryProperty attempt 1 failed: Insufficient supply
[HTTP ERROR] purchasePrimaryProperty attempt 1 failed: Insufficient supply
[HTTP ERROR] purchasePrimaryProperty attempt 1 failed: Insufficient supply
[HTTP ERROR] purchasePrimaryProperty attempt 1 failed: Insufficient cash
[HTTP ERROR] purchasePrimaryProperty attempt 1 failed: Insufficient supply
[HTTP] Calling purchasePrimaryProperty...
[HTTP] Calling purchasePrimaryProperty...
[HTTP] Calling purchasePrimaryProperty...
[HTTP] Calling purchasePrimaryProperty...
[HTTP] Calling purchasePrimaryProperty...
[HTTP] Calling purchasePrimaryProperty...
[HTTP] Calling purchasePrimaryProperty...
[HTTP] Calling purchasePrimaryProperty...
[HTTP] Calling purchasePrimaryProperty...
[HTTP] Calling purchasePrimaryProperty...
[HTTP] Calling purchasePrimaryProperty...
[HTTP] Calling purchasePrimaryProperty...
[HTTP ERROR] purchasePrimaryProperty attempt 2 failed: Insufficient cash
[HTTP ERROR] purchasePrimaryProperty attempt 2 failed: Insufficient cash
[HTTP] Calling purchasePrimaryProperty...
[HTTP ERROR] purchasePrimaryProperty attempt 2 failed: Insufficient cash
[HTTP] Calling purchasePrimaryProperty...
[HTTP] Calling purchasePrimaryProperty...
[HTTP ERROR] purchasePrimaryProperty attempt 2 failed: Insufficient supply
[HTTP ERROR] purchasePrimaryProperty attempt 2 failed: Insufficient supply
[HTTP ERROR] purchasePrimaryProperty attempt 2 failed: Insufficient cash
[HTTP ERROR] purchasePrimaryProperty attempt 2 failed: Insufficient supply
[HTTP] Calling purchasePrimaryProperty...
[HTTP] Calling purchasePrimaryProperty...
[HTTP ERROR] purchasePrimaryProperty attempt 2 failed: Insufficient cash
[HTTP] Calling purchasePrimaryProperty...
[HTTP ERROR] purchasePrimaryProperty attempt 2 failed: Insufficient cash
[HTTP ERROR] purchasePrimaryProperty attempt 2 failed: Insufficient supply
[HTTP ERROR] purchasePrimaryProperty attempt 2 failed: Insufficient cash
[HTTP] Calling purchasePrimaryProperty...
[HTTP ERROR] purchasePrimaryProperty attempt 2 failed: Insufficient supply
[HTTP ERROR] purchasePrimaryProperty attempt 2 failed: Insufficient supply
[HTTP ERROR] purchasePrimaryProperty attempt 2 failed: Insufficient supply
[HTTP] Calling purchasePrimaryProperty...
[HTTP] Calling purchasePrimaryProperty...
[HTTP ERROR] purchasePrimaryProperty attempt 2 failed: Insufficient supply
[HTTP ERROR] purchasePrimaryProperty attempt 2 failed: Insufficient supply
[HTTP] Calling purchasePrimaryProperty...
[HTTP ERROR] purchasePrimaryProperty attempt 2 failed: Insufficient supply
[HTTP] Calling purchasePrimaryProperty...
[HTTP ERROR] purchasePrimaryProperty attempt 2 failed: Insufficient cash
[HTTP ERROR] purchasePrimaryProperty attempt 2 failed: Insufficient cash
[HTTP] Calling purchasePrimaryProperty...
[HTTP] Calling purchasePrimaryProperty...
[HTTP] Calling purchasePrimaryProperty...
[HTTP] Calling purchasePrimaryProperty...
[HTTP] Calling purchasePrimaryProperty...
[HTTP ERROR] purchasePrimaryProperty attempt 2 failed: Insufficient cash
[HTTP ERROR] purchasePrimaryProperty attempt 2 failed: Insufficient cash
[HTTP ERROR] purchasePrimaryProperty attempt 2 failed: Insufficient supply
[HTTP ERROR] purchasePrimaryProperty attempt 2 failed: Insufficient cash
[HTTP ERROR] purchasePrimaryProperty attempt 2 failed: Insufficient supply
[HTTP ERROR] purchasePrimaryProperty attempt 2 failed: Insufficient supply
[HTTP ERROR] purchasePrimaryProperty attempt 2 failed: Insufficient cash
[HTTP ERROR] purchasePrimaryProperty attempt 2 failed: Insufficient supply
[HTTP ERROR] purchasePrimaryProperty attempt 2 failed: Insufficient supply
[HTTP] Calling purchasePrimaryProperty...
[HTTP] Calling purchasePrimaryProperty...
[HTTP] Calling purchasePrimaryProperty...
[HTTP] Calling purchasePrimaryProperty...
[HTTP] Calling purchasePrimaryProperty...
[HTTP] Calling purchasePrimaryProperty...
[HTTP] Calling purchasePrimaryProperty...
[HTTP] Calling purchasePrimaryProperty...
[HTTP] Calling purchasePrimaryProperty...
[HTTP] Calling purchasePrimaryProperty...
[HTTP ERROR] purchasePrimaryProperty attempt 3 failed: Insufficient cash
Action Error: Insufficient cash
[HTTP] Calling purchasePrimaryProperty...
[HTTP ERROR] purchasePrimaryProperty attempt 3 failed: Insufficient cash
Action Error: Insufficient cash
[HTTP] Calling purchasePrimaryProperty...
[HTTP ERROR] purchasePrimaryProperty attempt 3 failed: Insufficient supply
Action Error: Insufficient supply
[HTTP ERROR] purchasePrimaryProperty attempt 3 failed: Insufficient supply
Action Error: Insufficient supply
[HTTP ERROR] purchasePrimaryProperty attempt 3 failed: Insufficient cash
Action Error: Insufficient cash
[HTTP] Calling purchasePrimaryProperty...
[HTTP] Calling purchasePrimaryProperty...
[HTTP] Calling purchasePrimaryProperty...
[HTTP] Calling purchasePrimaryProperty...
[HTTP] Calling purchasePrimaryProperty...
[HTTP] Calling purchasePrimaryProperty...
[HTTP] Calling purchasePrimaryProperty...
[HTTP ERROR] purchasePrimaryProperty attempt 3 failed: Insufficient cash
Action Error: Insufficient cash
[HTTP ERROR] purchasePrimaryProperty attempt 3 failed: Insufficient supply
Action Error: Insufficient supply
[HTTP ERROR] purchasePrimaryProperty attempt 3 failed: Insufficient supply
Action Error: Insufficient supply
[HTTP ERROR] purchasePrimaryProperty attempt 3 failed: Insufficient cash
Action Error: Insufficient cash
[HTTP] Calling purchasePrimaryProperty...
[HTTP ERROR] purchasePrimaryProperty attempt 3 failed: Insufficient cash
Action Error: Insufficient cash
[HTTP ERROR] purchasePrimaryProperty attempt 3 failed: Insufficient cash
Action Error: Insufficient cash
[HTTP] Calling purchasePrimaryProperty...
[HTTP] Calling purchasePrimaryProperty...
[HTTP] Calling purchasePrimaryProperty...
[HTTP ERROR] purchasePrimaryProperty attempt 3 failed: Insufficient supply
Action Error: Insufficient supply
[HTTP ERROR] purchasePrimaryProperty attempt 3 failed: Insufficient supply
Action Error: Insufficient supply
[HTTP] Calling purchasePrimaryProperty...
[HTTP] Calling purchasePrimaryProperty...
[HTTP ERROR] purchasePrimaryProperty attempt 3 failed: Insufficient supply
Action Error: Insufficient supply
[HTTP] Calling purchasePrimaryProperty...
[HTTP] Calling purchasePrimaryProperty...
[HTTP ERROR] purchasePrimaryProperty attempt 3 failed: Insufficient supply
Action Error: Insufficient supply
[HTTP] Calling purchasePrimaryProperty...
[HTTP ERROR] purchasePrimaryProperty attempt 3 failed: Insufficient supply
Action Error: Insufficient supply
[HTTP ERROR] purchasePrimaryProperty attempt 3 failed: Insufficient supply
Action Error: Insufficient supply
[HTTP ERROR] purchasePrimaryProperty attempt 3 failed: Insufficient cash
Action Error: Insufficient cash
[HTTP ERROR] purchasePrimaryProperty attempt 3 failed: Insufficient cash
Action Error: Insufficient cash
[HTTP ERROR] purchasePrimaryProperty attempt 3 failed: Insufficient cash
Action Error: Insufficient cash
[HTTP ERROR] purchasePrimaryProperty attempt 3 failed: Insufficient cash
Action Error: Insufficient cash
[HTTP ERROR] purchasePrimaryProperty attempt 3 failed: Insufficient supply
Action Error: Insufficient supply
[HTTP ERROR] purchasePrimaryProperty attempt 3 failed: Insufficient cash
Action Error: Insufficient cash
[HTTP ERROR] purchasePrimaryProperty attempt 3 failed: Insufficient supply
Action Error: Insufficient supply
[HTTP ERROR] purchasePrimaryProperty attempt 3 failed: Insufficient supply
Action Error: Insufficient supply
[HTTP ERROR] purchasePrimaryProperty attempt 3 failed: Insufficient supply
Action Error: Insufficient supply
[HTTP ERROR] purchasePrimaryProperty attempt 3 failed: Insufficient supply
Action Error: Insufficient supply
[HTTP ERROR] purchasePrimaryProperty attempt 3 failed: Insufficient cash
Action Error: Insufficient cash
[HTTP] Calling createEconomicBatch...
[HTTP] Calling dispatchBatchChunks...
[+] Executing P171...
[HTTP] Calling createEconomicBatch...
[HTTP] Calling dispatchBatchChunks...
[+] Executing P172...
[HTTP] Calling createEconomicBatch...
[HTTP] Calling dispatchBatchChunks...
[+] Executing P173...
[HTTP] Calling createEconomicBatch...
[HTTP] Calling dispatchBatchChunks...
[+] Executing P174...
[HTTP] Calling createEconomicBatch...
[HTTP] Calling dispatchBatchChunks...
[+] Executing P175...
[HTTP] Calling createEconomicBatch...
[HTTP] Calling dispatchBatchChunks...
[+] Executing P176...
[HTTP] Calling createEconomicBatch...
[HTTP] Calling dispatchBatchChunks...
[+] Executing P177...
[HTTP] Calling createEconomicBatch...
[HTTP] Calling dispatchBatchChunks...
[+] Executing P178...
[HTTP] Calling createEconomicBatch...
[HTTP] Calling dispatchBatchChunks...
[+] Executing P179...
[HTTP] Calling createEconomicBatch...
[HTTP] Calling dispatchBatchChunks...
[+] Executing P180...
[+] P180: Generating AI Actions...
[HTTP] Calling purchasePrimaryProperty...
[HTTP] Calling purchasePrimaryProperty...
[HTTP] Calling purchasePrimaryProperty...
[HTTP] Calling purchasePrimaryProperty...
[HTTP] Calling purchasePrimaryProperty...
[HTTP] Calling purchasePrimaryProperty...
[HTTP] Calling purchasePrimaryProperty...
[HTTP] Calling purchasePrimaryProperty...
[HTTP] Calling purchasePrimaryProperty...
[HTTP] Calling purchasePrimaryProperty...
[HTTP] Calling purchasePrimaryProperty...
[HTTP] Calling purchasePrimaryProperty...
[HTTP] Calling purchasePrimaryProperty...
[HTTP] Calling purchasePrimaryProperty...
[HTTP] Calling purchasePrimaryProperty...
[HTTP] Calling purchasePrimaryProperty...
[HTTP] Calling purchasePrimaryProperty...
[HTTP] Calling purchasePrimaryProperty...
[HTTP] Calling purchasePrimaryProperty...
[HTTP] Calling purchasePrimaryProperty...
[HTTP] Calling purchasePrimaryProperty...
[HTTP] Calling purchasePrimaryProperty...
[HTTP] Calling purchasePrimaryProperty...
[HTTP] Calling purchasePrimaryProperty...
[HTTP] Calling purchasePrimaryProperty...
[HTTP] Calling purchasePrimaryProperty...
[HTTP] Calling purchasePrimaryProperty...
[HTTP] Calling purchasePrimaryProperty...
[HTTP] Calling purchasePrimaryProperty...
[HTTP] Calling purchasePrimaryProperty...
[HTTP ERROR] purchasePrimaryProperty attempt 1 failed: Insufficient supply
[HTTP ERROR] purchasePrimaryProperty attempt 1 failed: Insufficient supply
[HTTP ERROR] purchasePrimaryProperty attempt 1 failed: Insufficient supply
[HTTP ERROR] purchasePrimaryProperty attempt 1 failed: Insufficient supply
[HTTP ERROR] purchasePrimaryProperty attempt 1 failed: Insufficient cash
[HTTP ERROR] purchasePrimaryProperty attempt 1 failed: Insufficient cash
[HTTP ERROR] purchasePrimaryProperty attempt 1 failed: Insufficient cash
[HTTP ERROR] purchasePrimaryProperty attempt 1 failed: Insufficient supply
[HTTP ERROR] purchasePrimaryProperty attempt 1 failed: Insufficient cash
[HTTP ERROR] purchasePrimaryProperty attempt 1 failed: Insufficient supply
[HTTP ERROR] purchasePrimaryProperty attempt 1 failed: Insufficient cash
[HTTP ERROR] purchasePrimaryProperty attempt 1 failed: Insufficient cash
[HTTP ERROR] purchasePrimaryProperty attempt 1 failed: Insufficient cash
[HTTP ERROR] purchasePrimaryProperty attempt 1 failed: Insufficient supply
[HTTP ERROR] purchasePrimaryProperty attempt 1 failed: Insufficient cash
[HTTP ERROR] purchasePrimaryProperty attempt 1 failed: Insufficient supply
[HTTP ERROR] purchasePrimaryProperty attempt 1 failed: Insufficient supply
[HTTP ERROR] purchasePrimaryProperty attempt 1 failed: Insufficient supply
[HTTP ERROR] purchasePrimaryProperty attempt 1 failed: Insufficient supply
[HTTP ERROR] purchasePrimaryProperty attempt 1 failed: Insufficient cash
[HTTP ERROR] purchasePrimaryProperty attempt 1 failed: Insufficient cash
[HTTP ERROR] purchasePrimaryProperty attempt 1 failed: Insufficient supply
[HTTP ERROR] purchasePrimaryProperty attempt 1 failed: Insufficient supply
[HTTP ERROR] purchasePrimaryProperty attempt 1 failed: Insufficient cash
[HTTP ERROR] purchasePrimaryProperty attempt 1 failed: Insufficient cash
[HTTP ERROR] purchasePrimaryProperty attempt 1 failed: Insufficient cash
[HTTP ERROR] purchasePrimaryProperty attempt 1 failed: Insufficient cash
[HTTP ERROR] purchasePrimaryProperty attempt 1 failed: Insufficient cash
[HTTP] Calling purchasePrimaryProperty...
[HTTP] Calling purchasePrimaryProperty...
[HTTP] Calling purchasePrimaryProperty...
[HTTP] Calling purchasePrimaryProperty...
[HTTP] Calling purchasePrimaryProperty...
[HTTP] Calling purchasePrimaryProperty...
[HTTP] Calling purchasePrimaryProperty...
[HTTP] Calling purchasePrimaryProperty...
[HTTP] Calling purchasePrimaryProperty...
[HTTP ERROR] purchasePrimaryProperty attempt 2 failed: Insufficient cash
[HTTP] Calling purchasePrimaryProperty...
[HTTP] Calling purchasePrimaryProperty...
[HTTP ERROR] purchasePrimaryProperty attempt 2 failed: Insufficient supply
[HTTP ERROR] purchasePrimaryProperty attempt 2 failed: Insufficient supply
[HTTP] Calling purchasePrimaryProperty...
[HTTP ERROR] purchasePrimaryProperty attempt 2 failed: Insufficient cash
[HTTP ERROR] purchasePrimaryProperty attempt 2 failed: Insufficient cash
[HTTP ERROR] purchasePrimaryProperty attempt 2 failed: Insufficient supply
[HTTP ERROR] purchasePrimaryProperty attempt 2 failed: Insufficient supply
[HTTP] Calling purchasePrimaryProperty...
[HTTP] Calling purchasePrimaryProperty...
[HTTP ERROR] purchasePrimaryProperty attempt 2 failed: Insufficient cash
[HTTP] Calling purchasePrimaryProperty...
[HTTP ERROR] purchasePrimaryProperty attempt 2 failed: Insufficient supply
[HTTP] Calling purchasePrimaryProperty...
[HTTP ERROR] purchasePrimaryProperty attempt 2 failed: Insufficient supply
[HTTP ERROR] purchasePrimaryProperty attempt 2 failed: Insufficient cash
[HTTP] Calling purchasePrimaryProperty...
[HTTP ERROR] purchasePrimaryProperty attempt 2 failed: Insufficient cash
[HTTP ERROR] purchasePrimaryProperty attempt 2 failed: Insufficient cash
[HTTP] Calling purchasePrimaryProperty...
[HTTP ERROR] purchasePrimaryProperty attempt 2 failed: Insufficient supply
[HTTP] Calling purchasePrimaryProperty...
[HTTP ERROR] purchasePrimaryProperty attempt 2 failed: Insufficient cash
[HTTP] Calling purchasePrimaryProperty...
[HTTP] Calling purchasePrimaryProperty...
[HTTP ERROR] purchasePrimaryProperty attempt 2 failed: Insufficient supply
[HTTP ERROR] purchasePrimaryProperty attempt 2 failed: Insufficient supply
[HTTP] Calling purchasePrimaryProperty...
[HTTP] Calling purchasePrimaryProperty...
[HTTP] Calling purchasePrimaryProperty...
[HTTP] Calling purchasePrimaryProperty...
[HTTP] Calling purchasePrimaryProperty...
[HTTP] Calling purchasePrimaryProperty...
[HTTP] Calling purchasePrimaryProperty...
[HTTP ERROR] purchasePrimaryProperty attempt 2 failed: Insufficient supply
[HTTP ERROR] purchasePrimaryProperty attempt 2 failed: Insufficient cash
[HTTP ERROR] purchasePrimaryProperty attempt 2 failed: Insufficient supply
[HTTP ERROR] purchasePrimaryProperty attempt 2 failed: Insufficient cash
[HTTP ERROR] purchasePrimaryProperty attempt 2 failed: Insufficient supply
[HTTP ERROR] purchasePrimaryProperty attempt 1 failed: Insufficient cash
[HTTP ERROR] purchasePrimaryProperty attempt 2 failed: Insufficient supply
[HTTP ERROR] purchasePrimaryProperty attempt 2 failed: Insufficient cash
[HTTP ERROR] purchasePrimaryProperty attempt 2 failed: Insufficient cash
[HTTP ERROR] purchasePrimaryProperty attempt 2 failed: Insufficient cash
[HTTP ERROR] purchasePrimaryProperty attempt 2 failed: Insufficient cash
[HTTP ERROR] purchasePrimaryProperty attempt 2 failed: Insufficient cash
[HTTP] Calling purchasePrimaryProperty...
[HTTP] Calling purchasePrimaryProperty...
[HTTP] Calling purchasePrimaryProperty...
[HTTP] Calling purchasePrimaryProperty...
[HTTP] Calling purchasePrimaryProperty...
[HTTP] Calling purchasePrimaryProperty...
[HTTP] Calling purchasePrimaryProperty...
[HTTP] Calling purchasePrimaryProperty...
[HTTP] Calling purchasePrimaryProperty...
[HTTP] Calling purchasePrimaryProperty...
[HTTP] Calling purchasePrimaryProperty...
[HTTP] Calling purchasePrimaryProperty...
[HTTP ERROR] purchasePrimaryProperty attempt 3 failed: Insufficient supply
Action Error: Insufficient supply
[HTTP ERROR] purchasePrimaryProperty attempt 3 failed: Insufficient cash
Action Error: Insufficient cash
[HTTP ERROR] purchasePrimaryProperty attempt 3 failed: Insufficient supply
Action Error: Insufficient supply
[HTTP ERROR] purchasePrimaryProperty attempt 3 failed: Insufficient cash
Action Error: Insufficient cash
[HTTP ERROR] purchasePrimaryProperty attempt 3 failed: Insufficient cash
Action Error: Insufficient cash
[HTTP] Calling purchasePrimaryProperty...
[HTTP ERROR] purchasePrimaryProperty attempt 3 failed: Insufficient supply
Action Error: Insufficient supply
[HTTP] Calling purchasePrimaryProperty...
[HTTP] Calling purchasePrimaryProperty...
[HTTP ERROR] purchasePrimaryProperty attempt 3 failed: Insufficient supply
Action Error: Insufficient supply
[HTTP] Calling purchasePrimaryProperty...
[HTTP] Calling purchasePrimaryProperty...
[HTTP ERROR] purchasePrimaryProperty attempt 3 failed: Insufficient cash
Action Error: Insufficient cash
[HTTP ERROR] purchasePrimaryProperty attempt 3 failed: Insufficient supply
Action Error: Insufficient supply
[HTTP ERROR] purchasePrimaryProperty attempt 3 failed: Insufficient cash
Action Error: Insufficient cash
[HTTP ERROR] purchasePrimaryProperty attempt 3 failed: Insufficient supply
Action Error: Insufficient supply
[HTTP] Calling purchasePrimaryProperty...
[HTTP ERROR] purchasePrimaryProperty attempt 3 failed: Insufficient cash
Action Error: Insufficient cash
[HTTP] Calling purchasePrimaryProperty...
[HTTP] Calling purchasePrimaryProperty...
[HTTP ERROR] purchasePrimaryProperty attempt 3 failed: Insufficient cash
Action Error: Insufficient cash
[HTTP ERROR] purchasePrimaryProperty attempt 3 failed: Insufficient cash
Action Error: Insufficient cash
[HTTP ERROR] purchasePrimaryProperty attempt 3 failed: Insufficient supply
Action Error: Insufficient supply
[HTTP ERROR] purchasePrimaryProperty attempt 3 failed: Insufficient supply
Action Error: Insufficient supply
[HTTP ERROR] purchasePrimaryProperty attempt 3 failed: Insufficient supply
Action Error: Insufficient supply
[HTTP] Calling purchasePrimaryProperty...
[HTTP] Calling purchasePrimaryProperty...
[HTTP] Calling purchasePrimaryProperty...
[HTTP ERROR] purchasePrimaryProperty attempt 3 failed: Insufficient supply
Action Error: Insufficient supply
[HTTP ERROR] purchasePrimaryProperty attempt 3 failed: Insufficient cash
Action Error: Insufficient cash
[HTTP ERROR] purchasePrimaryProperty attempt 3 failed: Insufficient supply
Action Error: Insufficient supply
[HTTP] Calling purchasePrimaryProperty...
[HTTP] Calling purchasePrimaryProperty...
[HTTP] Calling purchasePrimaryProperty...
[HTTP] Calling purchasePrimaryProperty...
[HTTP] Calling purchasePrimaryProperty...
[HTTP] Calling purchasePrimaryProperty...
[HTTP ERROR] purchasePrimaryProperty attempt 3 failed: Insufficient supply
Action Error: Insufficient supply
[HTTP ERROR] purchasePrimaryProperty attempt 3 failed: Insufficient cash
Action Error: Insufficient cash
[HTTP ERROR] purchasePrimaryProperty attempt 2 failed: Insufficient cash
[HTTP ERROR] purchasePrimaryProperty attempt 3 failed: Insufficient supply
Action Error: Insufficient supply
[HTTP ERROR] purchasePrimaryProperty attempt 3 failed: Insufficient cash
Action Error: Insufficient cash
[HTTP ERROR] purchasePrimaryProperty attempt 3 failed: Insufficient cash
Action Error: Insufficient cash
[HTTP ERROR] purchasePrimaryProperty attempt 3 failed: Insufficient cash
Action Error: Insufficient cash
[HTTP ERROR] purchasePrimaryProperty attempt 3 failed: Insufficient cash
Action Error: Insufficient cash
[HTTP ERROR] purchasePrimaryProperty attempt 3 failed: Insufficient cash
Action Error: Insufficient cash
[HTTP] Calling purchasePrimaryProperty...
[HTTP ERROR] purchasePrimaryProperty attempt 3 failed: Insufficient cash
Action Error: Insufficient cash
[HTTP] Calling createEconomicBatch...
[HTTP] Calling dispatchBatchChunks...
[+] Passed Period 180/360
[+] Executing P181...
[HTTP] Calling createEconomicBatch...
[HTTP] Calling dispatchBatchChunks...
[+] Executing P182...
[HTTP] Calling createEconomicBatch...
[HTTP] Calling dispatchBatchChunks...
[+] Executing P183...
[HTTP] Calling createEconomicBatch...
[HTTP] Calling dispatchBatchChunks...
[+] Executing P184...
[HTTP] Calling createEconomicBatch...
[HTTP] Calling dispatchBatchChunks...
[+] Executing P185...
[HTTP] Calling createEconomicBatch...
[HTTP] Calling dispatchBatchChunks...
[+] Executing P186...
[HTTP] Calling createEconomicBatch...
[HTTP] Calling dispatchBatchChunks...
[+] Executing P187...
[HTTP] Calling createEconomicBatch...
[HTTP] Calling dispatchBatchChunks...
[+] Executing P188...
[HTTP] Calling createEconomicBatch...
[HTTP] Calling dispatchBatchChunks...
[+] Executing P189...
[HTTP] Calling createEconomicBatch...
[HTTP] Calling dispatchBatchChunks...
[+] Executing P190...
[+] P190: Generating AI Actions...
[HTTP] Calling purchasePrimaryProperty...
[HTTP] Calling purchasePrimaryProperty...
[HTTP] Calling purchasePrimaryProperty...
[HTTP] Calling purchasePrimaryProperty...
[HTTP] Calling purchasePrimaryProperty...
[HTTP] Calling purchasePrimaryProperty...
[HTTP] Calling purchasePrimaryProperty...
[HTTP] Calling purchasePrimaryProperty...
[HTTP] Calling purchasePrimaryProperty...
[HTTP] Calling purchasePrimaryProperty...
[HTTP] Calling purchasePrimaryProperty...
[HTTP] Calling purchasePrimaryProperty...
[HTTP] Calling purchasePrimaryProperty...
[HTTP] Calling purchasePrimaryProperty...
[HTTP] Calling purchasePrimaryProperty...
[HTTP] Calling purchasePrimaryProperty...
[HTTP] Calling purchasePrimaryProperty...
[HTTP] Calling purchasePrimaryProperty...
[HTTP] Calling purchasePrimaryProperty...
[HTTP] Calling purchasePrimaryProperty...
[HTTP] Calling purchasePrimaryProperty...
[HTTP] Calling purchasePrimaryProperty...
[HTTP] Calling purchasePrimaryProperty...
[HTTP] Calling purchasePrimaryProperty...
[HTTP] Calling purchasePrimaryProperty...
[HTTP] Calling purchasePrimaryProperty...
[HTTP] Calling purchasePrimaryProperty...
[HTTP] Calling purchasePrimaryProperty...
[HTTP] Calling purchasePrimaryProperty...
[HTTP] Calling purchasePrimaryProperty...
[HTTP ERROR] purchasePrimaryProperty attempt 1 failed: Insufficient cash
[HTTP ERROR] purchasePrimaryProperty attempt 1 failed: Insufficient supply
[HTTP ERROR] purchasePrimaryProperty attempt 1 failed: Insufficient supply
[HTTP ERROR] purchasePrimaryProperty attempt 1 failed: Insufficient supply
[HTTP ERROR] purchasePrimaryProperty attempt 1 failed: Insufficient cash
[HTTP ERROR] purchasePrimaryProperty attempt 1 failed: Insufficient supply
[HTTP ERROR] purchasePrimaryProperty attempt 1 failed: Insufficient cash
[HTTP ERROR] purchasePrimaryProperty attempt 1 failed: Insufficient supply
[HTTP ERROR] purchasePrimaryProperty attempt 1 failed: Insufficient cash
[HTTP ERROR] purchasePrimaryProperty attempt 1 failed: Insufficient cash
[HTTP ERROR] purchasePrimaryProperty attempt 1 failed: Insufficient cash
[HTTP ERROR] purchasePrimaryProperty attempt 1 failed: Insufficient supply
[HTTP ERROR] purchasePrimaryProperty attempt 1 failed: Insufficient cash
[HTTP ERROR] purchasePrimaryProperty attempt 1 failed: Insufficient cash
[HTTP ERROR] purchasePrimaryProperty attempt 1 failed: Insufficient cash
[HTTP ERROR] purchasePrimaryProperty attempt 1 failed: Insufficient cash
[HTTP ERROR] purchasePrimaryProperty attempt 1 failed: Insufficient supply
[HTTP ERROR] purchasePrimaryProperty attempt 1 failed: Insufficient cash
[HTTP ERROR] purchasePrimaryProperty attempt 1 failed: Insufficient cash
[HTTP ERROR] purchasePrimaryProperty attempt 1 failed: Insufficient cash
[HTTP ERROR] purchasePrimaryProperty attempt 1 failed: Insufficient cash
[HTTP ERROR] purchasePrimaryProperty attempt 1 failed: Insufficient cash
[HTTP ERROR] purchasePrimaryProperty attempt 1 failed: Insufficient cash
[HTTP ERROR] purchasePrimaryProperty attempt 1 failed: Insufficient supply
[HTTP ERROR] purchasePrimaryProperty attempt 1 failed: Insufficient supply
[HTTP ERROR] purchasePrimaryProperty attempt 1 failed: Insufficient cash
[HTTP ERROR] purchasePrimaryProperty attempt 1 failed: Insufficient supply
[HTTP ERROR] purchasePrimaryProperty attempt 1 failed: Insufficient cash
[HTTP ERROR] purchasePrimaryProperty attempt 1 failed: Insufficient supply
[HTTP ERROR] purchasePrimaryProperty attempt 1 failed: Insufficient supply
[HTTP] Calling purchasePrimaryProperty...
[HTTP] Calling purchasePrimaryProperty...
[HTTP] Calling purchasePrimaryProperty...
[HTTP] Calling purchasePrimaryProperty...
[HTTP] Calling purchasePrimaryProperty...
[HTTP] Calling purchasePrimaryProperty...
[HTTP] Calling purchasePrimaryProperty...
[HTTP ERROR] purchasePrimaryProperty attempt 2 failed: Insufficient cash
[HTTP] Calling purchasePrimaryProperty...
[HTTP] Calling purchasePrimaryProperty...
[HTTP] Calling purchasePrimaryProperty...
[HTTP ERROR] purchasePrimaryProperty attempt 2 failed: Insufficient supply
[HTTP] Calling purchasePrimaryProperty...
[HTTP ERROR] purchasePrimaryProperty attempt 2 failed: Insufficient supply
[HTTP ERROR] purchasePrimaryProperty attempt 2 failed: Insufficient supply
[HTTP] Calling purchasePrimaryProperty...
[HTTP ERROR] purchasePrimaryProperty attempt 2 failed: Insufficient cash
[HTTP] Calling purchasePrimaryProperty...
[HTTP ERROR] purchasePrimaryProperty attempt 2 failed: Insufficient supply
[HTTP ERROR] purchasePrimaryProperty attempt 2 failed: Insufficient cash
[HTTP] Calling purchasePrimaryProperty...
[HTTP] Calling purchasePrimaryProperty...
[HTTP ERROR] purchasePrimaryProperty attempt 2 failed: Insufficient supply
[HTTP] Calling purchasePrimaryProperty...
[HTTP] Calling purchasePrimaryProperty...
[HTTP ERROR] purchasePrimaryProperty attempt 2 failed: Insufficient cash
[HTTP ERROR] purchasePrimaryProperty attempt 2 failed: Insufficient cash
[HTTP ERROR] purchasePrimaryProperty attempt 2 failed: Insufficient cash
[HTTP ERROR] purchasePrimaryProperty attempt 2 failed: Insufficient supply
[HTTP] Calling purchasePrimaryProperty...
[HTTP ERROR] purchasePrimaryProperty attempt 2 failed: Insufficient cash
[HTTP] Calling purchasePrimaryProperty...
[HTTP ERROR] purchasePrimaryProperty attempt 2 failed: Insufficient cash
[HTTP] Calling purchasePrimaryProperty...
[HTTP ERROR] purchasePrimaryProperty attempt 2 failed: Insufficient cash
[HTTP] Calling purchasePrimaryProperty...
[HTTP ERROR] purchasePrimaryProperty attempt 2 failed: Insufficient cash
[HTTP ERROR] purchasePrimaryProperty attempt 2 failed: Insufficient supply
[HTTP] Calling purchasePrimaryProperty...
[HTTP] Calling purchasePrimaryProperty...
[HTTP] Calling purchasePrimaryProperty...
[HTTP] Calling purchasePrimaryProperty...
[HTTP] Calling purchasePrimaryProperty...
[HTTP] Calling purchasePrimaryProperty...
[HTTP] Calling purchasePrimaryProperty...
[HTTP ERROR] purchasePrimaryProperty attempt 2 failed: Insufficient cash
[HTTP] Calling purchasePrimaryProperty...
[HTTP] Calling purchasePrimaryProperty...
[HTTP ERROR] purchasePrimaryProperty attempt 2 failed: Insufficient cash
[HTTP ERROR] purchasePrimaryProperty attempt 2 failed: Insufficient cash
[HTTP ERROR] purchasePrimaryProperty attempt 2 failed: Insufficient cash
[HTTP ERROR] purchasePrimaryProperty attempt 2 failed: Insufficient supply
[HTTP ERROR] purchasePrimaryProperty attempt 2 failed: Insufficient cash
[HTTP ERROR] purchasePrimaryProperty attempt 2 failed: Insufficient cash
[HTTP ERROR] purchasePrimaryProperty attempt 2 failed: Insufficient supply
[HTTP ERROR] purchasePrimaryProperty attempt 2 failed: Insufficient supply
[HTTP ERROR] purchasePrimaryProperty attempt 2 failed: Insufficient cash
[HTTP ERROR] purchasePrimaryProperty attempt 2 failed: Insufficient cash
[HTTP ERROR] purchasePrimaryProperty attempt 2 failed: Insufficient supply
[HTTP ERROR] purchasePrimaryProperty attempt 2 failed: Insufficient supply
[HTTP] Calling purchasePrimaryProperty...
[HTTP] Calling purchasePrimaryProperty...
[HTTP] Calling purchasePrimaryProperty...
[HTTP] Calling purchasePrimaryProperty...
[HTTP] Calling purchasePrimaryProperty...
[HTTP] Calling purchasePrimaryProperty...
[HTTP] Calling purchasePrimaryProperty...
[HTTP ERROR] purchasePrimaryProperty attempt 3 failed: Insufficient cash
Action Error: Insufficient cash
[HTTP] Calling purchasePrimaryProperty...
[HTTP] Calling purchasePrimaryProperty...
[HTTP ERROR] purchasePrimaryProperty attempt 3 failed: Insufficient supply
Action Error: Insufficient supply
[HTTP ERROR] purchasePrimaryProperty attempt 3 failed: Insufficient supply
Action Error: Insufficient supply
[HTTP ERROR] purchasePrimaryProperty attempt 3 failed: Insufficient supply
Action Error: Insufficient supply
[HTTP] Calling purchasePrimaryProperty...
[HTTP] Calling purchasePrimaryProperty...
[HTTP ERROR] purchasePrimaryProperty attempt 3 failed: Insufficient cash
Action Error: Insufficient cash
[HTTP] Calling purchasePrimaryProperty...
[HTTP ERROR] purchasePrimaryProperty attempt 3 failed: Insufficient supply
Action Error: Insufficient supply
[HTTP] Calling purchasePrimaryProperty...
[HTTP ERROR] purchasePrimaryProperty attempt 3 failed: Insufficient cash
Action Error: Insufficient cash
[HTTP] Calling purchasePrimaryProperty...
[HTTP] Calling purchasePrimaryProperty...
[HTTP] Calling purchasePrimaryProperty...
[HTTP ERROR] purchasePrimaryProperty attempt 3 failed: Insufficient cash
Action Error: Insufficient cash
[HTTP ERROR] purchasePrimaryProperty attempt 3 failed: Insufficient supply
Action Error: Insufficient supply
[HTTP] Calling purchasePrimaryProperty...
[HTTP ERROR] purchasePrimaryProperty attempt 3 failed: Insufficient cash
Action Error: Insufficient cash
[HTTP ERROR] purchasePrimaryProperty attempt 3 failed: Insufficient cash
Action Error: Insufficient cash
[HTTP] Calling purchasePrimaryProperty...
[HTTP ERROR] purchasePrimaryProperty attempt 3 failed: Insufficient supply
Action Error: Insufficient supply
[HTTP ERROR] purchasePrimaryProperty attempt 3 failed: Insufficient cash
Action Error: Insufficient cash
[HTTP] Calling purchasePrimaryProperty...
[HTTP] Calling purchasePrimaryProperty...
[HTTP ERROR] purchasePrimaryProperty attempt 3 failed: Insufficient cash
Action Error: Insufficient cash
[HTTP] Calling purchasePrimaryProperty...
[HTTP ERROR] purchasePrimaryProperty attempt 3 failed: Insufficient cash
Action Error: Insufficient cash
[HTTP ERROR] purchasePrimaryProperty attempt 3 failed: Insufficient cash
Action Error: Insufficient cash
[HTTP ERROR] purchasePrimaryProperty attempt 3 failed: Insufficient supply
Action Error: Insufficient supply
[HTTP ERROR] purchasePrimaryProperty attempt 3 failed: Insufficient cash
Action Error: Insufficient cash
[HTTP ERROR] purchasePrimaryProperty attempt 3 failed: Insufficient cash
Action Error: Insufficient cash
[HTTP] Calling purchasePrimaryProperty...
[HTTP ERROR] purchasePrimaryProperty attempt 3 failed: Insufficient cash
Action Error: Insufficient cash
[HTTP] Calling purchasePrimaryProperty...
[HTTP] Calling purchasePrimaryProperty...
[HTTP] Calling purchasePrimaryProperty...
[HTTP] Calling purchasePrimaryProperty...
[HTTP] Calling purchasePrimaryProperty...
[HTTP] Calling purchasePrimaryProperty...
[HTTP ERROR] purchasePrimaryProperty attempt 3 failed: Insufficient cash
Action Error: Insufficient cash
[HTTP] Calling purchasePrimaryProperty...
[HTTP] Calling purchasePrimaryProperty...
[HTTP ERROR] purchasePrimaryProperty attempt 3 failed: Insufficient supply
Action Error: Insufficient supply
[HTTP ERROR] purchasePrimaryProperty attempt 3 failed: Insufficient cash
Action Error: Insufficient cash
[HTTP ERROR] purchasePrimaryProperty attempt 3 failed: Insufficient cash
Action Error: Insufficient cash
[HTTP ERROR] purchasePrimaryProperty attempt 3 failed: Insufficient supply
Action Error: Insufficient supply
[HTTP ERROR] purchasePrimaryProperty attempt 3 failed: Insufficient cash
Action Error: Insufficient cash
[HTTP ERROR] purchasePrimaryProperty attempt 3 failed: Insufficient supply
Action Error: Insufficient supply
[HTTP ERROR] purchasePrimaryProperty attempt 3 failed: Insufficient cash
Action Error: Insufficient cash
[HTTP ERROR] purchasePrimaryProperty attempt 3 failed: Insufficient supply
Action Error: Insufficient supply
[HTTP ERROR] purchasePrimaryProperty attempt 3 failed: Insufficient supply
Action Error: Insufficient supply
[HTTP] Calling createEconomicBatch...
[HTTP] Calling dispatchBatchChunks...
[+] Executing P191...
[HTTP] Calling createEconomicBatch...
[HTTP] Calling dispatchBatchChunks...
[+] Executing P192...
[HTTP] Calling createEconomicBatch...
[HTTP] Calling dispatchBatchChunks...
[+] Executing P193...
[HTTP] Calling createEconomicBatch...
[HTTP] Calling dispatchBatchChunks...
[+] Executing P194...
[HTTP] Calling createEconomicBatch...
[HTTP] Calling dispatchBatchChunks...
[+] Executing P195...
[HTTP] Calling createEconomicBatch...
[HTTP] Calling dispatchBatchChunks...
[+] Executing P196...
[HTTP] Calling createEconomicBatch...
[HTTP] Calling dispatchBatchChunks...
[+] Executing P197...
[HTTP] Calling createEconomicBatch...
[HTTP] Calling dispatchBatchChunks...
[+] Executing P198...
[HTTP] Calling createEconomicBatch...
[HTTP] Calling dispatchBatchChunks...
[+] Executing P199...
[HTTP] Calling createEconomicBatch...
[HTTP] Calling dispatchBatchChunks...
[+] Executing P200...
[+] P200: Generating AI Actions...
[HTTP] Calling purchasePrimaryProperty...
[HTTP] Calling purchasePrimaryProperty...
[HTTP] Calling purchasePrimaryProperty...
[HTTP] Calling purchasePrimaryProperty...
[HTTP] Calling purchasePrimaryProperty...
[HTTP] Calling purchasePrimaryProperty...
[HTTP] Calling purchasePrimaryProperty...
[HTTP] Calling purchasePrimaryProperty...
[HTTP] Calling purchasePrimaryProperty...
[HTTP] Calling purchasePrimaryProperty...
[HTTP] Calling purchasePrimaryProperty...
[HTTP] Calling purchasePrimaryProperty...
[HTTP] Calling purchasePrimaryProperty...
[HTTP] Calling purchasePrimaryProperty...
[HTTP] Calling purchasePrimaryProperty...
[HTTP] Calling purchasePrimaryProperty...
[HTTP] Calling purchasePrimaryProperty...
[HTTP] Calling purchasePrimaryProperty...
[HTTP] Calling purchasePrimaryProperty...
[HTTP] Calling purchasePrimaryProperty...
[HTTP] Calling purchasePrimaryProperty...
[HTTP] Calling purchasePrimaryProperty...
[HTTP] Calling purchasePrimaryProperty...
[HTTP] Calling purchasePrimaryProperty...
[HTTP] Calling purchasePrimaryProperty...
[HTTP] Calling purchasePrimaryProperty...
[HTTP] Calling purchasePrimaryProperty...
[HTTP] Calling purchasePrimaryProperty...
[HTTP] Calling purchasePrimaryProperty...
[HTTP] Calling purchasePrimaryProperty...
[HTTP ERROR] purchasePrimaryProperty attempt 1 failed: Insufficient cash
[HTTP ERROR] purchasePrimaryProperty attempt 1 failed: Insufficient cash
[HTTP ERROR] purchasePrimaryProperty attempt 1 failed: Insufficient cash
[HTTP ERROR] purchasePrimaryProperty attempt 1 failed: Insufficient cash
[HTTP ERROR] purchasePrimaryProperty attempt 1 failed: Insufficient cash
[HTTP ERROR] purchasePrimaryProperty attempt 1 failed: Insufficient supply
[HTTP ERROR] purchasePrimaryProperty attempt 1 failed: Insufficient cash
[HTTP ERROR] purchasePrimaryProperty attempt 1 failed: Insufficient supply
[HTTP ERROR] purchasePrimaryProperty attempt 1 failed: Insufficient supply
[HTTP ERROR] purchasePrimaryProperty attempt 1 failed: Insufficient cash
[HTTP ERROR] purchasePrimaryProperty attempt 1 failed: Insufficient cash
[HTTP ERROR] purchasePrimaryProperty attempt 1 failed: Insufficient supply
[HTTP ERROR] purchasePrimaryProperty attempt 1 failed: Insufficient cash
[HTTP ERROR] purchasePrimaryProperty attempt 1 failed: Insufficient supply
[HTTP ERROR] purchasePrimaryProperty attempt 1 failed: Insufficient cash
[HTTP ERROR] purchasePrimaryProperty attempt 1 failed: Insufficient supply
[HTTP ERROR] purchasePrimaryProperty attempt 1 failed: Insufficient cash
[HTTP ERROR] purchasePrimaryProperty attempt 1 failed: Insufficient supply
[HTTP ERROR] purchasePrimaryProperty attempt 1 failed: Insufficient cash
[HTTP ERROR] purchasePrimaryProperty attempt 1 failed: Insufficient cash
[HTTP ERROR] purchasePrimaryProperty attempt 1 failed: Insufficient cash
[HTTP ERROR] purchasePrimaryProperty attempt 1 failed: Insufficient supply
[HTTP ERROR] purchasePrimaryProperty attempt 1 failed: Insufficient supply
[HTTP ERROR] purchasePrimaryProperty attempt 1 failed: Insufficient supply
[HTTP ERROR] purchasePrimaryProperty attempt 1 failed: Insufficient cash
[HTTP ERROR] purchasePrimaryProperty attempt 1 failed: Insufficient supply
[HTTP ERROR] purchasePrimaryProperty attempt 1 failed: Insufficient cash
[HTTP ERROR] purchasePrimaryProperty attempt 1 failed: Insufficient cash
[HTTP ERROR] purchasePrimaryProperty attempt 1 failed: Insufficient cash
[HTTP] Calling purchasePrimaryProperty...
[HTTP] Calling purchasePrimaryProperty...
[HTTP] Calling purchasePrimaryProperty...
[HTTP] Calling purchasePrimaryProperty...
[HTTP] Calling purchasePrimaryProperty...
[HTTP] Calling purchasePrimaryProperty...
[HTTP] Calling purchasePrimaryProperty...
[HTTP] Calling purchasePrimaryProperty...
[HTTP] Calling purchasePrimaryProperty...
[HTTP] Calling purchasePrimaryProperty...
[HTTP ERROR] purchasePrimaryProperty attempt 2 failed: Insufficient cash
[HTTP] Calling purchasePrimaryProperty...
[HTTP ERROR] purchasePrimaryProperty attempt 2 failed: Insufficient cash
[HTTP ERROR] purchasePrimaryProperty attempt 2 failed: Insufficient cash
[HTTP ERROR] purchasePrimaryProperty attempt 2 failed: Insufficient cash
[HTTP] Calling purchasePrimaryProperty...
[HTTP] Calling purchasePrimaryProperty...
[HTTP] Calling purchasePrimaryProperty...
[HTTP ERROR] purchasePrimaryProperty attempt 2 failed: Insufficient cash
[HTTP ERROR] purchasePrimaryProperty attempt 2 failed: Insufficient supply
[HTTP] Calling purchasePrimaryProperty...
[HTTP] Calling purchasePrimaryProperty...
[HTTP] Calling purchasePrimaryProperty...
[HTTP ERROR] purchasePrimaryProperty attempt 2 failed: Insufficient cash
[HTTP ERROR] purchasePrimaryProperty attempt 2 failed: Insufficient supply
[HTTP ERROR] purchasePrimaryProperty attempt 2 failed: Insufficient cash
[HTTP ERROR] purchasePrimaryProperty attempt 2 failed: Insufficient supply
[HTTP ERROR] purchasePrimaryProperty attempt 2 failed: Insufficient cash
[HTTP] Calling purchasePrimaryProperty...
[HTTP] Calling purchasePrimaryProperty...
[HTTP ERROR] purchasePrimaryProperty attempt 2 failed: Insufficient cash
[HTTP ERROR] purchasePrimaryProperty attempt 2 failed: Insufficient supply
[HTTP ERROR] purchasePrimaryProperty attempt 2 failed: Insufficient supply
[HTTP] Calling purchasePrimaryProperty...
[HTTP] Calling purchasePrimaryProperty...
[HTTP] Calling purchasePrimaryProperty...
[HTTP] Calling purchasePrimaryProperty...
[HTTP] Calling purchasePrimaryProperty...
[HTTP] Calling purchasePrimaryProperty...
[HTTP] Calling purchasePrimaryProperty...
[HTTP] Calling purchasePrimaryProperty...
[HTTP] Calling purchasePrimaryProperty...
[HTTP ERROR] purchasePrimaryProperty attempt 2 failed: Insufficient supply
[HTTP ERROR] purchasePrimaryProperty attempt 2 failed: Insufficient cash
[HTTP ERROR] purchasePrimaryProperty attempt 2 failed: Insufficient cash
[HTTP] Calling purchasePrimaryProperty...
[HTTP ERROR] purchasePrimaryProperty attempt 2 failed: Insufficient supply
[HTTP ERROR] purchasePrimaryProperty attempt 2 failed: Insufficient cash
[HTTP ERROR] purchasePrimaryProperty attempt 2 failed: Insufficient supply
[HTTP ERROR] purchasePrimaryProperty attempt 2 failed: Insufficient cash
[HTTP ERROR] purchasePrimaryProperty attempt 2 failed: Insufficient cash
[HTTP ERROR] purchasePrimaryProperty attempt 2 failed: Insufficient supply
[HTTP ERROR] purchasePrimaryProperty attempt 2 failed: Insufficient cash
[HTTP ERROR] purchasePrimaryProperty attempt 2 failed: Insufficient supply
[HTTP ERROR] purchasePrimaryProperty attempt 2 failed: Insufficient cash
[HTTP ERROR] purchasePrimaryProperty attempt 2 failed: Insufficient cash
[HTTP ERROR] purchasePrimaryProperty attempt 2 failed: Insufficient supply
[HTTP ERROR] purchasePrimaryProperty attempt 2 failed: Insufficient cash
[HTTP] Calling purchasePrimaryProperty...
[HTTP] Calling purchasePrimaryProperty...
[HTTP] Calling purchasePrimaryProperty...
[HTTP] Calling purchasePrimaryProperty...
[HTTP] Calling purchasePrimaryProperty...
[HTTP] Calling purchasePrimaryProperty...
[HTTP] Calling purchasePrimaryProperty...
[HTTP] Calling purchasePrimaryProperty...
[HTTP ERROR] purchasePrimaryProperty attempt 3 failed: Insufficient cash
Action Error: Insufficient cash
[HTTP] Calling purchasePrimaryProperty...
[HTTP ERROR] purchasePrimaryProperty attempt 3 failed: Insufficient cash
Action Error: Insufficient cash
[HTTP] Calling purchasePrimaryProperty...
[HTTP ERROR] purchasePrimaryProperty attempt 3 failed: Insufficient cash
Action Error: Insufficient cash
[HTTP ERROR] purchasePrimaryProperty attempt 3 failed: Insufficient cash
Action Error: Insufficient cash
[HTTP] Calling purchasePrimaryProperty...
[HTTP] Calling purchasePrimaryProperty...
[HTTP ERROR] purchasePrimaryProperty attempt 3 failed: Insufficient cash
Action Error: Insufficient cash
[HTTP] Calling purchasePrimaryProperty...
[HTTP ERROR] purchasePrimaryProperty attempt 3 failed: Insufficient supply
Action Error: Insufficient supply
[HTTP] Calling purchasePrimaryProperty...
[HTTP ERROR] purchasePrimaryProperty attempt 3 failed: Insufficient cash
Action Error: Insufficient cash
[HTTP] Calling purchasePrimaryProperty...
[HTTP] Calling purchasePrimaryProperty...
[HTTP] Calling purchasePrimaryProperty...
[HTTP] Calling purchasePrimaryProperty...
[HTTP ERROR] purchasePrimaryProperty attempt 3 failed: Insufficient supply
Action Error: Insufficient supply
[HTTP] Calling purchasePrimaryProperty...
[HTTP ERROR] purchasePrimaryProperty attempt 3 failed: Insufficient cash
Action Error: Insufficient cash
[HTTP ERROR] purchasePrimaryProperty attempt 3 failed: Insufficient supply
Action Error: Insufficient supply
[HTTP ERROR] purchasePrimaryProperty attempt 3 failed: Insufficient cash
Action Error: Insufficient cash
[HTTP ERROR] purchasePrimaryProperty attempt 3 failed: Insufficient supply
Action Error: Insufficient supply
[HTTP ERROR] purchasePrimaryProperty attempt 3 failed: Insufficient cash
Action Error: Insufficient cash
[HTTP] Calling purchasePrimaryProperty...
[HTTP] Calling purchasePrimaryProperty...
[HTTP ERROR] purchasePrimaryProperty attempt 3 failed: Insufficient supply
Action Error: Insufficient supply
[HTTP] Calling purchasePrimaryProperty...
[HTTP] Calling purchasePrimaryProperty...
[HTTP] Calling purchasePrimaryProperty...
[HTTP] Calling purchasePrimaryProperty...
[HTTP] Calling purchasePrimaryProperty...
[HTTP ERROR] purchasePrimaryProperty attempt 3 failed: Insufficient cash
Action Error: Insufficient cash
[HTTP] Calling purchasePrimaryProperty...
[HTTP ERROR] purchasePrimaryProperty attempt 3 failed: Insufficient supply
Action Error: Insufficient supply
[HTTP ERROR] purchasePrimaryProperty attempt 3 failed: Insufficient cash
Action Error: Insufficient cash
[HTTP] Calling purchasePrimaryProperty...
[HTTP] Calling purchasePrimaryProperty...
[HTTP ERROR] purchasePrimaryProperty attempt 3 failed: Insufficient supply
Action Error: Insufficient supply
[HTTP ERROR] purchasePrimaryProperty attempt 3 failed: Insufficient cash
Action Error: Insufficient cash
[HTTP ERROR] purchasePrimaryProperty attempt 3 failed: Insufficient cash
Action Error: Insufficient cash
[HTTP ERROR] purchasePrimaryProperty attempt 3 failed: Insufficient cash
Action Error: Insufficient cash
[HTTP ERROR] purchasePrimaryProperty attempt 3 failed: Insufficient supply
Action Error: Insufficient supply
[HTTP ERROR] purchasePrimaryProperty attempt 3 failed: Insufficient supply
Action Error: Insufficient supply
[HTTP ERROR] purchasePrimaryProperty attempt 3 failed: Insufficient cash
Action Error: Insufficient cash
[HTTP ERROR] purchasePrimaryProperty attempt 3 failed: Insufficient cash
Action Error: Insufficient cash
[HTTP ERROR] purchasePrimaryProperty attempt 3 failed: Insufficient supply
Action Error: Insufficient supply
[HTTP ERROR] purchasePrimaryProperty attempt 3 failed: Insufficient cash
Action Error: Insufficient cash
[HTTP ERROR] purchasePrimaryProperty attempt 3 failed: Insufficient cash
Action Error: Insufficient cash
[HTTP ERROR] purchasePrimaryProperty attempt 3 failed: Insufficient supply
Action Error: Insufficient supply
[HTTP] Calling createEconomicBatch...
[HTTP] Calling dispatchBatchChunks...
[+] Executing P201...
[HTTP] Calling createEconomicBatch...
[HTTP] Calling dispatchBatchChunks...
[+] Executing P202...
[HTTP] Calling createEconomicBatch...
[HTTP] Calling dispatchBatchChunks...
[+] Executing P203...
[HTTP] Calling createEconomicBatch...
[HTTP] Calling dispatchBatchChunks...
[+] Executing P204...
[HTTP] Calling createEconomicBatch...
[HTTP] Calling dispatchBatchChunks...
[+] Executing P205...
[HTTP] Calling createEconomicBatch...
[HTTP] Calling dispatchBatchChunks...
[+] Executing P206...
[HTTP] Calling createEconomicBatch...
[HTTP] Calling dispatchBatchChunks...
[+] Executing P207...
[HTTP] Calling createEconomicBatch...
[HTTP] Calling dispatchBatchChunks...
[+] Executing P208...
[HTTP] Calling createEconomicBatch...
[HTTP] Calling dispatchBatchChunks...
[+] Executing P209...
[HTTP] Calling createEconomicBatch...
[HTTP] Calling dispatchBatchChunks...
[+] Executing P210...
[+] P210: Generating AI Actions...
[HTTP] Calling purchasePrimaryProperty...
[HTTP] Calling purchasePrimaryProperty...
[HTTP] Calling purchasePrimaryProperty...
[HTTP] Calling purchasePrimaryProperty...
[HTTP] Calling purchasePrimaryProperty...
[HTTP] Calling purchasePrimaryProperty...
[HTTP] Calling purchasePrimaryProperty...
[HTTP] Calling purchasePrimaryProperty...
[HTTP] Calling purchasePrimaryProperty...
[HTTP] Calling purchasePrimaryProperty...
[HTTP] Calling purchasePrimaryProperty...
[HTTP] Calling purchasePrimaryProperty...
[HTTP] Calling purchasePrimaryProperty...
[HTTP] Calling purchasePrimaryProperty...
[HTTP] Calling purchasePrimaryProperty...
[HTTP] Calling purchasePrimaryProperty...
[HTTP] Calling purchasePrimaryProperty...
[HTTP] Calling purchasePrimaryProperty...
[HTTP] Calling purchasePrimaryProperty...
[HTTP] Calling purchasePrimaryProperty...
[HTTP] Calling purchasePrimaryProperty...
[HTTP] Calling purchasePrimaryProperty...
[HTTP] Calling purchasePrimaryProperty...
[HTTP] Calling purchasePrimaryProperty...
[HTTP] Calling purchasePrimaryProperty...
[HTTP] Calling purchasePrimaryProperty...
[HTTP] Calling purchasePrimaryProperty...
[HTTP] Calling purchasePrimaryProperty...
[HTTP] Calling purchasePrimaryProperty...
[HTTP] Calling purchasePrimaryProperty...
[HTTP ERROR] purchasePrimaryProperty attempt 1 failed: Insufficient cash
[HTTP ERROR] purchasePrimaryProperty attempt 1 failed: Insufficient supply
[HTTP ERROR] purchasePrimaryProperty attempt 1 failed: Insufficient supply
[HTTP ERROR] purchasePrimaryProperty attempt 1 failed: Insufficient cash
[HTTP ERROR] purchasePrimaryProperty attempt 1 failed: Insufficient supply
[HTTP ERROR] purchasePrimaryProperty attempt 1 failed: Insufficient supply
[HTTP ERROR] purchasePrimaryProperty attempt 1 failed: Insufficient supply
[HTTP ERROR] purchasePrimaryProperty attempt 1 failed: Insufficient supply
[HTTP ERROR] purchasePrimaryProperty attempt 1 failed: Insufficient supply
[HTTP ERROR] purchasePrimaryProperty attempt 1 failed: Insufficient cash
[HTTP ERROR] purchasePrimaryProperty attempt 1 failed: Insufficient cash
[HTTP ERROR] purchasePrimaryProperty attempt 1 failed: Insufficient cash
[HTTP ERROR] purchasePrimaryProperty attempt 1 failed: Insufficient supply
[HTTP ERROR] purchasePrimaryProperty attempt 1 failed: Insufficient supply
[HTTP ERROR] purchasePrimaryProperty attempt 1 failed: Insufficient supply
[HTTP ERROR] purchasePrimaryProperty attempt 1 failed: Insufficient cash
[HTTP ERROR] purchasePrimaryProperty attempt 1 failed: Insufficient cash
[HTTP ERROR] purchasePrimaryProperty attempt 1 failed: Insufficient cash
[HTTP ERROR] purchasePrimaryProperty attempt 1 failed: Insufficient supply
[HTTP ERROR] purchasePrimaryProperty attempt 1 failed: Insufficient supply
[HTTP ERROR] purchasePrimaryProperty attempt 1 failed: Insufficient cash
[HTTP ERROR] purchasePrimaryProperty attempt 1 failed: Insufficient supply
[HTTP ERROR] purchasePrimaryProperty attempt 1 failed: Insufficient supply
[HTTP ERROR] purchasePrimaryProperty attempt 1 failed: Insufficient cash
[HTTP ERROR] purchasePrimaryProperty attempt 1 failed: Insufficient cash
[HTTP ERROR] purchasePrimaryProperty attempt 1 failed: Insufficient cash
[HTTP ERROR] purchasePrimaryProperty attempt 1 failed: Insufficient supply
[HTTP ERROR] purchasePrimaryProperty attempt 1 failed: Insufficient cash
[HTTP ERROR] purchasePrimaryProperty attempt 1 failed: Insufficient supply
[HTTP] Calling purchasePrimaryProperty...
[HTTP] Calling purchasePrimaryProperty...
[HTTP] Calling purchasePrimaryProperty...
[HTTP] Calling purchasePrimaryProperty...
[HTTP] Calling purchasePrimaryProperty...
[HTTP] Calling purchasePrimaryProperty...
[HTTP] Calling purchasePrimaryProperty...
[HTTP] Calling purchasePrimaryProperty...
[HTTP] Calling purchasePrimaryProperty...
[HTTP] Calling purchasePrimaryProperty...
[HTTP] Calling purchasePrimaryProperty...
[HTTP] Calling purchasePrimaryProperty...
[HTTP] Calling purchasePrimaryProperty...
[HTTP] Calling purchasePrimaryProperty...
[HTTP] Calling purchasePrimaryProperty...
[HTTP ERROR] purchasePrimaryProperty attempt 2 failed: Insufficient supply
[HTTP ERROR] purchasePrimaryProperty attempt 2 failed: Insufficient cash
[HTTP ERROR] purchasePrimaryProperty attempt 2 failed: Insufficient supply
[HTTP] Calling purchasePrimaryProperty...
[HTTP] Calling purchasePrimaryProperty...
[HTTP] Calling purchasePrimaryProperty...
[HTTP ERROR] purchasePrimaryProperty attempt 2 failed: Insufficient supply
[HTTP ERROR] purchasePrimaryProperty attempt 2 failed: Insufficient supply
[HTTP ERROR] purchasePrimaryProperty attempt 2 failed: Insufficient cash
[HTTP ERROR] purchasePrimaryProperty attempt 2 failed: Insufficient cash
[HTTP ERROR] purchasePrimaryProperty attempt 2 failed: Insufficient supply
[HTTP ERROR] purchasePrimaryProperty attempt 2 failed: Insufficient cash
[HTTP] Calling purchasePrimaryProperty...
[HTTP ERROR] purchasePrimaryProperty attempt 2 failed: Insufficient supply
[HTTP] Calling purchasePrimaryProperty...
[HTTP ERROR] purchasePrimaryProperty attempt 2 failed: Insufficient cash
[HTTP ERROR] purchasePrimaryProperty attempt 2 failed: Insufficient supply
[HTTP] Calling purchasePrimaryProperty...
[HTTP] Calling purchasePrimaryProperty...
[HTTP ERROR] purchasePrimaryProperty attempt 2 failed: Insufficient supply
[HTTP] Calling purchasePrimaryProperty...
[HTTP] Calling purchasePrimaryProperty...
[HTTP ERROR] purchasePrimaryProperty attempt 2 failed: Insufficient supply
[HTTP ERROR] purchasePrimaryProperty attempt 2 failed: Insufficient supply
[HTTP] Calling purchasePrimaryProperty...
[HTTP] Calling purchasePrimaryProperty...
[HTTP] Calling purchasePrimaryProperty...
[HTTP] Calling purchasePrimaryProperty...
[HTTP] Calling purchasePrimaryProperty...
[HTTP ERROR] purchasePrimaryProperty attempt 2 failed: Insufficient cash
[HTTP ERROR] purchasePrimaryProperty attempt 2 failed: Insufficient cash
[HTTP ERROR] purchasePrimaryProperty attempt 2 failed: Insufficient supply
[HTTP ERROR] purchasePrimaryProperty attempt 2 failed: Insufficient cash
[HTTP ERROR] purchasePrimaryProperty attempt 2 failed: Insufficient supply
[HTTP ERROR] purchasePrimaryProperty attempt 2 failed: Insufficient supply
[HTTP ERROR] purchasePrimaryProperty attempt 2 failed: Insufficient supply
[HTTP ERROR] purchasePrimaryProperty attempt 2 failed: Insufficient cash
[HTTP ERROR] purchasePrimaryProperty attempt 2 failed: Insufficient cash
[HTTP ERROR] purchasePrimaryProperty attempt 2 failed: Insufficient cash
[HTTP ERROR] purchasePrimaryProperty attempt 2 failed: Insufficient supply
[HTTP ERROR] purchasePrimaryProperty attempt 2 failed: Insufficient cash
[HTTP ERROR] purchasePrimaryProperty attempt 2 failed: Insufficient supply
[HTTP ERROR] purchasePrimaryProperty attempt 2 failed: Insufficient cash
[HTTP] Calling purchasePrimaryProperty...
[HTTP] Calling purchasePrimaryProperty...
[HTTP] Calling purchasePrimaryProperty...
[HTTP] Calling purchasePrimaryProperty...
[HTTP] Calling purchasePrimaryProperty...
[HTTP] Calling purchasePrimaryProperty...
[HTTP] Calling purchasePrimaryProperty...
[HTTP ERROR] purchasePrimaryProperty attempt 3 failed: Insufficient cash
Action Error: Insufficient cash
[HTTP] Calling purchasePrimaryProperty...
[HTTP] Calling purchasePrimaryProperty...
[HTTP ERROR] purchasePrimaryProperty attempt 3 failed: Insufficient supply
Action Error: Insufficient supply
[HTTP] Calling purchasePrimaryProperty...
[HTTP ERROR] purchasePrimaryProperty attempt 3 failed: Insufficient supply
Action Error: Insufficient supply
[HTTP] Calling purchasePrimaryProperty...
[HTTP] Calling purchasePrimaryProperty...
[HTTP] Calling purchasePrimaryProperty...
[HTTP] Calling purchasePrimaryProperty...
[HTTP] Calling purchasePrimaryProperty...
[HTTP ERROR] purchasePrimaryProperty attempt 3 failed: Insufficient supply
Action Error: Insufficient supply
[HTTP ERROR] purchasePrimaryProperty attempt 3 failed: Insufficient supply
Action Error: Insufficient supply
[HTTP] Calling purchasePrimaryProperty...
[HTTP] Calling purchasePrimaryProperty...
[HTTP ERROR] purchasePrimaryProperty attempt 3 failed: Insufficient cash
Action Error: Insufficient cash
[HTTP ERROR] purchasePrimaryProperty attempt 3 failed: Insufficient supply
Action Error: Insufficient supply
[HTTP ERROR] purchasePrimaryProperty attempt 3 failed: Insufficient cash
Action Error: Insufficient cash
[HTTP] Calling purchasePrimaryProperty...
[HTTP] Calling purchasePrimaryProperty...
[HTTP] Calling purchasePrimaryProperty...
[HTTP ERROR] purchasePrimaryProperty attempt 3 failed: Insufficient cash
Action Error: Insufficient cash
[HTTP ERROR] purchasePrimaryProperty attempt 3 failed: Insufficient supply
Action Error: Insufficient supply
[HTTP] Calling purchasePrimaryProperty...
[HTTP ERROR] purchasePrimaryProperty attempt 3 failed: Insufficient supply
Action Error: Insufficient supply
[HTTP ERROR] purchasePrimaryProperty attempt 3 failed: Insufficient supply
Action Error: Insufficient supply
[HTTP ERROR] purchasePrimaryProperty attempt 3 failed: Insufficient cash
Action Error: Insufficient cash
[HTTP] Calling purchasePrimaryProperty...
[HTTP] Calling purchasePrimaryProperty...
[HTTP] Calling purchasePrimaryProperty...
[HTTP ERROR] purchasePrimaryProperty attempt 3 failed: Insufficient supply
Action Error: Insufficient supply
[HTTP ERROR] purchasePrimaryProperty attempt 3 failed: Insufficient supply
Action Error: Insufficient supply
[HTTP ERROR] purchasePrimaryProperty attempt 3 failed: Insufficient cash
Action Error: Insufficient cash
[HTTP ERROR] purchasePrimaryProperty attempt 3 failed: Insufficient cash
Action Error: Insufficient cash
[HTTP] Calling purchasePrimaryProperty...
[HTTP ERROR] purchasePrimaryProperty attempt 3 failed: Insufficient cash
Action Error: Insufficient cash
[HTTP] Calling purchasePrimaryProperty...
[HTTP] Calling purchasePrimaryProperty...
[HTTP ERROR] purchasePrimaryProperty attempt 3 failed: Insufficient supply
Action Error: Insufficient supply
[HTTP] Calling purchasePrimaryProperty...
[HTTP ERROR] purchasePrimaryProperty attempt 3 failed: Insufficient supply
Action Error: Insufficient supply
[HTTP ERROR] purchasePrimaryProperty attempt 3 failed: Insufficient supply
Action Error: Insufficient supply
[HTTP] Calling purchasePrimaryProperty...
[HTTP ERROR] purchasePrimaryProperty attempt 3 failed: Insufficient cash
Action Error: Insufficient cash
[HTTP ERROR] purchasePrimaryProperty attempt 3 failed: Insufficient supply
Action Error: Insufficient supply
[HTTP ERROR] purchasePrimaryProperty attempt 3 failed: Insufficient cash
Action Error: Insufficient cash
[HTTP ERROR] purchasePrimaryProperty attempt 3 failed: Insufficient cash
Action Error: Insufficient cash
[HTTP ERROR] purchasePrimaryProperty attempt 3 failed: Insufficient supply
Action Error: Insufficient supply
[HTTP ERROR] purchasePrimaryProperty attempt 3 failed: Insufficient supply
Action Error: Insufficient supply
[HTTP ERROR] purchasePrimaryProperty attempt 3 failed: Insufficient cash
Action Error: Insufficient cash
[HTTP ERROR] purchasePrimaryProperty attempt 3 failed: Insufficient cash
Action Error: Insufficient cash
[HTTP] Calling createEconomicBatch...
[HTTP] Calling dispatchBatchChunks...
[+] Passed Period 210/360
[+] Executing P211...
[HTTP] Calling createEconomicBatch...
[HTTP] Calling dispatchBatchChunks...
[+] Executing P212...
[HTTP] Calling createEconomicBatch...
[HTTP] Calling dispatchBatchChunks...
[+] Executing P213...
[HTTP] Calling createEconomicBatch...
[HTTP] Calling dispatchBatchChunks...
[+] Executing P214...
[HTTP] Calling createEconomicBatch...
[HTTP] Calling dispatchBatchChunks...
[+] Executing P215...
[HTTP] Calling createEconomicBatch...
[HTTP] Calling dispatchBatchChunks...
[+] Executing P216...
[HTTP] Calling createEconomicBatch...
[HTTP] Calling dispatchBatchChunks...
[+] Executing P217...
[HTTP] Calling createEconomicBatch...
[HTTP] Calling dispatchBatchChunks...
[+] Executing P218...
[HTTP] Calling createEconomicBatch...
[HTTP] Calling dispatchBatchChunks...
[+] Executing P219...
[HTTP] Calling createEconomicBatch...
[HTTP] Calling dispatchBatchChunks...
[+] Executing P220...
[+] P220: Generating AI Actions...
[HTTP] Calling purchasePrimaryProperty...
[HTTP] Calling purchasePrimaryProperty...
[HTTP] Calling purchasePrimaryProperty...
[HTTP] Calling purchasePrimaryProperty...
[HTTP] Calling purchasePrimaryProperty...
[HTTP] Calling purchasePrimaryProperty...
[HTTP] Calling purchasePrimaryProperty...
[HTTP] Calling purchasePrimaryProperty...
[HTTP] Calling purchasePrimaryProperty...
[HTTP] Calling purchasePrimaryProperty...
[HTTP] Calling purchasePrimaryProperty...
[HTTP] Calling purchasePrimaryProperty...
[HTTP] Calling purchasePrimaryProperty...
[HTTP] Calling purchasePrimaryProperty...
[HTTP] Calling purchasePrimaryProperty...
[HTTP] Calling purchasePrimaryProperty...
[HTTP] Calling purchasePrimaryProperty...
[HTTP] Calling purchasePrimaryProperty...
[HTTP] Calling purchasePrimaryProperty...
[HTTP] Calling purchasePrimaryProperty...
[HTTP] Calling purchasePrimaryProperty...
[HTTP] Calling purchasePrimaryProperty...
[HTTP] Calling purchasePrimaryProperty...
[HTTP] Calling purchasePrimaryProperty...
[HTTP] Calling purchasePrimaryProperty...
[HTTP] Calling purchasePrimaryProperty...
[HTTP] Calling purchasePrimaryProperty...
[HTTP] Calling purchasePrimaryProperty...
[HTTP] Calling purchasePrimaryProperty...
[HTTP] Calling purchasePrimaryProperty...
[HTTP ERROR] purchasePrimaryProperty attempt 1 failed: Insufficient cash
[HTTP ERROR] purchasePrimaryProperty attempt 1 failed: Insufficient cash
[HTTP ERROR] purchasePrimaryProperty attempt 1 failed: Insufficient cash
[HTTP ERROR] purchasePrimaryProperty attempt 1 failed: Insufficient cash
[HTTP ERROR] purchasePrimaryProperty attempt 1 failed: Insufficient supply
[HTTP ERROR] purchasePrimaryProperty attempt 1 failed: Insufficient cash
[HTTP ERROR] purchasePrimaryProperty attempt 1 failed: Insufficient supply
[HTTP ERROR] purchasePrimaryProperty attempt 1 failed: Insufficient cash
[HTTP ERROR] purchasePrimaryProperty attempt 1 failed: Insufficient cash
[HTTP ERROR] purchasePrimaryProperty attempt 1 failed: Insufficient supply
[HTTP ERROR] purchasePrimaryProperty attempt 1 failed: Insufficient cash
[HTTP ERROR] purchasePrimaryProperty attempt 1 failed: Insufficient supply
[HTTP ERROR] purchasePrimaryProperty attempt 1 failed: Insufficient cash
[HTTP ERROR] purchasePrimaryProperty attempt 1 failed: Insufficient cash
[HTTP ERROR] purchasePrimaryProperty attempt 1 failed: Insufficient cash
[HTTP ERROR] purchasePrimaryProperty attempt 1 failed: Insufficient supply
[HTTP ERROR] purchasePrimaryProperty attempt 1 failed: Insufficient cash
[HTTP ERROR] purchasePrimaryProperty attempt 1 failed: Insufficient cash
[HTTP ERROR] purchasePrimaryProperty attempt 1 failed: Insufficient supply
[HTTP ERROR] purchasePrimaryProperty attempt 1 failed: Insufficient cash
[HTTP ERROR] purchasePrimaryProperty attempt 1 failed: Insufficient cash
[HTTP ERROR] purchasePrimaryProperty attempt 1 failed: Insufficient supply
[HTTP ERROR] purchasePrimaryProperty attempt 1 failed: Insufficient cash
[HTTP ERROR] purchasePrimaryProperty attempt 1 failed: Insufficient supply
[HTTP ERROR] purchasePrimaryProperty attempt 1 failed: Insufficient cash
[HTTP ERROR] purchasePrimaryProperty attempt 1 failed: Insufficient cash
[HTTP ERROR] purchasePrimaryProperty attempt 1 failed: Insufficient supply
[HTTP ERROR] purchasePrimaryProperty attempt 1 failed: Insufficient supply
[HTTP ERROR] purchasePrimaryProperty attempt 1 failed: Insufficient supply
[HTTP] Calling purchasePrimaryProperty...
[HTTP] Calling purchasePrimaryProperty...
[HTTP] Calling purchasePrimaryProperty...
[HTTP] Calling purchasePrimaryProperty...
[HTTP] Calling purchasePrimaryProperty...
[HTTP] Calling purchasePrimaryProperty...
[HTTP] Calling purchasePrimaryProperty...
[HTTP] Calling purchasePrimaryProperty...
[HTTP] Calling purchasePrimaryProperty...
[HTTP ERROR] purchasePrimaryProperty attempt 2 failed: Insufficient cash
[HTTP ERROR] purchasePrimaryProperty attempt 2 failed: Insufficient cash
[HTTP] Calling purchasePrimaryProperty...
[HTTP ERROR] purchasePrimaryProperty attempt 2 failed: Insufficient cash
[HTTP] Calling purchasePrimaryProperty...
[HTTP] Calling purchasePrimaryProperty...
[HTTP ERROR] purchasePrimaryProperty attempt 2 failed: Insufficient cash
[HTTP ERROR] purchasePrimaryProperty attempt 2 failed: Insufficient supply
[HTTP ERROR] purchasePrimaryProperty attempt 2 failed: Insufficient cash
[HTTP ERROR] purchasePrimaryProperty attempt 2 failed: Insufficient cash
[HTTP] Calling purchasePrimaryProperty...
[HTTP ERROR] purchasePrimaryProperty attempt 2 failed: Insufficient supply
[HTTP] Calling purchasePrimaryProperty...
[HTTP ERROR] purchasePrimaryProperty attempt 2 failed: Insufficient cash
[HTTP] Calling purchasePrimaryProperty...
[HTTP] Calling purchasePrimaryProperty...
[HTTP] Calling purchasePrimaryProperty...
[HTTP] Calling purchasePrimaryProperty...
[HTTP ERROR] purchasePrimaryProperty attempt 2 failed: Insufficient supply
[HTTP] Calling purchasePrimaryProperty...
[HTTP] Calling purchasePrimaryProperty...
[HTTP ERROR] purchasePrimaryProperty attempt 2 failed: Insufficient cash
[HTTP] Calling purchasePrimaryProperty...
[HTTP ERROR] purchasePrimaryProperty attempt 2 failed: Insufficient supply
[HTTP ERROR] purchasePrimaryProperty attempt 2 failed: Insufficient cash
[HTTP ERROR] purchasePrimaryProperty attempt 2 failed: Insufficient cash
[HTTP] Calling purchasePrimaryProperty...
[HTTP ERROR] purchasePrimaryProperty attempt 2 failed: Insufficient cash
[HTTP ERROR] purchasePrimaryProperty attempt 2 failed: Insufficient supply
[HTTP] Calling purchasePrimaryProperty...
[HTTP ERROR] purchasePrimaryProperty attempt 2 failed: Insufficient cash
[HTTP] Calling purchasePrimaryProperty...
[HTTP ERROR] purchasePrimaryProperty attempt 2 failed: Insufficient supply
[HTTP ERROR] purchasePrimaryProperty attempt 2 failed: Insufficient cash
[HTTP] Calling purchasePrimaryProperty...
[HTTP] Calling purchasePrimaryProperty...
[HTTP] Calling purchasePrimaryProperty...
[HTTP] Calling purchasePrimaryProperty...
[HTTP] Calling purchasePrimaryProperty...
[HTTP ERROR] purchasePrimaryProperty attempt 2 failed: Insufficient cash
[HTTP ERROR] purchasePrimaryProperty attempt 2 failed: Insufficient cash
[HTTP ERROR] purchasePrimaryProperty attempt 2 failed: Insufficient supply
[HTTP ERROR] purchasePrimaryProperty attempt 2 failed: Insufficient cash
[HTTP ERROR] purchasePrimaryProperty attempt 2 failed: Insufficient supply
[HTTP ERROR] purchasePrimaryProperty attempt 2 failed: Insufficient cash
[HTTP ERROR] purchasePrimaryProperty attempt 2 failed: Insufficient supply
[HTTP ERROR] purchasePrimaryProperty attempt 2 failed: Insufficient cash
[HTTP ERROR] purchasePrimaryProperty attempt 2 failed: Insufficient supply
[HTTP ERROR] purchasePrimaryProperty attempt 2 failed: Insufficient supply
[HTTP] Calling purchasePrimaryProperty...
[HTTP] Calling purchasePrimaryProperty...
[HTTP] Calling purchasePrimaryProperty...
[HTTP] Calling purchasePrimaryProperty...
[HTTP] Calling purchasePrimaryProperty...
[HTTP] Calling purchasePrimaryProperty...
[HTTP] Calling purchasePrimaryProperty...
[HTTP] Calling purchasePrimaryProperty...
[HTTP ERROR] purchasePrimaryProperty attempt 3 failed: Insufficient cash
Action Error: Insufficient cash
[HTTP] Calling purchasePrimaryProperty...
[HTTP ERROR] purchasePrimaryProperty attempt 3 failed: Insufficient cash
Action Error: Insufficient cash
[HTTP] Calling purchasePrimaryProperty...
[HTTP] Calling purchasePrimaryProperty...
[HTTP] Calling purchasePrimaryProperty...
[HTTP] Calling purchasePrimaryProperty...
[HTTP] Calling purchasePrimaryProperty...
[HTTP ERROR] purchasePrimaryProperty attempt 3 failed: Insufficient cash
Action Error: Insufficient cash
[HTTP ERROR] purchasePrimaryProperty attempt 3 failed: Insufficient cash
Action Error: Insufficient cash
[HTTP] Calling purchasePrimaryProperty...
[HTTP ERROR] purchasePrimaryProperty attempt 3 failed: Insufficient supply
Action Error: Insufficient supply
[HTTP] Calling purchasePrimaryProperty...
[HTTP] Calling purchasePrimaryProperty...
[HTTP] Calling purchasePrimaryProperty...
[HTTP] Calling purchasePrimaryProperty...
[HTTP ERROR] purchasePrimaryProperty attempt 3 failed: Insufficient cash
Action Error: Insufficient cash
[HTTP ERROR] purchasePrimaryProperty attempt 3 failed: Insufficient cash
Action Error: Insufficient cash
[HTTP] Calling purchasePrimaryProperty...
[HTTP ERROR] purchasePrimaryProperty attempt 3 failed: Insufficient supply
Action Error: Insufficient supply
[HTTP ERROR] purchasePrimaryProperty attempt 3 failed: Insufficient cash
Action Error: Insufficient cash
[HTTP ERROR] purchasePrimaryProperty attempt 3 failed: Insufficient supply
Action Error: Insufficient supply
[HTTP ERROR] purchasePrimaryProperty attempt 3 failed: Insufficient supply
Action Error: Insufficient supply
[HTTP] Calling purchasePrimaryProperty...
[HTTP ERROR] purchasePrimaryProperty attempt 3 failed: Insufficient cash
Action Error: Insufficient cash
[HTTP] Calling purchasePrimaryProperty...
[HTTP ERROR] purchasePrimaryProperty attempt 3 failed: Insufficient cash
Action Error: Insufficient cash
[HTTP ERROR] purchasePrimaryProperty attempt 3 failed: Insufficient cash
Action Error: Insufficient cash
[HTTP ERROR] purchasePrimaryProperty attempt 3 failed: Insufficient cash
Action Error: Insufficient cash
[HTTP] Calling purchasePrimaryProperty...
[HTTP ERROR] purchasePrimaryProperty attempt 3 failed: Insufficient supply
Action Error: Insufficient supply
[HTTP ERROR] purchasePrimaryProperty attempt 3 failed: Insufficient supply
Action Error: Insufficient supply
[HTTP ERROR] purchasePrimaryProperty attempt 3 failed: Insufficient cash
Action Error: Insufficient cash
[HTTP ERROR] purchasePrimaryProperty attempt 3 failed: Insufficient cash
Action Error: Insufficient cash
[HTTP] Calling purchasePrimaryProperty...
[HTTP] Calling purchasePrimaryProperty...
[HTTP ERROR] purchasePrimaryProperty attempt 3 failed: Insufficient cash
Action Error: Insufficient cash
[HTTP] Calling purchasePrimaryProperty...
[HTTP] Calling purchasePrimaryProperty...
[HTTP] Calling purchasePrimaryProperty...
[HTTP ERROR] purchasePrimaryProperty attempt 3 failed: Insufficient cash
Action Error: Insufficient cash
[HTTP] Calling purchasePrimaryProperty...
[HTTP ERROR] purchasePrimaryProperty attempt 3 failed: Insufficient supply
Action Error: Insufficient supply
[HTTP ERROR] purchasePrimaryProperty attempt 3 failed: Insufficient cash
Action Error: Insufficient cash
[HTTP ERROR] purchasePrimaryProperty attempt 3 failed: Insufficient supply
Action Error: Insufficient supply
[HTTP ERROR] purchasePrimaryProperty attempt 3 failed: Insufficient cash
Action Error: Insufficient cash
[HTTP ERROR] purchasePrimaryProperty attempt 3 failed: Insufficient cash
Action Error: Insufficient cash
[HTTP ERROR] purchasePrimaryProperty attempt 3 failed: Insufficient supply
Action Error: Insufficient supply
[HTTP ERROR] purchasePrimaryProperty attempt 3 failed: Insufficient supply
Action Error: Insufficient supply
[HTTP ERROR] purchasePrimaryProperty attempt 3 failed: Insufficient supply
Action Error: Insufficient supply
[HTTP] Calling createEconomicBatch...
[HTTP] Calling dispatchBatchChunks...
[+] Executing P221...
[HTTP] Calling createEconomicBatch...
[HTTP] Calling dispatchBatchChunks...
[+] Executing P222...
[HTTP] Calling createEconomicBatch...
[HTTP] Calling dispatchBatchChunks...
[+] Executing P223...
[HTTP] Calling createEconomicBatch...
[HTTP] Calling dispatchBatchChunks...
[+] Executing P224...
[HTTP] Calling createEconomicBatch...
[HTTP] Calling dispatchBatchChunks...
[+] Executing P225...
[HTTP] Calling createEconomicBatch...
[HTTP] Calling dispatchBatchChunks...
[+] Executing P226...
[HTTP] Calling createEconomicBatch...
[HTTP] Calling dispatchBatchChunks...
[+] Executing P227...
[HTTP] Calling createEconomicBatch...
[HTTP] Calling dispatchBatchChunks...
[+] Executing P228...
[HTTP] Calling createEconomicBatch...
[HTTP] Calling dispatchBatchChunks...
[+] Executing P229...
[HTTP] Calling createEconomicBatch...
[HTTP] Calling dispatchBatchChunks...
[+] Executing P230...
[+] P230: Generating AI Actions...
[HTTP] Calling purchasePrimaryProperty...
[HTTP] Calling purchasePrimaryProperty...
[HTTP] Calling purchasePrimaryProperty...
[HTTP] Calling purchasePrimaryProperty...
[HTTP] Calling purchasePrimaryProperty...
[HTTP] Calling purchasePrimaryProperty...
[HTTP] Calling purchasePrimaryProperty...
[HTTP] Calling purchasePrimaryProperty...
[HTTP] Calling purchasePrimaryProperty...
[HTTP] Calling purchasePrimaryProperty...
[HTTP] Calling purchasePrimaryProperty...
[HTTP] Calling purchasePrimaryProperty...
[HTTP] Calling purchasePrimaryProperty...
[HTTP] Calling purchasePrimaryProperty...
[HTTP] Calling purchasePrimaryProperty...
[HTTP] Calling purchasePrimaryProperty...
[HTTP] Calling purchasePrimaryProperty...
[HTTP] Calling purchasePrimaryProperty...
[HTTP] Calling purchasePrimaryProperty...
[HTTP] Calling purchasePrimaryProperty...
[HTTP] Calling purchasePrimaryProperty...
[HTTP] Calling purchasePrimaryProperty...
[HTTP] Calling purchasePrimaryProperty...
[HTTP] Calling purchasePrimaryProperty...
[HTTP] Calling purchasePrimaryProperty...
[HTTP] Calling purchasePrimaryProperty...
[HTTP] Calling purchasePrimaryProperty...
[HTTP] Calling purchasePrimaryProperty...
[HTTP] Calling purchasePrimaryProperty...
[HTTP] Calling purchasePrimaryProperty...
[HTTP ERROR] purchasePrimaryProperty attempt 1 failed: Insufficient cash
[HTTP ERROR] purchasePrimaryProperty attempt 1 failed: Insufficient cash
[HTTP ERROR] purchasePrimaryProperty attempt 1 failed: Insufficient supply
[HTTP ERROR] purchasePrimaryProperty attempt 1 failed: Insufficient cash
[HTTP ERROR] purchasePrimaryProperty attempt 1 failed: Insufficient supply
[HTTP ERROR] purchasePrimaryProperty attempt 1 failed: Insufficient cash
[HTTP ERROR] purchasePrimaryProperty attempt 1 failed: Insufficient cash
[HTTP ERROR] purchasePrimaryProperty attempt 1 failed: Insufficient supply
[HTTP ERROR] purchasePrimaryProperty attempt 1 failed: Insufficient cash
[HTTP ERROR] purchasePrimaryProperty attempt 1 failed: Insufficient supply
[HTTP ERROR] purchasePrimaryProperty attempt 1 failed: Insufficient cash
[HTTP ERROR] purchasePrimaryProperty attempt 1 failed: Insufficient supply
[HTTP ERROR] purchasePrimaryProperty attempt 1 failed: Insufficient supply
[HTTP ERROR] purchasePrimaryProperty attempt 1 failed: Insufficient supply
[HTTP ERROR] purchasePrimaryProperty attempt 1 failed: Insufficient supply
[HTTP ERROR] purchasePrimaryProperty attempt 1 failed: Insufficient cash
[HTTP ERROR] purchasePrimaryProperty attempt 1 failed: Insufficient cash
[HTTP ERROR] purchasePrimaryProperty attempt 1 failed: Insufficient cash
[HTTP ERROR] purchasePrimaryProperty attempt 1 failed: Insufficient cash
[HTTP ERROR] purchasePrimaryProperty attempt 1 failed: Insufficient cash
[HTTP ERROR] purchasePrimaryProperty attempt 1 failed: Insufficient cash
[HTTP ERROR] purchasePrimaryProperty attempt 1 failed: Insufficient supply
[HTTP ERROR] purchasePrimaryProperty attempt 1 failed: Insufficient cash
[HTTP ERROR] purchasePrimaryProperty attempt 1 failed: Insufficient cash
[HTTP ERROR] purchasePrimaryProperty attempt 1 failed: Insufficient cash
[HTTP ERROR] purchasePrimaryProperty attempt 1 failed: Insufficient supply
[HTTP ERROR] purchasePrimaryProperty attempt 1 failed: Insufficient supply
[HTTP ERROR] purchasePrimaryProperty attempt 1 failed: Insufficient cash
[HTTP ERROR] purchasePrimaryProperty attempt 1 failed: Insufficient cash
[HTTP] Calling purchasePrimaryProperty...
[HTTP] Calling purchasePrimaryProperty...
[HTTP] Calling purchasePrimaryProperty...
[HTTP] Calling purchasePrimaryProperty...
[HTTP] Calling purchasePrimaryProperty...
[HTTP] Calling purchasePrimaryProperty...
[HTTP] Calling purchasePrimaryProperty...
[HTTP] Calling purchasePrimaryProperty...
[HTTP] Calling purchasePrimaryProperty...
[HTTP] Calling purchasePrimaryProperty...
[HTTP] Calling purchasePrimaryProperty...
[HTTP] Calling purchasePrimaryProperty...
[HTTP] Calling purchasePrimaryProperty...
[HTTP ERROR] purchasePrimaryProperty attempt 2 failed: Insufficient supply
[HTTP ERROR] purchasePrimaryProperty attempt 2 failed: Insufficient cash
[HTTP] Calling purchasePrimaryProperty...
[HTTP ERROR] purchasePrimaryProperty attempt 2 failed: Insufficient cash
[HTTP] Calling purchasePrimaryProperty...
[HTTP] Calling purchasePrimaryProperty...
[HTTP ERROR] purchasePrimaryProperty attempt 2 failed: Insufficient supply
[HTTP ERROR] purchasePrimaryProperty attempt 2 failed: Insufficient cash
[HTTP ERROR] purchasePrimaryProperty attempt 2 failed: Insufficient cash
[HTTP ERROR] purchasePrimaryProperty attempt 2 failed: Insufficient cash
[HTTP] Calling purchasePrimaryProperty...
[HTTP ERROR] purchasePrimaryProperty attempt 2 failed: Insufficient supply
[HTTP ERROR] purchasePrimaryProperty attempt 2 failed: Insufficient cash
[HTTP] Calling purchasePrimaryProperty...
[HTTP] Calling purchasePrimaryProperty...
[HTTP ERROR] purchasePrimaryProperty attempt 2 failed: Insufficient cash
[HTTP ERROR] purchasePrimaryProperty attempt 2 failed: Insufficient supply
[HTTP ERROR] purchasePrimaryProperty attempt 2 failed: Insufficient supply
[HTTP] Calling purchasePrimaryProperty...
[HTTP ERROR] purchasePrimaryProperty attempt 2 failed: Insufficient supply
[HTTP ERROR] purchasePrimaryProperty attempt 2 failed: Insufficient supply
[HTTP] Calling purchasePrimaryProperty...
[HTTP] Calling purchasePrimaryProperty...
[HTTP] Calling purchasePrimaryProperty...
[HTTP ERROR] purchasePrimaryProperty attempt 2 failed: Insufficient supply
[HTTP ERROR] purchasePrimaryProperty attempt 2 failed: Insufficient cash
[HTTP] Calling purchasePrimaryProperty...
[HTTP] Calling purchasePrimaryProperty...
[HTTP ERROR] purchasePrimaryProperty attempt 2 failed: Insufficient cash
[HTTP ERROR] purchasePrimaryProperty attempt 2 failed: Insufficient cash
[HTTP] Calling purchasePrimaryProperty...
[HTTP ERROR] purchasePrimaryProperty attempt 2 failed: Insufficient cash
[HTTP] Calling purchasePrimaryProperty...
[HTTP] Calling purchasePrimaryProperty...
[HTTP ERROR] purchasePrimaryProperty attempt 2 failed: Insufficient cash
[HTTP] Calling purchasePrimaryProperty...
[HTTP ERROR] purchasePrimaryProperty attempt 2 failed: Insufficient cash
[HTTP ERROR] purchasePrimaryProperty attempt 2 failed: Insufficient supply
[HTTP ERROR] purchasePrimaryProperty attempt 2 failed: Insufficient cash
[HTTP ERROR] purchasePrimaryProperty attempt 2 failed: Insufficient cash
[HTTP ERROR] purchasePrimaryProperty attempt 2 failed: Insufficient cash
[HTTP ERROR] purchasePrimaryProperty attempt 2 failed: Insufficient supply
[HTTP ERROR] purchasePrimaryProperty attempt 2 failed: Insufficient cash
[HTTP ERROR] purchasePrimaryProperty attempt 2 failed: Insufficient supply
[HTTP ERROR] purchasePrimaryProperty attempt 2 failed: Insufficient cash
[HTTP] Calling purchasePrimaryProperty...
[HTTP] Calling purchasePrimaryProperty...
[HTTP] Calling purchasePrimaryProperty...
[HTTP] Calling purchasePrimaryProperty...
[HTTP] Calling purchasePrimaryProperty...
[HTTP] Calling purchasePrimaryProperty...
[HTTP] Calling purchasePrimaryProperty...
[HTTP] Calling purchasePrimaryProperty...
[HTTP] Calling purchasePrimaryProperty...
[HTTP ERROR] purchasePrimaryProperty attempt 3 failed: Insufficient supply
Action Error: Insufficient supply
[HTTP] Calling purchasePrimaryProperty...
[HTTP] Calling purchasePrimaryProperty...
[HTTP] Calling purchasePrimaryProperty...
[HTTP ERROR] purchasePrimaryProperty attempt 3 failed: Insufficient cash
Action Error: Insufficient cash
[HTTP ERROR] purchasePrimaryProperty attempt 3 failed: Insufficient cash
Action Error: Insufficient cash
[HTTP ERROR] purchasePrimaryProperty attempt 3 failed: Insufficient cash
Action Error: Insufficient cash
[HTTP] Calling purchasePrimaryProperty...
[HTTP] Calling purchasePrimaryProperty...
[HTTP ERROR] purchasePrimaryProperty attempt 3 failed: Insufficient cash
Action Error: Insufficient cash
[HTTP ERROR] purchasePrimaryProperty attempt 3 failed: Insufficient cash
Action Error: Insufficient cash
[HTTP ERROR] purchasePrimaryProperty attempt 3 failed: Insufficient supply
Action Error: Insufficient supply
[HTTP ERROR] purchasePrimaryProperty attempt 3 failed: Insufficient supply
Action Error: Insufficient supply
[HTTP ERROR] purchasePrimaryProperty attempt 3 failed: Insufficient cash
Action Error: Insufficient cash
[HTTP] Calling purchasePrimaryProperty...
[HTTP] Calling purchasePrimaryProperty...
[HTTP] Calling purchasePrimaryProperty...
[HTTP ERROR] purchasePrimaryProperty attempt 3 failed: Insufficient cash
Action Error: Insufficient cash
[HTTP] Calling purchasePrimaryProperty...
[HTTP ERROR] purchasePrimaryProperty attempt 3 failed: Insufficient supply
Action Error: Insufficient supply
[HTTP ERROR] purchasePrimaryProperty attempt 3 failed: Insufficient supply
Action Error: Insufficient supply
[HTTP] Calling purchasePrimaryProperty...
[HTTP] Calling purchasePrimaryProperty...
[HTTP ERROR] purchasePrimaryProperty attempt 3 failed: Insufficient supply
Action Error: Insufficient supply
[HTTP ERROR] purchasePrimaryProperty attempt 3 failed: Insufficient supply
Action Error: Insufficient supply
[HTTP] Calling purchasePrimaryProperty...
[HTTP ERROR] purchasePrimaryProperty attempt 3 failed: Insufficient supply
Action Error: Insufficient supply
[HTTP] Calling purchasePrimaryProperty...
[HTTP ERROR] purchasePrimaryProperty attempt 3 failed: Insufficient cash
Action Error: Insufficient cash
[HTTP] Calling purchasePrimaryProperty...
[HTTP ERROR] purchasePrimaryProperty attempt 3 failed: Insufficient cash
Action Error: Insufficient cash
[HTTP] Calling purchasePrimaryProperty...
[HTTP ERROR] purchasePrimaryProperty attempt 3 failed: Insufficient cash
Action Error: Insufficient cash
[HTTP] Calling purchasePrimaryProperty...
[HTTP ERROR] purchasePrimaryProperty attempt 3 failed: Insufficient cash
Action Error: Insufficient cash
[HTTP ERROR] purchasePrimaryProperty attempt 3 failed: Insufficient cash
Action Error: Insufficient cash
[HTTP] Calling purchasePrimaryProperty...
[HTTP] Calling purchasePrimaryProperty...
[HTTP ERROR] purchasePrimaryProperty attempt 3 failed: Insufficient cash
Action Error: Insufficient cash
[HTTP] Calling purchasePrimaryProperty...
[HTTP ERROR] purchasePrimaryProperty attempt 3 failed: Insufficient supply
Action Error: Insufficient supply
[HTTP ERROR] purchasePrimaryProperty attempt 3 failed: Insufficient cash
Action Error: Insufficient cash
[HTTP] Calling purchasePrimaryProperty...
[HTTP ERROR] purchasePrimaryProperty attempt 3 failed: Insufficient cash
Action Error: Insufficient cash
[HTTP ERROR] purchasePrimaryProperty attempt 3 failed: Insufficient cash
Action Error: Insufficient cash
[HTTP ERROR] purchasePrimaryProperty attempt 3 failed: Insufficient supply
Action Error: Insufficient supply
[HTTP ERROR] purchasePrimaryProperty attempt 3 failed: Insufficient cash
Action Error: Insufficient cash
[HTTP ERROR] purchasePrimaryProperty attempt 3 failed: Insufficient supply
Action Error: Insufficient supply
[HTTP ERROR] purchasePrimaryProperty attempt 3 failed: Insufficient cash
Action Error: Insufficient cash
[HTTP] Calling createEconomicBatch...
[HTTP] Calling dispatchBatchChunks...
[+] Executing P231...
[HTTP] Calling createEconomicBatch...
[HTTP] Calling dispatchBatchChunks...
[+] Executing P232...
[HTTP] Calling createEconomicBatch...
[HTTP] Calling dispatchBatchChunks...
[+] Executing P233...
[HTTP] Calling createEconomicBatch...
[HTTP] Calling dispatchBatchChunks...
[+] Executing P234...
[HTTP] Calling createEconomicBatch...
[HTTP] Calling dispatchBatchChunks...
[+] Executing P235...
[HTTP] Calling createEconomicBatch...
[HTTP] Calling dispatchBatchChunks...
[+] Executing P236...
[HTTP] Calling createEconomicBatch...
[HTTP] Calling dispatchBatchChunks...
[+] Executing P237...
[HTTP] Calling createEconomicBatch...
[HTTP] Calling dispatchBatchChunks...
[+] Executing P238...
[HTTP] Calling createEconomicBatch...
[HTTP] Calling dispatchBatchChunks...
[+] Executing P239...
[HTTP] Calling createEconomicBatch...
[HTTP] Calling dispatchBatchChunks...
[+] Executing P240...
[+] P240: Generating AI Actions...
[HTTP] Calling purchasePrimaryProperty...
[HTTP] Calling purchasePrimaryProperty...
[HTTP] Calling purchasePrimaryProperty...
[HTTP] Calling purchasePrimaryProperty...
[HTTP] Calling purchasePrimaryProperty...
[HTTP] Calling purchasePrimaryProperty...
[HTTP] Calling purchasePrimaryProperty...
[HTTP] Calling purchasePrimaryProperty...
[HTTP] Calling purchasePrimaryProperty...
[HTTP] Calling purchasePrimaryProperty...
[HTTP] Calling purchasePrimaryProperty...
[HTTP] Calling purchasePrimaryProperty...
[HTTP] Calling purchasePrimaryProperty...
[HTTP] Calling purchasePrimaryProperty...
[HTTP] Calling purchasePrimaryProperty...
[HTTP] Calling purchasePrimaryProperty...
[HTTP] Calling purchasePrimaryProperty...
[HTTP] Calling purchasePrimaryProperty...
[HTTP] Calling purchasePrimaryProperty...
[HTTP] Calling purchasePrimaryProperty...
[HTTP] Calling purchasePrimaryProperty...
[HTTP] Calling purchasePrimaryProperty...
[HTTP] Calling purchasePrimaryProperty...
[HTTP] Calling purchasePrimaryProperty...
[HTTP] Calling purchasePrimaryProperty...
[HTTP] Calling purchasePrimaryProperty...
[HTTP] Calling purchasePrimaryProperty...
[HTTP] Calling purchasePrimaryProperty...
[HTTP] Calling purchasePrimaryProperty...
[HTTP] Calling purchasePrimaryProperty...
[HTTP ERROR] purchasePrimaryProperty attempt 1 failed: Insufficient supply
[HTTP ERROR] purchasePrimaryProperty attempt 1 failed: Insufficient supply
[HTTP ERROR] purchasePrimaryProperty attempt 1 failed: Insufficient cash
[HTTP ERROR] purchasePrimaryProperty attempt 1 failed: Insufficient cash
[HTTP ERROR] purchasePrimaryProperty attempt 1 failed: Insufficient supply
[HTTP ERROR] purchasePrimaryProperty attempt 1 failed: Insufficient cash
[HTTP ERROR] purchasePrimaryProperty attempt 1 failed: Insufficient supply
[HTTP ERROR] purchasePrimaryProperty attempt 1 failed: Insufficient supply
[HTTP ERROR] purchasePrimaryProperty attempt 1 failed: Insufficient supply
[HTTP ERROR] purchasePrimaryProperty attempt 1 failed: Insufficient cash
[HTTP ERROR] purchasePrimaryProperty attempt 1 failed: Insufficient supply
[HTTP ERROR] purchasePrimaryProperty attempt 1 failed: Insufficient cash
[HTTP ERROR] purchasePrimaryProperty attempt 1 failed: Insufficient supply
[HTTP ERROR] purchasePrimaryProperty attempt 1 failed: Insufficient cash
[HTTP ERROR] purchasePrimaryProperty attempt 1 failed: Insufficient supply
[HTTP ERROR] purchasePrimaryProperty attempt 1 failed: Insufficient cash
[HTTP ERROR] purchasePrimaryProperty attempt 1 failed: Insufficient supply
[HTTP ERROR] purchasePrimaryProperty attempt 1 failed: Insufficient cash
[HTTP ERROR] purchasePrimaryProperty attempt 1 failed: Insufficient cash
[HTTP ERROR] purchasePrimaryProperty attempt 1 failed: Insufficient cash
[HTTP ERROR] purchasePrimaryProperty attempt 1 failed: Insufficient cash
[HTTP ERROR] purchasePrimaryProperty attempt 1 failed: Insufficient cash
[HTTP ERROR] purchasePrimaryProperty attempt 1 failed: Insufficient supply
[HTTP ERROR] purchasePrimaryProperty attempt 1 failed: Insufficient supply
[HTTP ERROR] purchasePrimaryProperty attempt 1 failed: Insufficient supply
[HTTP ERROR] purchasePrimaryProperty attempt 1 failed: Insufficient cash
[HTTP ERROR] purchasePrimaryProperty attempt 1 failed: Insufficient cash
[HTTP ERROR] purchasePrimaryProperty attempt 1 failed: Insufficient cash
[HTTP] Calling purchasePrimaryProperty...
[HTTP] Calling purchasePrimaryProperty...
[HTTP] Calling purchasePrimaryProperty...
[HTTP] Calling purchasePrimaryProperty...
[HTTP] Calling purchasePrimaryProperty...
[HTTP] Calling purchasePrimaryProperty...
[HTTP ERROR] purchasePrimaryProperty attempt 2 failed: Insufficient supply
[HTTP] Calling purchasePrimaryProperty...
[HTTP] Calling purchasePrimaryProperty...
[HTTP ERROR] purchasePrimaryProperty attempt 2 failed: Insufficient supply
[HTTP] Calling purchasePrimaryProperty...
[HTTP] Calling purchasePrimaryProperty...
[HTTP ERROR] purchasePrimaryProperty attempt 2 failed: Insufficient cash
[HTTP ERROR] purchasePrimaryProperty attempt 2 failed: Insufficient cash
[HTTP ERROR] purchasePrimaryProperty attempt 2 failed: Insufficient supply
[HTTP] Calling purchasePrimaryProperty...
[HTTP] Calling purchasePrimaryProperty...
[HTTP ERROR] purchasePrimaryProperty attempt 2 failed: Insufficient cash
[HTTP] Calling purchasePrimaryProperty...
[HTTP] Calling purchasePrimaryProperty...
[HTTP ERROR] purchasePrimaryProperty attempt 2 failed: Insufficient supply
[HTTP] Calling purchasePrimaryProperty...
[HTTP] Calling purchasePrimaryProperty...
[HTTP] Calling purchasePrimaryProperty...
[HTTP ERROR] purchasePrimaryProperty attempt 2 failed: Insufficient supply
[HTTP ERROR] purchasePrimaryProperty attempt 2 failed: Insufficient supply
[HTTP ERROR] purchasePrimaryProperty attempt 2 failed: Insufficient cash
[HTTP ERROR] purchasePrimaryProperty attempt 2 failed: Insufficient cash
[HTTP] Calling purchasePrimaryProperty...
[HTTP ERROR] purchasePrimaryProperty attempt 2 failed: Insufficient supply
[HTTP ERROR] purchasePrimaryProperty attempt 2 failed: Insufficient cash
[HTTP ERROR] purchasePrimaryProperty attempt 2 failed: Insufficient supply
[HTTP] Calling purchasePrimaryProperty...
[HTTP ERROR] purchasePrimaryProperty attempt 2 failed: Insufficient supply
[HTTP] Calling purchasePrimaryProperty...
[HTTP ERROR] purchasePrimaryProperty attempt 2 failed: Insufficient cash
[HTTP ERROR] purchasePrimaryProperty attempt 2 failed: Insufficient supply
[HTTP] Calling purchasePrimaryProperty...
[HTTP ERROR] purchasePrimaryProperty attempt 2 failed: Insufficient cash
[HTTP] Calling purchasePrimaryProperty...
[HTTP] Calling purchasePrimaryProperty...
[HTTP] Calling purchasePrimaryProperty...
[HTTP] Calling purchasePrimaryProperty...
[HTTP] Calling purchasePrimaryProperty...
[HTTP] Calling purchasePrimaryProperty...
[HTTP] Calling purchasePrimaryProperty...
[HTTP ERROR] purchasePrimaryProperty attempt 2 failed: Insufficient cash
[HTTP ERROR] purchasePrimaryProperty attempt 2 failed: Insufficient cash
[HTTP ERROR] purchasePrimaryProperty attempt 2 failed: Insufficient cash
[HTTP ERROR] purchasePrimaryProperty attempt 2 failed: Insufficient supply
[HTTP ERROR] purchasePrimaryProperty attempt 2 failed: Insufficient cash
[HTTP ERROR] purchasePrimaryProperty attempt 2 failed: Insufficient supply
[HTTP ERROR] purchasePrimaryProperty attempt 2 failed: Insufficient cash
[HTTP ERROR] purchasePrimaryProperty attempt 2 failed: Insufficient supply
[HTTP ERROR] purchasePrimaryProperty attempt 2 failed: Insufficient cash
[HTTP ERROR] purchasePrimaryProperty attempt 2 failed: Insufficient cash
[HTTP] Calling purchasePrimaryProperty...
[HTTP] Calling purchasePrimaryProperty...
[HTTP] Calling purchasePrimaryProperty...
[HTTP] Calling purchasePrimaryProperty...
[HTTP] Calling purchasePrimaryProperty...
[HTTP] Calling purchasePrimaryProperty...
[HTTP ERROR] purchasePrimaryProperty attempt 3 failed: Insufficient supply
Action Error: Insufficient supply
[HTTP] Calling purchasePrimaryProperty...
[HTTP ERROR] purchasePrimaryProperty attempt 3 failed: Insufficient supply
Action Error: Insufficient supply
[HTTP] Calling purchasePrimaryProperty...
[HTTP] Calling purchasePrimaryProperty...
[HTTP] Calling purchasePrimaryProperty...
[HTTP ERROR] purchasePrimaryProperty attempt 3 failed: Insufficient supply
Action Error: Insufficient supply
[HTTP] Calling purchasePrimaryProperty...
[HTTP] Calling purchasePrimaryProperty...
[HTTP ERROR] purchasePrimaryProperty attempt 3 failed: Insufficient cash
Action Error: Insufficient cash
[HTTP ERROR] purchasePrimaryProperty attempt 3 failed: Insufficient cash
Action Error: Insufficient cash
[HTTP] Calling purchasePrimaryProperty...
[HTTP] Calling purchasePrimaryProperty...
[HTTP] Calling purchasePrimaryProperty...
[HTTP] Calling purchasePrimaryProperty...
[HTTP ERROR] purchasePrimaryProperty attempt 3 failed: Insufficient cash
Action Error: Insufficient cash
[HTTP] Calling purchasePrimaryProperty...
[HTTP] Calling purchasePrimaryProperty...
[HTTP ERROR] purchasePrimaryProperty attempt 3 failed: Insufficient supply
Action Error: Insufficient supply
[HTTP ERROR] purchasePrimaryProperty attempt 3 failed: Insufficient supply
Action Error: Insufficient supply
[HTTP ERROR] purchasePrimaryProperty attempt 3 failed: Insufficient supply
Action Error: Insufficient supply
[HTTP ERROR] purchasePrimaryProperty attempt 3 failed: Insufficient cash
Action Error: Insufficient cash
[HTTP ERROR] purchasePrimaryProperty attempt 3 failed: Insufficient cash
Action Error: Insufficient cash
[HTTP ERROR] purchasePrimaryProperty attempt 3 failed: Insufficient supply
Action Error: Insufficient supply
[HTTP] Calling purchasePrimaryProperty...
[HTTP] Calling purchasePrimaryProperty...
[HTTP] Calling purchasePrimaryProperty...
[HTTP ERROR] purchasePrimaryProperty attempt 3 failed: Insufficient supply
Action Error: Insufficient supply
[HTTP ERROR] purchasePrimaryProperty attempt 3 failed: Insufficient cash
Action Error: Insufficient cash
[HTTP ERROR] purchasePrimaryProperty attempt 3 failed: Insufficient cash
Action Error: Insufficient cash
[HTTP ERROR] purchasePrimaryProperty attempt 3 failed: Insufficient supply
Action Error: Insufficient supply
[HTTP ERROR] purchasePrimaryProperty attempt 3 failed: Insufficient supply
Action Error: Insufficient supply
[HTTP ERROR] purchasePrimaryProperty attempt 3 failed: Insufficient cash
Action Error: Insufficient cash
[HTTP] Calling purchasePrimaryProperty...
[HTTP] Calling purchasePrimaryProperty...
[HTTP] Calling purchasePrimaryProperty...
[HTTP] Calling purchasePrimaryProperty...
[HTTP] Calling purchasePrimaryProperty...
[HTTP ERROR] purchasePrimaryProperty attempt 3 failed: Insufficient cash
Action Error: Insufficient cash
[HTTP] Calling purchasePrimaryProperty...
[HTTP ERROR] purchasePrimaryProperty attempt 3 failed: Insufficient cash
Action Error: Insufficient cash
[HTTP] Calling purchasePrimaryProperty...
[HTTP ERROR] purchasePrimaryProperty attempt 3 failed: Insufficient cash
Action Error: Insufficient cash
[HTTP ERROR] purchasePrimaryProperty attempt 3 failed: Insufficient supply
Action Error: Insufficient supply
[HTTP ERROR] purchasePrimaryProperty attempt 3 failed: Insufficient supply
Action Error: Insufficient supply
[HTTP ERROR] purchasePrimaryProperty attempt 3 failed: Insufficient cash
Action Error: Insufficient cash
[HTTP ERROR] purchasePrimaryProperty attempt 3 failed: Insufficient cash
Action Error: Insufficient cash
[HTTP ERROR] purchasePrimaryProperty attempt 3 failed: Insufficient cash
Action Error: Insufficient cash
[HTTP ERROR] purchasePrimaryProperty attempt 3 failed: Insufficient supply
Action Error: Insufficient supply
[HTTP ERROR] purchasePrimaryProperty attempt 3 failed: Insufficient cash
Action Error: Insufficient cash
[HTTP] Calling createEconomicBatch...
[HTTP] Calling dispatchBatchChunks...
[+] Passed Period 240/360
[+] Executing P241...
[HTTP] Calling createEconomicBatch...
[HTTP] Calling dispatchBatchChunks...
[+] Executing P242...
[HTTP] Calling createEconomicBatch...
[HTTP] Calling dispatchBatchChunks...
[+] Executing P243...
[HTTP] Calling createEconomicBatch...
[HTTP] Calling dispatchBatchChunks...
[+] Executing P244...
[HTTP] Calling createEconomicBatch...
[HTTP] Calling dispatchBatchChunks...
[+] Executing P245...
[HTTP] Calling createEconomicBatch...
[HTTP] Calling dispatchBatchChunks...
[+] Executing P246...
[HTTP] Calling createEconomicBatch...
[HTTP] Calling dispatchBatchChunks...
[+] Executing P247...
[HTTP] Calling createEconomicBatch...
[HTTP] Calling dispatchBatchChunks...
[+] Executing P248...
[HTTP] Calling createEconomicBatch...
[HTTP] Calling dispatchBatchChunks...
[+] Executing P249...
[HTTP] Calling createEconomicBatch...
[HTTP] Calling dispatchBatchChunks...
[+] Executing P250...
[+] P250: Generating AI Actions...
[HTTP] Calling purchasePrimaryProperty...
[HTTP] Calling purchasePrimaryProperty...
[HTTP] Calling purchasePrimaryProperty...
[HTTP] Calling purchasePrimaryProperty...
[HTTP] Calling purchasePrimaryProperty...
[HTTP] Calling purchasePrimaryProperty...
[HTTP] Calling purchasePrimaryProperty...
[HTTP] Calling purchasePrimaryProperty...
[HTTP] Calling purchasePrimaryProperty...
[HTTP] Calling purchasePrimaryProperty...
[HTTP] Calling purchasePrimaryProperty...
[HTTP] Calling purchasePrimaryProperty...
[HTTP] Calling purchasePrimaryProperty...
[HTTP] Calling purchasePrimaryProperty...
[HTTP] Calling purchasePrimaryProperty...
[HTTP] Calling purchasePrimaryProperty...
[HTTP] Calling purchasePrimaryProperty...
[HTTP] Calling purchasePrimaryProperty...
[HTTP] Calling purchasePrimaryProperty...
[HTTP] Calling purchasePrimaryProperty...
[HTTP] Calling purchasePrimaryProperty...
[HTTP] Calling purchasePrimaryProperty...
[HTTP] Calling purchasePrimaryProperty...
[HTTP] Calling purchasePrimaryProperty...
[HTTP] Calling purchasePrimaryProperty...
[HTTP] Calling purchasePrimaryProperty...
[HTTP] Calling purchasePrimaryProperty...
[HTTP] Calling purchasePrimaryProperty...
[HTTP] Calling purchasePrimaryProperty...
[HTTP] Calling purchasePrimaryProperty...
[HTTP ERROR] purchasePrimaryProperty attempt 1 failed: Insufficient supply
[HTTP ERROR] purchasePrimaryProperty attempt 1 failed: Insufficient supply
[HTTP ERROR] purchasePrimaryProperty attempt 1 failed: Insufficient cash
[HTTP ERROR] purchasePrimaryProperty attempt 1 failed: Insufficient cash
[HTTP ERROR] purchasePrimaryProperty attempt 1 failed: Insufficient cash
[HTTP ERROR] purchasePrimaryProperty attempt 1 failed: Insufficient cash
[HTTP ERROR] purchasePrimaryProperty attempt 1 failed: Insufficient cash
[HTTP ERROR] purchasePrimaryProperty attempt 1 failed: Insufficient cash
[HTTP ERROR] purchasePrimaryProperty attempt 1 failed: Insufficient supply
[HTTP ERROR] purchasePrimaryProperty attempt 1 failed: Insufficient cash
[HTTP ERROR] purchasePrimaryProperty attempt 1 failed: Insufficient cash
[HTTP ERROR] purchasePrimaryProperty attempt 1 failed: Insufficient cash
[HTTP ERROR] purchasePrimaryProperty attempt 1 failed: Insufficient cash
[HTTP ERROR] purchasePrimaryProperty attempt 1 failed: Insufficient supply
[HTTP ERROR] purchasePrimaryProperty attempt 1 failed: Insufficient supply
[HTTP ERROR] purchasePrimaryProperty attempt 1 failed: Insufficient supply
[HTTP ERROR] purchasePrimaryProperty attempt 1 failed: Insufficient supply
[HTTP ERROR] purchasePrimaryProperty attempt 1 failed: Insufficient cash
[HTTP ERROR] purchasePrimaryProperty attempt 1 failed: Insufficient cash
[HTTP ERROR] purchasePrimaryProperty attempt 1 failed: Insufficient cash
[HTTP ERROR] purchasePrimaryProperty attempt 1 failed: Insufficient supply
[HTTP ERROR] purchasePrimaryProperty attempt 1 failed: Insufficient cash
[HTTP ERROR] purchasePrimaryProperty attempt 1 failed: Insufficient supply
[HTTP ERROR] purchasePrimaryProperty attempt 1 failed: Insufficient cash
[HTTP ERROR] purchasePrimaryProperty attempt 1 failed: Insufficient supply
[HTTP ERROR] purchasePrimaryProperty attempt 1 failed: Insufficient supply
[HTTP ERROR] purchasePrimaryProperty attempt 1 failed: Insufficient supply
[HTTP ERROR] purchasePrimaryProperty attempt 1 failed: Insufficient cash
[HTTP] Calling purchasePrimaryProperty...
[HTTP] Calling purchasePrimaryProperty...
[HTTP] Calling purchasePrimaryProperty...
[HTTP] Calling purchasePrimaryProperty...
[HTTP] Calling purchasePrimaryProperty...
[HTTP] Calling purchasePrimaryProperty...
[HTTP] Calling purchasePrimaryProperty...
[HTTP] Calling purchasePrimaryProperty...
[HTTP] Calling purchasePrimaryProperty...
[HTTP] Calling purchasePrimaryProperty...
[HTTP ERROR] purchasePrimaryProperty attempt 2 failed: Insufficient supply
[HTTP] Calling purchasePrimaryProperty...
[HTTP ERROR] purchasePrimaryProperty attempt 2 failed: Insufficient cash
[HTTP] Calling purchasePrimaryProperty...
[HTTP ERROR] purchasePrimaryProperty attempt 2 failed: Insufficient supply
[HTTP] Calling purchasePrimaryProperty...
[HTTP ERROR] purchasePrimaryProperty attempt 2 failed: Insufficient cash
[HTTP] Calling purchasePrimaryProperty...
[HTTP] Calling purchasePrimaryProperty...
[HTTP ERROR] purchasePrimaryProperty attempt 2 failed: Insufficient cash
[HTTP ERROR] purchasePrimaryProperty attempt 2 failed: Insufficient cash
[HTTP ERROR] purchasePrimaryProperty attempt 2 failed: Insufficient cash
[HTTP ERROR] purchasePrimaryProperty attempt 2 failed: Insufficient cash
[HTTP] Calling purchasePrimaryProperty...
[HTTP] Calling purchasePrimaryProperty...
[HTTP ERROR] purchasePrimaryProperty attempt 2 failed: Insufficient supply
[HTTP ERROR] purchasePrimaryProperty attempt 2 failed: Insufficient cash
[HTTP ERROR] purchasePrimaryProperty attempt 2 failed: Insufficient cash
[HTTP] Calling purchasePrimaryProperty...
[HTTP ERROR] purchasePrimaryProperty attempt 2 failed: Insufficient cash
[HTTP] Calling purchasePrimaryProperty...
[HTTP ERROR] purchasePrimaryProperty attempt 2 failed: Insufficient cash
[HTTP ERROR] purchasePrimaryProperty attempt 2 failed: Insufficient supply
[HTTP ERROR] purchasePrimaryProperty attempt 2 failed: Insufficient supply
[HTTP] Calling purchasePrimaryProperty...
[HTTP] Calling purchasePrimaryProperty...
[HTTP ERROR] purchasePrimaryProperty attempt 2 failed: Insufficient supply
[HTTP] Calling purchasePrimaryProperty...
[HTTP ERROR] purchasePrimaryProperty attempt 2 failed: Insufficient supply
[HTTP] Calling purchasePrimaryProperty...
[HTTP] Calling purchasePrimaryProperty...
[HTTP ERROR] purchasePrimaryProperty attempt 2 failed: Insufficient cash
[HTTP] Calling purchasePrimaryProperty...
[HTTP] Calling purchasePrimaryProperty...
[HTTP ERROR] purchasePrimaryProperty attempt 2 failed: Insufficient cash
[HTTP] Calling purchasePrimaryProperty...
[HTTP] Calling purchasePrimaryProperty...
[HTTP ERROR] purchasePrimaryProperty attempt 2 failed: Insufficient supply
[HTTP ERROR] purchasePrimaryProperty attempt 2 failed: Insufficient cash
[HTTP ERROR] purchasePrimaryProperty attempt 2 failed: Insufficient cash
[HTTP ERROR] purchasePrimaryProperty attempt 2 failed: Insufficient supply
[HTTP ERROR] purchasePrimaryProperty attempt 2 failed: Insufficient cash
[HTTP ERROR] purchasePrimaryProperty attempt 2 failed: Insufficient supply
[HTTP ERROR] purchasePrimaryProperty attempt 2 failed: Insufficient supply
[HTTP ERROR] purchasePrimaryProperty attempt 2 failed: Insufficient cash
[HTTP ERROR] purchasePrimaryProperty attempt 2 failed: Insufficient supply
[HTTP] Calling purchasePrimaryProperty...
[HTTP] Calling purchasePrimaryProperty...
[HTTP] Calling purchasePrimaryProperty...
[HTTP] Calling purchasePrimaryProperty...
[HTTP] Calling purchasePrimaryProperty...
[HTTP] Calling purchasePrimaryProperty...
[HTTP] Calling purchasePrimaryProperty...
[HTTP] Calling purchasePrimaryProperty...
[HTTP] Calling purchasePrimaryProperty...
[HTTP] Calling purchasePrimaryProperty...
[HTTP] Calling purchasePrimaryProperty...
[HTTP] Calling purchasePrimaryProperty...
[HTTP ERROR] purchasePrimaryProperty attempt 3 failed: Insufficient supply
Action Error: Insufficient supply
[HTTP] Calling purchasePrimaryProperty...
[HTTP] Calling purchasePrimaryProperty...
[HTTP] Calling purchasePrimaryProperty...
[HTTP ERROR] purchasePrimaryProperty attempt 3 failed: Insufficient cash
Action Error: Insufficient cash
[HTTP ERROR] purchasePrimaryProperty attempt 3 failed: Insufficient supply
Action Error: Insufficient supply
[HTTP] Calling purchasePrimaryProperty...
[HTTP ERROR] purchasePrimaryProperty attempt 3 failed: Insufficient cash
Action Error: Insufficient cash
[HTTP] Calling purchasePrimaryProperty...
[HTTP ERROR] purchasePrimaryProperty attempt 3 failed: Insufficient cash
Action Error: Insufficient cash
[HTTP] Calling purchasePrimaryProperty...
[HTTP ERROR] purchasePrimaryProperty attempt 3 failed: Insufficient cash
Action Error: Insufficient cash
[HTTP ERROR] purchasePrimaryProperty attempt 3 failed: Insufficient cash
Action Error: Insufficient cash
[HTTP] Calling purchasePrimaryProperty...
[HTTP ERROR] purchasePrimaryProperty attempt 3 failed: Insufficient cash
Action Error: Insufficient cash
[HTTP ERROR] purchasePrimaryProperty attempt 3 failed: Insufficient supply
Action Error: Insufficient supply
[HTTP ERROR] purchasePrimaryProperty attempt 3 failed: Insufficient cash
Action Error: Insufficient cash
[HTTP] Calling purchasePrimaryProperty...
[HTTP ERROR] purchasePrimaryProperty attempt 3 failed: Insufficient cash
Action Error: Insufficient cash
[HTTP] Calling purchasePrimaryProperty...
[HTTP] Calling purchasePrimaryProperty...
[HTTP ERROR] purchasePrimaryProperty attempt 3 failed: Insufficient cash
Action Error: Insufficient cash
[HTTP ERROR] purchasePrimaryProperty attempt 3 failed: Insufficient supply
Action Error: Insufficient supply
[HTTP ERROR] purchasePrimaryProperty attempt 3 failed: Insufficient cash
Action Error: Insufficient cash
[HTTP] Calling purchasePrimaryProperty...
[HTTP ERROR] purchasePrimaryProperty attempt 3 failed: Insufficient supply
Action Error: Insufficient supply
[HTTP ERROR] purchasePrimaryProperty attempt 3 failed: Insufficient supply
Action Error: Insufficient supply
[HTTP ERROR] purchasePrimaryProperty attempt 3 failed: Insufficient supply
Action Error: Insufficient supply
[HTTP] Calling purchasePrimaryProperty...
[HTTP ERROR] purchasePrimaryProperty attempt 3 failed: Insufficient cash
Action Error: Insufficient cash
[HTTP] Calling purchasePrimaryProperty...
[HTTP] Calling purchasePrimaryProperty...
[HTTP] Calling purchasePrimaryProperty...
[HTTP] Calling purchasePrimaryProperty...
[HTTP ERROR] purchasePrimaryProperty attempt 3 failed: Insufficient cash
Action Error: Insufficient cash
[HTTP ERROR] purchasePrimaryProperty attempt 3 failed: Insufficient cash
Action Error: Insufficient cash
[HTTP ERROR] purchasePrimaryProperty attempt 3 failed: Insufficient supply
Action Error: Insufficient supply
[HTTP ERROR] purchasePrimaryProperty attempt 3 failed: Insufficient cash
Action Error: Insufficient cash
[HTTP ERROR] purchasePrimaryProperty attempt 3 failed: Insufficient supply
Action Error: Insufficient supply
[HTTP ERROR] purchasePrimaryProperty attempt 3 failed: Insufficient cash
Action Error: Insufficient cash
[HTTP ERROR] purchasePrimaryProperty attempt 3 failed: Insufficient cash
Action Error: Insufficient cash
[HTTP ERROR] purchasePrimaryProperty attempt 3 failed: Insufficient supply
Action Error: Insufficient supply
[HTTP ERROR] purchasePrimaryProperty attempt 3 failed: Insufficient supply
Action Error: Insufficient supply
[HTTP ERROR] purchasePrimaryProperty attempt 3 failed: Insufficient supply
Action Error: Insufficient supply
[HTTP] Calling createEconomicBatch...
[HTTP] Calling dispatchBatchChunks...
[+] Executing P251...
[HTTP] Calling createEconomicBatch...
[HTTP] Calling dispatchBatchChunks...
[+] Executing P252...
[HTTP] Calling createEconomicBatch...
[HTTP] Calling dispatchBatchChunks...
[+] Executing P253...
[HTTP] Calling createEconomicBatch...
[HTTP] Calling dispatchBatchChunks...
[+] Executing P254...
[HTTP] Calling createEconomicBatch...
[HTTP] Calling dispatchBatchChunks...
[+] Executing P255...
[HTTP] Calling createEconomicBatch...
[HTTP] Calling dispatchBatchChunks...
[+] Executing P256...
[HTTP] Calling createEconomicBatch...
[HTTP] Calling dispatchBatchChunks...
[+] Executing P257...
[HTTP] Calling createEconomicBatch...
[HTTP] Calling dispatchBatchChunks...
[+] Executing P258...
[HTTP] Calling createEconomicBatch...
[HTTP] Calling dispatchBatchChunks...
[+] Executing P259...
[HTTP] Calling createEconomicBatch...
[HTTP] Calling dispatchBatchChunks...
[+] Executing P260...
[+] P260: Generating AI Actions...
[HTTP] Calling purchasePrimaryProperty...
[HTTP] Calling purchasePrimaryProperty...
[HTTP] Calling purchasePrimaryProperty...
[HTTP] Calling purchasePrimaryProperty...
[HTTP] Calling purchasePrimaryProperty...
[HTTP] Calling purchasePrimaryProperty...
[HTTP] Calling purchasePrimaryProperty...
[HTTP] Calling purchasePrimaryProperty...
[HTTP] Calling purchasePrimaryProperty...
[HTTP] Calling purchasePrimaryProperty...
[HTTP] Calling purchasePrimaryProperty...
[HTTP] Calling purchasePrimaryProperty...
[HTTP] Calling purchasePrimaryProperty...
[HTTP] Calling purchasePrimaryProperty...
[HTTP] Calling purchasePrimaryProperty...
[HTTP] Calling purchasePrimaryProperty...
[HTTP] Calling purchasePrimaryProperty...
[HTTP] Calling purchasePrimaryProperty...
[HTTP] Calling purchasePrimaryProperty...
[HTTP] Calling purchasePrimaryProperty...
[HTTP] Calling purchasePrimaryProperty...
[HTTP] Calling purchasePrimaryProperty...
[HTTP] Calling purchasePrimaryProperty...
[HTTP] Calling purchasePrimaryProperty...
[HTTP] Calling purchasePrimaryProperty...
[HTTP] Calling purchasePrimaryProperty...
[HTTP] Calling purchasePrimaryProperty...
[HTTP] Calling purchasePrimaryProperty...
[HTTP] Calling purchasePrimaryProperty...
[HTTP] Calling purchasePrimaryProperty...
[HTTP ERROR] purchasePrimaryProperty attempt 1 failed: Insufficient cash
[HTTP ERROR] purchasePrimaryProperty attempt 1 failed: Insufficient supply
[HTTP ERROR] purchasePrimaryProperty attempt 1 failed: Insufficient supply
[HTTP ERROR] purchasePrimaryProperty attempt 1 failed: Insufficient supply
[HTTP ERROR] purchasePrimaryProperty attempt 1 failed: Insufficient supply
[HTTP ERROR] purchasePrimaryProperty attempt 1 failed: Insufficient cash
[HTTP ERROR] purchasePrimaryProperty attempt 1 failed: Insufficient cash
[HTTP ERROR] purchasePrimaryProperty attempt 1 failed: Insufficient supply
[HTTP ERROR] purchasePrimaryProperty attempt 1 failed: Insufficient supply
[HTTP ERROR] purchasePrimaryProperty attempt 1 failed: Insufficient cash
[HTTP ERROR] purchasePrimaryProperty attempt 1 failed: Insufficient supply
[HTTP ERROR] purchasePrimaryProperty attempt 1 failed: Insufficient cash
[HTTP ERROR] purchasePrimaryProperty attempt 1 failed: Insufficient supply
[HTTP ERROR] purchasePrimaryProperty attempt 1 failed: Insufficient cash
[HTTP ERROR] purchasePrimaryProperty attempt 1 failed: Insufficient cash
[HTTP ERROR] purchasePrimaryProperty attempt 1 failed: Insufficient supply
[HTTP ERROR] purchasePrimaryProperty attempt 1 failed: Insufficient supply
[HTTP ERROR] purchasePrimaryProperty attempt 1 failed: Insufficient supply
[HTTP ERROR] purchasePrimaryProperty attempt 1 failed: Insufficient supply
[HTTP ERROR] purchasePrimaryProperty attempt 1 failed: Insufficient cash
[HTTP ERROR] purchasePrimaryProperty attempt 1 failed: Insufficient cash
[HTTP ERROR] purchasePrimaryProperty attempt 1 failed: Insufficient cash
[HTTP ERROR] purchasePrimaryProperty attempt 1 failed: Insufficient cash
[HTTP ERROR] purchasePrimaryProperty attempt 1 failed: Insufficient supply
[HTTP ERROR] purchasePrimaryProperty attempt 1 failed: Insufficient cash
[HTTP ERROR] purchasePrimaryProperty attempt 1 failed: Insufficient supply
[HTTP ERROR] purchasePrimaryProperty attempt 1 failed: Insufficient cash
[HTTP ERROR] purchasePrimaryProperty attempt 1 failed: Insufficient supply
[HTTP ERROR] purchasePrimaryProperty attempt 1 failed: Insufficient supply
[HTTP ERROR] purchasePrimaryProperty attempt 1 failed: Insufficient supply
[HTTP] Calling purchasePrimaryProperty...
[HTTP] Calling purchasePrimaryProperty...
[HTTP] Calling purchasePrimaryProperty...
[HTTP] Calling purchasePrimaryProperty...
[HTTP] Calling purchasePrimaryProperty...
[HTTP] Calling purchasePrimaryProperty...
[HTTP] Calling purchasePrimaryProperty...
[HTTP] Calling purchasePrimaryProperty...
[HTTP] Calling purchasePrimaryProperty...
[HTTP ERROR] purchasePrimaryProperty attempt 2 failed: Insufficient supply
[HTTP] Calling purchasePrimaryProperty...
[HTTP ERROR] purchasePrimaryProperty attempt 2 failed: Insufficient cash
[HTTP ERROR] purchasePrimaryProperty attempt 2 failed: Insufficient supply
[HTTP ERROR] purchasePrimaryProperty attempt 2 failed: Insufficient supply
[HTTP ERROR] purchasePrimaryProperty attempt 2 failed: Insufficient supply
[HTTP ERROR] purchasePrimaryProperty attempt 2 failed: Insufficient cash
[HTTP ERROR] purchasePrimaryProperty attempt 2 failed: Insufficient supply
[HTTP] Calling purchasePrimaryProperty...
[HTTP] Calling purchasePrimaryProperty...
[HTTP ERROR] purchasePrimaryProperty attempt 2 failed: Insufficient cash
[HTTP] Calling purchasePrimaryProperty...
[HTTP ERROR] purchasePrimaryProperty attempt 2 failed: Insufficient supply
[HTTP] Calling purchasePrimaryProperty...
[HTTP] Calling purchasePrimaryProperty...
[HTTP ERROR] purchasePrimaryProperty attempt 2 failed: Insufficient cash
[HTTP] Calling purchasePrimaryProperty...
[HTTP] Calling purchasePrimaryProperty...
[HTTP ERROR] purchasePrimaryProperty attempt 2 failed: Insufficient supply
[HTTP ERROR] purchasePrimaryProperty attempt 2 failed: Insufficient cash
[HTTP] Calling purchasePrimaryProperty...
[HTTP] Calling purchasePrimaryProperty...
[HTTP ERROR] purchasePrimaryProperty attempt 2 failed: Insufficient supply
[HTTP] Calling purchasePrimaryProperty...
[HTTP] Calling purchasePrimaryProperty...
[HTTP ERROR] purchasePrimaryProperty attempt 2 failed: Insufficient cash
[HTTP] Calling purchasePrimaryProperty...
[HTTP ERROR] purchasePrimaryProperty attempt 2 failed: Insufficient cash
[HTTP] Calling purchasePrimaryProperty...
[HTTP] Calling purchasePrimaryProperty...
[HTTP ERROR] purchasePrimaryProperty attempt 2 failed: Insufficient supply
[HTTP] Calling purchasePrimaryProperty...
[HTTP ERROR] purchasePrimaryProperty attempt 2 failed: Insufficient supply
[HTTP ERROR] purchasePrimaryProperty attempt 2 failed: Insufficient supply
[HTTP] Calling purchasePrimaryProperty...
[HTTP] Calling purchasePrimaryProperty...
[HTTP] Calling purchasePrimaryProperty...
[HTTP] Calling purchasePrimaryProperty...
[HTTP ERROR] purchasePrimaryProperty attempt 2 failed: Insufficient supply
[HTTP] Calling purchasePrimaryProperty...
[HTTP ERROR] purchasePrimaryProperty attempt 2 failed: Insufficient cash
[HTTP ERROR] purchasePrimaryProperty attempt 2 failed: Insufficient cash
[HTTP ERROR] purchasePrimaryProperty attempt 2 failed: Insufficient cash
[HTTP ERROR] purchasePrimaryProperty attempt 2 failed: Insufficient cash
[HTTP ERROR] purchasePrimaryProperty attempt 2 failed: Insufficient cash
[HTTP ERROR] purchasePrimaryProperty attempt 2 failed: Insufficient supply
[HTTP ERROR] purchasePrimaryProperty attempt 2 failed: Insufficient supply
[HTTP ERROR] purchasePrimaryProperty attempt 2 failed: Insufficient cash
[HTTP ERROR] purchasePrimaryProperty attempt 2 failed: Insufficient supply
[HTTP ERROR] purchasePrimaryProperty attempt 2 failed: Insufficient supply
[HTTP ERROR] purchasePrimaryProperty attempt 2 failed: Insufficient supply
[HTTP] Calling purchasePrimaryProperty...
[HTTP] Calling purchasePrimaryProperty...
[HTTP] Calling purchasePrimaryProperty...
[HTTP] Calling purchasePrimaryProperty...
[HTTP] Calling purchasePrimaryProperty...
[HTTP] Calling purchasePrimaryProperty...
[HTTP] Calling purchasePrimaryProperty...
[HTTP] Calling purchasePrimaryProperty...
[HTTP ERROR] purchasePrimaryProperty attempt 3 failed: Insufficient supply
Action Error: Insufficient supply
[HTTP] Calling purchasePrimaryProperty...
[HTTP ERROR] purchasePrimaryProperty attempt 3 failed: Insufficient supply
Action Error: Insufficient supply
[HTTP ERROR] purchasePrimaryProperty attempt 3 failed: Insufficient cash
Action Error: Insufficient cash
[HTTP ERROR] purchasePrimaryProperty attempt 3 failed: Insufficient supply
Action Error: Insufficient supply
[HTTP] Calling purchasePrimaryProperty...
[HTTP ERROR] purchasePrimaryProperty attempt 3 failed: Insufficient supply
Action Error: Insufficient supply
[HTTP] Calling purchasePrimaryProperty...
[HTTP] Calling purchasePrimaryProperty...
[HTTP] Calling purchasePrimaryProperty...
[HTTP] Calling purchasePrimaryProperty...
[HTTP] Calling purchasePrimaryProperty...
[HTTP ERROR] purchasePrimaryProperty attempt 3 failed: Insufficient supply
Action Error: Insufficient supply
[HTTP] Calling purchasePrimaryProperty...
[HTTP] Calling purchasePrimaryProperty...
[HTTP] Calling purchasePrimaryProperty...
[HTTP ERROR] purchasePrimaryProperty attempt 3 failed: Insufficient cash
Action Error: Insufficient cash
[HTTP ERROR] purchasePrimaryProperty attempt 3 failed: Insufficient supply
Action Error: Insufficient supply
[HTTP ERROR] purchasePrimaryProperty attempt 3 failed: Insufficient cash
Action Error: Insufficient cash
[HTTP] Calling purchasePrimaryProperty...
[HTTP ERROR] purchasePrimaryProperty attempt 3 failed: Insufficient cash
Action Error: Insufficient cash
[HTTP] Calling purchasePrimaryProperty...
[HTTP] Calling purchasePrimaryProperty...
[HTTP ERROR] purchasePrimaryProperty attempt 3 failed: Insufficient supply
Action Error: Insufficient supply
[HTTP ERROR] purchasePrimaryProperty attempt 3 failed: Insufficient cash
Action Error: Insufficient cash
[HTTP] Calling purchasePrimaryProperty...
[HTTP ERROR] purchasePrimaryProperty attempt 3 failed: Insufficient cash
Action Error: Insufficient cash
[HTTP ERROR] purchasePrimaryProperty attempt 3 failed: Insufficient supply
Action Error: Insufficient supply
[HTTP ERROR] purchasePrimaryProperty attempt 3 failed: Insufficient cash
Action Error: Insufficient cash
[HTTP ERROR] purchasePrimaryProperty attempt 3 failed: Insufficient supply
Action Error: Insufficient supply
[HTTP] Calling purchasePrimaryProperty...
[HTTP] Calling purchasePrimaryProperty...
[HTTP ERROR] purchasePrimaryProperty attempt 3 failed: Insufficient supply
Action Error: Insufficient supply
[HTTP ERROR] purchasePrimaryProperty attempt 3 failed: Insufficient supply
Action Error: Insufficient supply
[HTTP] Calling purchasePrimaryProperty...
[HTTP] Calling purchasePrimaryProperty...
[HTTP] Calling purchasePrimaryProperty...
[HTTP ERROR] purchasePrimaryProperty attempt 3 failed: Insufficient supply
Action Error: Insufficient supply
[HTTP] Calling purchasePrimaryProperty...
[HTTP ERROR] purchasePrimaryProperty attempt 3 failed: Insufficient cash
Action Error: Insufficient cash
[HTTP] Calling purchasePrimaryProperty...
[HTTP] Calling purchasePrimaryProperty...
[HTTP ERROR] purchasePrimaryProperty attempt 3 failed: Insufficient cash
Action Error: Insufficient cash
[HTTP ERROR] purchasePrimaryProperty attempt 3 failed: Insufficient cash
Action Error: Insufficient cash
[HTTP ERROR] purchasePrimaryProperty attempt 3 failed: Insufficient cash
Action Error: Insufficient cash
[HTTP ERROR] purchasePrimaryProperty attempt 3 failed: Insufficient cash
Action Error: Insufficient cash
[HTTP ERROR] purchasePrimaryProperty attempt 3 failed: Insufficient supply
Action Error: Insufficient supply
[HTTP ERROR] purchasePrimaryProperty attempt 3 failed: Insufficient supply
Action Error: Insufficient supply
[HTTP ERROR] purchasePrimaryProperty attempt 3 failed: Insufficient cash
Action Error: Insufficient cash
[HTTP ERROR] purchasePrimaryProperty attempt 3 failed: Insufficient supply
Action Error: Insufficient supply
[HTTP ERROR] purchasePrimaryProperty attempt 3 failed: Insufficient supply
Action Error: Insufficient supply
[HTTP ERROR] purchasePrimaryProperty attempt 3 failed: Insufficient supply
Action Error: Insufficient supply
[HTTP] Calling createEconomicBatch...
[HTTP] Calling dispatchBatchChunks...
[+] Executing P261...
[HTTP] Calling createEconomicBatch...
[HTTP] Calling dispatchBatchChunks...
[+] Executing P262...
[HTTP] Calling createEconomicBatch...
[HTTP] Calling dispatchBatchChunks...
[+] Executing P263...
[HTTP] Calling createEconomicBatch...
[HTTP] Calling dispatchBatchChunks...
[+] Executing P264...
[HTTP] Calling createEconomicBatch...
[HTTP] Calling dispatchBatchChunks...
[+] Executing P265...
[HTTP] Calling createEconomicBatch...
[HTTP] Calling dispatchBatchChunks...
[+] Executing P266...
[HTTP] Calling createEconomicBatch...
[HTTP] Calling dispatchBatchChunks...
[+] Executing P267...
[HTTP] Calling createEconomicBatch...
[HTTP] Calling dispatchBatchChunks...
[+] Executing P268...
[HTTP] Calling createEconomicBatch...
[HTTP] Calling dispatchBatchChunks...
[+] Executing P269...
[HTTP] Calling createEconomicBatch...
[HTTP] Calling dispatchBatchChunks...
[+] Executing P270...
[+] P270: Generating AI Actions...
[HTTP] Calling purchasePrimaryProperty...
[HTTP] Calling purchasePrimaryProperty...
[HTTP] Calling purchasePrimaryProperty...
[HTTP] Calling purchasePrimaryProperty...
[HTTP] Calling purchasePrimaryProperty...
[HTTP] Calling purchasePrimaryProperty...
[HTTP] Calling purchasePrimaryProperty...
[HTTP] Calling purchasePrimaryProperty...
[HTTP] Calling purchasePrimaryProperty...
[HTTP] Calling purchasePrimaryProperty...
[HTTP] Calling purchasePrimaryProperty...
[HTTP] Calling purchasePrimaryProperty...
[HTTP] Calling purchasePrimaryProperty...
[HTTP] Calling purchasePrimaryProperty...
[HTTP] Calling purchasePrimaryProperty...
[HTTP] Calling purchasePrimaryProperty...
[HTTP] Calling purchasePrimaryProperty...
[HTTP] Calling purchasePrimaryProperty...
[HTTP] Calling purchasePrimaryProperty...
[HTTP] Calling purchasePrimaryProperty...
[HTTP] Calling purchasePrimaryProperty...
[HTTP] Calling purchasePrimaryProperty...
[HTTP] Calling purchasePrimaryProperty...
[HTTP] Calling purchasePrimaryProperty...
[HTTP] Calling purchasePrimaryProperty...
[HTTP] Calling purchasePrimaryProperty...
[HTTP] Calling purchasePrimaryProperty...
[HTTP] Calling purchasePrimaryProperty...
[HTTP] Calling purchasePrimaryProperty...
[HTTP] Calling purchasePrimaryProperty...
[HTTP ERROR] purchasePrimaryProperty attempt 1 failed: Insufficient cash
[HTTP ERROR] purchasePrimaryProperty attempt 1 failed: Insufficient supply
[HTTP ERROR] purchasePrimaryProperty attempt 1 failed: Insufficient supply
[HTTP ERROR] purchasePrimaryProperty attempt 1 failed: Insufficient cash
[HTTP ERROR] purchasePrimaryProperty attempt 1 failed: Insufficient cash
[HTTP ERROR] purchasePrimaryProperty attempt 1 failed: Insufficient supply
[HTTP ERROR] purchasePrimaryProperty attempt 1 failed: Insufficient cash
[HTTP ERROR] purchasePrimaryProperty attempt 1 failed: Insufficient supply
[HTTP ERROR] purchasePrimaryProperty attempt 1 failed: Insufficient supply
[HTTP ERROR] purchasePrimaryProperty attempt 1 failed: Insufficient supply
[HTTP ERROR] purchasePrimaryProperty attempt 1 failed: Insufficient cash
[HTTP ERROR] purchasePrimaryProperty attempt 1 failed: Insufficient cash
[HTTP ERROR] purchasePrimaryProperty attempt 1 failed: Insufficient cash
[HTTP ERROR] purchasePrimaryProperty attempt 1 failed: Insufficient supply
[HTTP ERROR] purchasePrimaryProperty attempt 1 failed: Insufficient cash
[HTTP ERROR] purchasePrimaryProperty attempt 1 failed: Insufficient supply
[HTTP ERROR] purchasePrimaryProperty attempt 1 failed: Insufficient cash
[HTTP ERROR] purchasePrimaryProperty attempt 1 failed: Insufficient cash
[HTTP ERROR] purchasePrimaryProperty attempt 1 failed: Insufficient supply
[HTTP ERROR] purchasePrimaryProperty attempt 1 failed: Insufficient supply
[HTTP ERROR] purchasePrimaryProperty attempt 1 failed: Insufficient cash
[HTTP ERROR] purchasePrimaryProperty attempt 1 failed: Insufficient cash
[HTTP ERROR] purchasePrimaryProperty attempt 1 failed: Insufficient supply
[HTTP ERROR] purchasePrimaryProperty attempt 1 failed: Insufficient supply
[HTTP ERROR] purchasePrimaryProperty attempt 1 failed: Insufficient supply
[HTTP ERROR] purchasePrimaryProperty attempt 1 failed: Insufficient cash
[HTTP ERROR] purchasePrimaryProperty attempt 1 failed: Insufficient supply
[HTTP ERROR] purchasePrimaryProperty attempt 1 failed: Insufficient supply
[HTTP ERROR] purchasePrimaryProperty attempt 1 failed: Insufficient supply
[HTTP ERROR] purchasePrimaryProperty attempt 1 failed: Insufficient supply
[HTTP] Calling purchasePrimaryProperty...
[HTTP] Calling purchasePrimaryProperty...
[HTTP] Calling purchasePrimaryProperty...
[HTTP] Calling purchasePrimaryProperty...
[HTTP] Calling purchasePrimaryProperty...
[HTTP] Calling purchasePrimaryProperty...
[HTTP] Calling purchasePrimaryProperty...
[HTTP] Calling purchasePrimaryProperty...
[HTTP ERROR] purchasePrimaryProperty attempt 2 failed: Insufficient cash
[HTTP] Calling purchasePrimaryProperty...
[HTTP] Calling purchasePrimaryProperty...
[HTTP] Calling purchasePrimaryProperty...
[HTTP] Calling purchasePrimaryProperty...
[HTTP] Calling purchasePrimaryProperty...
[HTTP ERROR] purchasePrimaryProperty attempt 2 failed: Insufficient cash
[HTTP] Calling purchasePrimaryProperty...
[HTTP ERROR] purchasePrimaryProperty attempt 2 failed: Insufficient supply
[HTTP] Calling purchasePrimaryProperty...
[HTTP ERROR] purchasePrimaryProperty attempt 2 failed: Insufficient supply
[HTTP] Calling purchasePrimaryProperty...
[HTTP ERROR] purchasePrimaryProperty attempt 2 failed: Insufficient cash
[HTTP ERROR] purchasePrimaryProperty attempt 2 failed: Insufficient cash
[HTTP] Calling purchasePrimaryProperty...
[HTTP ERROR] purchasePrimaryProperty attempt 2 failed: Insufficient supply
[HTTP] Calling purchasePrimaryProperty...
[HTTP] Calling purchasePrimaryProperty...
[HTTP ERROR] purchasePrimaryProperty attempt 2 failed: Insufficient supply
[HTTP ERROR] purchasePrimaryProperty attempt 2 failed: Insufficient supply
[HTTP] Calling purchasePrimaryProperty...
[HTTP] Calling purchasePrimaryProperty...
[HTTP] Calling purchasePrimaryProperty...
[HTTP] Calling purchasePrimaryProperty...
[HTTP] Calling purchasePrimaryProperty...
[HTTP] Calling purchasePrimaryProperty...
[HTTP] Calling purchasePrimaryProperty...
[HTTP] Calling purchasePrimaryProperty...
[HTTP] Calling purchasePrimaryProperty...
[HTTP] Calling purchasePrimaryProperty...
[HTTP ERROR] purchasePrimaryProperty attempt 2 failed: Insufficient cash
[HTTP] Calling purchasePrimaryProperty...
[HTTP ERROR] purchasePrimaryProperty attempt 2 failed: Insufficient cash
[HTTP ERROR] purchasePrimaryProperty attempt 2 failed: Insufficient supply
[HTTP ERROR] purchasePrimaryProperty attempt 2 failed: Insufficient cash
[HTTP ERROR] purchasePrimaryProperty attempt 2 failed: Insufficient supply
[HTTP ERROR] purchasePrimaryProperty attempt 2 failed: Insufficient cash
[HTTP ERROR] purchasePrimaryProperty attempt 2 failed: Insufficient supply
[HTTP ERROR] purchasePrimaryProperty attempt 2 failed: Insufficient cash
[HTTP ERROR] purchasePrimaryProperty attempt 2 failed: Insufficient supply
[HTTP ERROR] purchasePrimaryProperty attempt 2 failed: Insufficient cash
[HTTP ERROR] purchasePrimaryProperty attempt 2 failed: Insufficient supply
[HTTP ERROR] purchasePrimaryProperty attempt 2 failed: Insufficient cash
[HTTP ERROR] purchasePrimaryProperty attempt 2 failed: Insufficient cash
[HTTP ERROR] purchasePrimaryProperty attempt 2 failed: Insufficient supply
[HTTP ERROR] purchasePrimaryProperty attempt 2 failed: Insufficient supply
[HTTP ERROR] purchasePrimaryProperty attempt 2 failed: Insufficient supply
[HTTP ERROR] purchasePrimaryProperty attempt 2 failed: Insufficient supply
[HTTP ERROR] purchasePrimaryProperty attempt 2 failed: Insufficient cash
[HTTP ERROR] purchasePrimaryProperty attempt 2 failed: Insufficient supply
[HTTP ERROR] purchasePrimaryProperty attempt 2 failed: Insufficient supply
[HTTP ERROR] purchasePrimaryProperty attempt 2 failed: Insufficient supply
[HTTP] Calling purchasePrimaryProperty...
[HTTP] Calling purchasePrimaryProperty...
[HTTP] Calling purchasePrimaryProperty...
[HTTP] Calling purchasePrimaryProperty...
[HTTP ERROR] purchasePrimaryProperty attempt 3 failed: Insufficient cash
Action Error: Insufficient cash
[HTTP] Calling purchasePrimaryProperty...
[HTTP] Calling purchasePrimaryProperty...
[HTTP] Calling purchasePrimaryProperty...
[HTTP] Calling purchasePrimaryProperty...
[HTTP ERROR] purchasePrimaryProperty attempt 3 failed: Insufficient cash
Action Error: Insufficient cash
[HTTP] Calling purchasePrimaryProperty...
[HTTP ERROR] purchasePrimaryProperty attempt 3 failed: Insufficient supply
Action Error: Insufficient supply
[HTTP ERROR] purchasePrimaryProperty attempt 3 failed: Insufficient supply
Action Error: Insufficient supply
[HTTP ERROR] purchasePrimaryProperty attempt 3 failed: Insufficient cash
Action Error: Insufficient cash
[HTTP ERROR] purchasePrimaryProperty attempt 3 failed: Insufficient cash
Action Error: Insufficient cash
[HTTP ERROR] purchasePrimaryProperty attempt 3 failed: Insufficient supply
Action Error: Insufficient supply
[HTTP] Calling purchasePrimaryProperty...
[HTTP] Calling purchasePrimaryProperty...
[HTTP] Calling purchasePrimaryProperty...
[HTTP] Calling purchasePrimaryProperty...
[HTTP ERROR] purchasePrimaryProperty attempt 3 failed: Insufficient supply
Action Error: Insufficient supply
[HTTP ERROR] purchasePrimaryProperty attempt 3 failed: Insufficient supply
Action Error: Insufficient supply
[HTTP] Calling purchasePrimaryProperty...
[HTTP] Calling purchasePrimaryProperty...
[HTTP ERROR] purchasePrimaryProperty attempt 3 failed: Insufficient cash
Action Error: Insufficient cash
[HTTP] Calling purchasePrimaryProperty...
[HTTP] Calling purchasePrimaryProperty...
[HTTP ERROR] purchasePrimaryProperty attempt 3 failed: Insufficient cash
Action Error: Insufficient cash
[HTTP ERROR] purchasePrimaryProperty attempt 3 failed: Insufficient supply
Action Error: Insufficient supply
[HTTP ERROR] purchasePrimaryProperty attempt 3 failed: Insufficient cash
Action Error: Insufficient cash
[HTTP] Calling purchasePrimaryProperty...
[HTTP] Calling purchasePrimaryProperty...
[HTTP] Calling purchasePrimaryProperty...
[HTTP] Calling purchasePrimaryProperty...
[HTTP ERROR] purchasePrimaryProperty attempt 3 failed: Insufficient supply
Action Error: Insufficient supply
[HTTP] Calling purchasePrimaryProperty...
[HTTP] Calling purchasePrimaryProperty...
[HTTP] Calling purchasePrimaryProperty...
[HTTP] Calling purchasePrimaryProperty...
[HTTP] Calling purchasePrimaryProperty...
[HTTP] Calling purchasePrimaryProperty...
[HTTP ERROR] purchasePrimaryProperty attempt 3 failed: Insufficient cash
Action Error: Insufficient cash
[HTTP] Calling purchasePrimaryProperty...
[HTTP ERROR] purchasePrimaryProperty attempt 3 failed: Insufficient supply
Action Error: Insufficient supply
[HTTP] Calling purchasePrimaryProperty...
[HTTP] Calling purchasePrimaryProperty...
[HTTP ERROR] purchasePrimaryProperty attempt 3 failed: Insufficient cash
Action Error: Insufficient cash
[HTTP ERROR] purchasePrimaryProperty attempt 3 failed: Insufficient supply
Action Error: Insufficient supply
[HTTP ERROR] purchasePrimaryProperty attempt 3 failed: Insufficient supply
Action Error: Insufficient supply
[HTTP ERROR] purchasePrimaryProperty attempt 3 failed: Insufficient cash
Action Error: Insufficient cash
[HTTP ERROR] purchasePrimaryProperty attempt 3 failed: Insufficient cash
Action Error: Insufficient cash
[HTTP ERROR] purchasePrimaryProperty attempt 3 failed: Insufficient cash
Action Error: Insufficient cash
[HTTP ERROR] purchasePrimaryProperty attempt 3 failed: Insufficient supply
Action Error: Insufficient supply
[HTTP ERROR] purchasePrimaryProperty attempt 3 failed: Insufficient supply
Action Error: Insufficient supply
[HTTP ERROR] purchasePrimaryProperty attempt 3 failed: Insufficient cash
Action Error: Insufficient cash
[HTTP ERROR] purchasePrimaryProperty attempt 3 failed: Insufficient supply
Action Error: Insufficient supply
[HTTP ERROR] purchasePrimaryProperty attempt 3 failed: Insufficient supply
Action Error: Insufficient supply
[HTTP ERROR] purchasePrimaryProperty attempt 3 failed: Insufficient supply
Action Error: Insufficient supply
[HTTP ERROR] purchasePrimaryProperty attempt 3 failed: Insufficient supply
Action Error: Insufficient supply
[HTTP ERROR] purchasePrimaryProperty attempt 3 failed: Insufficient supply
Action Error: Insufficient supply
[HTTP] Calling createEconomicBatch...
[HTTP] Calling dispatchBatchChunks...
[+] Passed Period 270/360
[+] Executing P271...
[HTTP] Calling createEconomicBatch...
[HTTP] Calling dispatchBatchChunks...
[+] Executing P272...
[HTTP] Calling createEconomicBatch...
[HTTP] Calling dispatchBatchChunks...
[+] Executing P273...
[HTTP] Calling createEconomicBatch...
[HTTP] Calling dispatchBatchChunks...
[+] Executing P274...
[HTTP] Calling createEconomicBatch...
[HTTP] Calling dispatchBatchChunks...
[+] Executing P275...
[HTTP] Calling createEconomicBatch...
[HTTP] Calling dispatchBatchChunks...
[+] Executing P276...
[HTTP] Calling createEconomicBatch...
[HTTP] Calling dispatchBatchChunks...
[+] Executing P277...
[HTTP] Calling createEconomicBatch...
[HTTP] Calling dispatchBatchChunks...
[+] Executing P278...
[HTTP] Calling createEconomicBatch...
[HTTP] Calling dispatchBatchChunks...
[+] Executing P279...
[HTTP] Calling createEconomicBatch...
[HTTP] Calling dispatchBatchChunks...
[+] Executing P280...
[+] P280: Generating AI Actions...
[HTTP] Calling purchasePrimaryProperty...
[HTTP] Calling purchasePrimaryProperty...
[HTTP] Calling purchasePrimaryProperty...
[HTTP] Calling purchasePrimaryProperty...
[HTTP] Calling purchasePrimaryProperty...
[HTTP] Calling purchasePrimaryProperty...
[HTTP] Calling purchasePrimaryProperty...
[HTTP] Calling purchasePrimaryProperty...
[HTTP] Calling purchasePrimaryProperty...
[HTTP] Calling purchasePrimaryProperty...
[HTTP] Calling purchasePrimaryProperty...
[HTTP] Calling purchasePrimaryProperty...
[HTTP] Calling purchasePrimaryProperty...
[HTTP] Calling purchasePrimaryProperty...
[HTTP] Calling purchasePrimaryProperty...
[HTTP] Calling purchasePrimaryProperty...
[HTTP] Calling purchasePrimaryProperty...
[HTTP] Calling purchasePrimaryProperty...
[HTTP] Calling purchasePrimaryProperty...
[HTTP] Calling purchasePrimaryProperty...
[HTTP] Calling purchasePrimaryProperty...
[HTTP] Calling purchasePrimaryProperty...
[HTTP] Calling purchasePrimaryProperty...
[HTTP] Calling purchasePrimaryProperty...
[HTTP] Calling purchasePrimaryProperty...
[HTTP] Calling purchasePrimaryProperty...
[HTTP] Calling purchasePrimaryProperty...
[HTTP] Calling purchasePrimaryProperty...
[HTTP] Calling purchasePrimaryProperty...
[HTTP] Calling purchasePrimaryProperty...
[HTTP ERROR] purchasePrimaryProperty attempt 1 failed: Insufficient cash
[HTTP ERROR] purchasePrimaryProperty attempt 1 failed: Insufficient supply
[HTTP ERROR] purchasePrimaryProperty attempt 1 failed: Insufficient cash
[HTTP ERROR] purchasePrimaryProperty attempt 1 failed: Insufficient cash
[HTTP ERROR] purchasePrimaryProperty attempt 1 failed: Insufficient supply
[HTTP ERROR] purchasePrimaryProperty attempt 1 failed: Insufficient supply
[HTTP ERROR] purchasePrimaryProperty attempt 1 failed: Insufficient supply
[HTTP ERROR] purchasePrimaryProperty attempt 1 failed: Insufficient supply
[HTTP ERROR] purchasePrimaryProperty attempt 1 failed: Insufficient supply
[HTTP ERROR] purchasePrimaryProperty attempt 1 failed: Insufficient supply
[HTTP ERROR] purchasePrimaryProperty attempt 1 failed: Insufficient supply
[HTTP ERROR] purchasePrimaryProperty attempt 1 failed: Insufficient supply
[HTTP ERROR] purchasePrimaryProperty attempt 1 failed: Insufficient supply
[HTTP ERROR] purchasePrimaryProperty attempt 1 failed: Insufficient supply
[HTTP ERROR] purchasePrimaryProperty attempt 1 failed: Insufficient cash
[HTTP ERROR] purchasePrimaryProperty attempt 1 failed: Insufficient cash
[HTTP ERROR] purchasePrimaryProperty attempt 1 failed: Insufficient cash
[HTTP ERROR] purchasePrimaryProperty attempt 1 failed: Insufficient cash
[HTTP ERROR] purchasePrimaryProperty attempt 1 failed: Insufficient supply
[HTTP ERROR] purchasePrimaryProperty attempt 1 failed: Insufficient supply
[HTTP ERROR] purchasePrimaryProperty attempt 1 failed: Insufficient cash
[HTTP ERROR] purchasePrimaryProperty attempt 1 failed: Insufficient cash
[HTTP ERROR] purchasePrimaryProperty attempt 1 failed: Insufficient cash
[HTTP ERROR] purchasePrimaryProperty attempt 1 failed: Insufficient supply
[HTTP ERROR] purchasePrimaryProperty attempt 1 failed: Insufficient cash
[HTTP ERROR] purchasePrimaryProperty attempt 1 failed: Insufficient supply
[HTTP ERROR] purchasePrimaryProperty attempt 1 failed: Insufficient cash
[HTTP ERROR] purchasePrimaryProperty attempt 1 failed: Insufficient cash
[HTTP ERROR] purchasePrimaryProperty attempt 1 failed: Insufficient cash
[HTTP ERROR] purchasePrimaryProperty attempt 1 failed: Insufficient cash
[HTTP] Calling purchasePrimaryProperty...
[HTTP] Calling purchasePrimaryProperty...
[HTTP] Calling purchasePrimaryProperty...
[HTTP] Calling purchasePrimaryProperty...
[HTTP] Calling purchasePrimaryProperty...
[HTTP] Calling purchasePrimaryProperty...
[HTTP] Calling purchasePrimaryProperty...
[HTTP] Calling purchasePrimaryProperty...
[HTTP] Calling purchasePrimaryProperty...
[HTTP] Calling purchasePrimaryProperty...
[HTTP] Calling purchasePrimaryProperty...
[HTTP ERROR] purchasePrimaryProperty attempt 2 failed: Insufficient cash
[HTTP] Calling purchasePrimaryProperty...
[HTTP ERROR] purchasePrimaryProperty attempt 2 failed: Insufficient cash
[HTTP ERROR] purchasePrimaryProperty attempt 2 failed: Insufficient supply
[HTTP] Calling purchasePrimaryProperty...
[HTTP ERROR] purchasePrimaryProperty attempt 2 failed: Insufficient cash
[HTTP] Calling purchasePrimaryProperty...
[HTTP] Calling purchasePrimaryProperty...
[HTTP ERROR] purchasePrimaryProperty attempt 2 failed: Insufficient supply
[HTTP ERROR] purchasePrimaryProperty attempt 2 failed: Insufficient supply
[HTTP] Calling purchasePrimaryProperty...
[HTTP] Calling purchasePrimaryProperty...
[HTTP] Calling purchasePrimaryProperty...
[HTTP ERROR] purchasePrimaryProperty attempt 2 failed: Insufficient supply
[HTTP] Calling purchasePrimaryProperty...
[HTTP ERROR] purchasePrimaryProperty attempt 2 failed: Insufficient supply
[HTTP ERROR] purchasePrimaryProperty attempt 2 failed: Insufficient supply
[HTTP ERROR] purchasePrimaryProperty attempt 2 failed: Insufficient supply
[HTTP ERROR] purchasePrimaryProperty attempt 2 failed: Insufficient supply
[HTTP] Calling purchasePrimaryProperty...
[HTTP] Calling purchasePrimaryProperty...
[HTTP ERROR] purchasePrimaryProperty attempt 2 failed: Insufficient supply
[HTTP ERROR] purchasePrimaryProperty attempt 2 failed: Insufficient supply
[HTTP] Calling purchasePrimaryProperty...
[HTTP] Calling purchasePrimaryProperty...
[HTTP ERROR] purchasePrimaryProperty attempt 2 failed: Insufficient supply
[HTTP] Calling purchasePrimaryProperty...
[HTTP] Calling purchasePrimaryProperty...
[HTTP ERROR] purchasePrimaryProperty attempt 2 failed: Insufficient cash
[HTTP] Calling purchasePrimaryProperty...
[HTTP] Calling purchasePrimaryProperty...
[HTTP] Calling purchasePrimaryProperty...
[HTTP ERROR] purchasePrimaryProperty attempt 2 failed: Insufficient cash
[HTTP ERROR] purchasePrimaryProperty attempt 2 failed: Insufficient cash
[HTTP ERROR] purchasePrimaryProperty attempt 2 failed: Insufficient cash
[HTTP] Calling purchasePrimaryProperty...
[HTTP ERROR] purchasePrimaryProperty attempt 2 failed: Insufficient supply
[HTTP] Calling purchasePrimaryProperty...
[HTTP ERROR] purchasePrimaryProperty attempt 2 failed: Insufficient supply
[HTTP ERROR] purchasePrimaryProperty attempt 2 failed: Insufficient cash
[HTTP ERROR] purchasePrimaryProperty attempt 2 failed: Insufficient cash
[HTTP ERROR] purchasePrimaryProperty attempt 2 failed: Insufficient cash
[HTTP ERROR] purchasePrimaryProperty attempt 2 failed: Insufficient cash
[HTTP ERROR] purchasePrimaryProperty attempt 2 failed: Insufficient cash
[HTTP ERROR] purchasePrimaryProperty attempt 2 failed: Insufficient supply
[HTTP ERROR] purchasePrimaryProperty attempt 2 failed: Insufficient cash
[HTTP ERROR] purchasePrimaryProperty attempt 2 failed: Insufficient supply
[HTTP ERROR] purchasePrimaryProperty attempt 2 failed: Insufficient cash
[HTTP ERROR] purchasePrimaryProperty attempt 2 failed: Insufficient cash
[HTTP] Calling purchasePrimaryProperty...
[HTTP] Calling purchasePrimaryProperty...
[HTTP] Calling purchasePrimaryProperty...
[HTTP] Calling purchasePrimaryProperty...
[HTTP] Calling purchasePrimaryProperty...
[HTTP] Calling purchasePrimaryProperty...
[HTTP] Calling purchasePrimaryProperty...
[HTTP] Calling purchasePrimaryProperty...
[HTTP] Calling purchasePrimaryProperty...
[HTTP ERROR] purchasePrimaryProperty attempt 3 failed: Insufficient cash
Action Error: Insufficient cash
[HTTP] Calling purchasePrimaryProperty...
[HTTP] Calling purchasePrimaryProperty...
[HTTP ERROR] purchasePrimaryProperty attempt 3 failed: Insufficient cash
Action Error: Insufficient cash
[HTTP ERROR] purchasePrimaryProperty attempt 3 failed: Insufficient supply
Action Error: Insufficient supply
[HTTP ERROR] purchasePrimaryProperty attempt 3 failed: Insufficient cash
Action Error: Insufficient cash
[HTTP ERROR] purchasePrimaryProperty attempt 3 failed: Insufficient supply
Action Error: Insufficient supply
[HTTP] Calling purchasePrimaryProperty...
[HTTP] Calling purchasePrimaryProperty...
[HTTP ERROR] purchasePrimaryProperty attempt 3 failed: Insufficient supply
Action Error: Insufficient supply
[HTTP ERROR] purchasePrimaryProperty attempt 3 failed: Insufficient supply
Action Error: Insufficient supply
[HTTP] Calling purchasePrimaryProperty...
[HTTP] Calling purchasePrimaryProperty...
[HTTP ERROR] purchasePrimaryProperty attempt 3 failed: Insufficient supply
Action Error: Insufficient supply
[HTTP] Calling purchasePrimaryProperty...
[HTTP] Calling purchasePrimaryProperty...
[HTTP] Calling purchasePrimaryProperty...
[HTTP ERROR] purchasePrimaryProperty attempt 3 failed: Insufficient supply
Action Error: Insufficient supply
[HTTP ERROR] purchasePrimaryProperty attempt 3 failed: Insufficient supply
Action Error: Insufficient supply
[HTTP ERROR] purchasePrimaryProperty attempt 3 failed: Insufficient supply
Action Error: Insufficient supply
[HTTP] Calling purchasePrimaryProperty...
[HTTP] Calling purchasePrimaryProperty...
[HTTP ERROR] purchasePrimaryProperty attempt 3 failed: Insufficient supply
Action Error: Insufficient supply
[HTTP] Calling purchasePrimaryProperty...
[HTTP ERROR] purchasePrimaryProperty attempt 3 failed: Insufficient supply
Action Error: Insufficient supply
[HTTP ERROR] purchasePrimaryProperty attempt 3 failed: Insufficient supply
Action Error: Insufficient supply
[HTTP] Calling purchasePrimaryProperty...
[HTTP] Calling purchasePrimaryProperty...
[HTTP ERROR] purchasePrimaryProperty attempt 3 failed: Insufficient cash
Action Error: Insufficient cash
[HTTP ERROR] purchasePrimaryProperty attempt 3 failed: Insufficient cash
Action Error: Insufficient cash
[HTTP ERROR] purchasePrimaryProperty attempt 3 failed: Insufficient cash
Action Error: Insufficient cash
[HTTP ERROR] purchasePrimaryProperty attempt 3 failed: Insufficient cash
Action Error: Insufficient cash
[HTTP] Calling purchasePrimaryProperty...
[HTTP] Calling purchasePrimaryProperty...
[HTTP] Calling purchasePrimaryProperty...
[HTTP] Calling purchasePrimaryProperty...
[HTTP ERROR] purchasePrimaryProperty attempt 3 failed: Insufficient supply
Action Error: Insufficient supply
[HTTP] Calling purchasePrimaryProperty...
[HTTP ERROR] purchasePrimaryProperty attempt 3 failed: Insufficient supply
Action Error: Insufficient supply
[HTTP ERROR] purchasePrimaryProperty attempt 3 failed: Insufficient cash
Action Error: Insufficient cash
[HTTP] Calling purchasePrimaryProperty...
[HTTP ERROR] purchasePrimaryProperty attempt 3 failed: Insufficient cash
Action Error: Insufficient cash
[HTTP] Calling purchasePrimaryProperty...
[HTTP ERROR] purchasePrimaryProperty attempt 3 failed: Insufficient cash
Action Error: Insufficient cash
[HTTP ERROR] purchasePrimaryProperty attempt 3 failed: Insufficient cash
Action Error: Insufficient cash
[HTTP ERROR] purchasePrimaryProperty attempt 3 failed: Insufficient cash
Action Error: Insufficient cash
[HTTP ERROR] purchasePrimaryProperty attempt 3 failed: Insufficient supply
Action Error: Insufficient supply
[HTTP ERROR] purchasePrimaryProperty attempt 3 failed: Insufficient cash
Action Error: Insufficient cash
[HTTP ERROR] purchasePrimaryProperty attempt 3 failed: Insufficient cash
Action Error: Insufficient cash
[HTTP ERROR] purchasePrimaryProperty attempt 3 failed: Insufficient cash
Action Error: Insufficient cash
[HTTP ERROR] purchasePrimaryProperty attempt 3 failed: Insufficient supply
Action Error: Insufficient supply
[HTTP] Calling createEconomicBatch...
[HTTP] Calling dispatchBatchChunks...
[+] Executing P281...
[HTTP] Calling createEconomicBatch...
[HTTP] Calling dispatchBatchChunks...
[+] Executing P282...
[HTTP] Calling createEconomicBatch...
[HTTP] Calling dispatchBatchChunks...
[+] Executing P283...
[HTTP] Calling createEconomicBatch...
[HTTP] Calling dispatchBatchChunks...
[+] Executing P284...
[HTTP] Calling createEconomicBatch...
[HTTP] Calling dispatchBatchChunks...
[+] Executing P285...
[HTTP] Calling createEconomicBatch...
[HTTP] Calling dispatchBatchChunks...
[+] Executing P286...
[HTTP] Calling createEconomicBatch...
[HTTP] Calling dispatchBatchChunks...
[+] Executing P287...
[HTTP] Calling createEconomicBatch...
[HTTP] Calling dispatchBatchChunks...
[+] Executing P288...
[HTTP] Calling createEconomicBatch...
[HTTP] Calling dispatchBatchChunks...
[+] Executing P289...
[HTTP] Calling createEconomicBatch...
[HTTP] Calling dispatchBatchChunks...
[+] Executing P290...
[+] P290: Generating AI Actions...
[HTTP] Calling purchasePrimaryProperty...
[HTTP] Calling purchasePrimaryProperty...
[HTTP] Calling purchasePrimaryProperty...
[HTTP] Calling purchasePrimaryProperty...
[HTTP] Calling purchasePrimaryProperty...
[HTTP] Calling purchasePrimaryProperty...
[HTTP] Calling purchasePrimaryProperty...
[HTTP] Calling purchasePrimaryProperty...
[HTTP] Calling purchasePrimaryProperty...
[HTTP] Calling purchasePrimaryProperty...
[HTTP] Calling purchasePrimaryProperty...
[HTTP] Calling purchasePrimaryProperty...
[HTTP] Calling purchasePrimaryProperty...
[HTTP] Calling purchasePrimaryProperty...
[HTTP] Calling purchasePrimaryProperty...
[HTTP] Calling purchasePrimaryProperty...
[HTTP] Calling purchasePrimaryProperty...
[HTTP] Calling purchasePrimaryProperty...
[HTTP] Calling purchasePrimaryProperty...
[HTTP] Calling purchasePrimaryProperty...
[HTTP] Calling purchasePrimaryProperty...
[HTTP] Calling purchasePrimaryProperty...
[HTTP] Calling purchasePrimaryProperty...
[HTTP] Calling purchasePrimaryProperty...
[HTTP] Calling purchasePrimaryProperty...
[HTTP] Calling purchasePrimaryProperty...
[HTTP] Calling purchasePrimaryProperty...
[HTTP] Calling purchasePrimaryProperty...
[HTTP] Calling purchasePrimaryProperty...
[HTTP] Calling purchasePrimaryProperty...
[HTTP ERROR] purchasePrimaryProperty attempt 1 failed: Insufficient cash
[HTTP ERROR] purchasePrimaryProperty attempt 1 failed: Insufficient cash
[HTTP ERROR] purchasePrimaryProperty attempt 1 failed: Insufficient cash
[HTTP ERROR] purchasePrimaryProperty attempt 1 failed: Insufficient supply
[HTTP ERROR] purchasePrimaryProperty attempt 1 failed: Insufficient supply
[HTTP ERROR] purchasePrimaryProperty attempt 1 failed: Insufficient cash
[HTTP ERROR] purchasePrimaryProperty attempt 1 failed: Insufficient cash
[HTTP ERROR] purchasePrimaryProperty attempt 1 failed: Insufficient supply
[HTTP ERROR] purchasePrimaryProperty attempt 1 failed: Insufficient cash
[HTTP ERROR] purchasePrimaryProperty attempt 1 failed: Insufficient cash
[HTTP ERROR] purchasePrimaryProperty attempt 1 failed: Insufficient cash
[HTTP ERROR] purchasePrimaryProperty attempt 1 failed: Insufficient cash
[HTTP ERROR] purchasePrimaryProperty attempt 1 failed: Insufficient supply
[HTTP ERROR] purchasePrimaryProperty attempt 1 failed: Insufficient cash
[HTTP ERROR] purchasePrimaryProperty attempt 1 failed: Insufficient cash
[HTTP ERROR] purchasePrimaryProperty attempt 1 failed: Insufficient cash
[HTTP ERROR] purchasePrimaryProperty attempt 1 failed: Insufficient supply
[HTTP ERROR] purchasePrimaryProperty attempt 1 failed: Insufficient cash
[HTTP ERROR] purchasePrimaryProperty attempt 1 failed: Insufficient supply
[HTTP ERROR] purchasePrimaryProperty attempt 1 failed: Insufficient cash
[HTTP ERROR] purchasePrimaryProperty attempt 1 failed: Insufficient cash
[HTTP ERROR] purchasePrimaryProperty attempt 1 failed: Insufficient cash
[HTTP ERROR] purchasePrimaryProperty attempt 1 failed: Insufficient supply
[HTTP ERROR] purchasePrimaryProperty attempt 1 failed: Insufficient supply
[HTTP ERROR] purchasePrimaryProperty attempt 1 failed: Insufficient cash
[HTTP ERROR] purchasePrimaryProperty attempt 1 failed: Insufficient supply
[HTTP ERROR] purchasePrimaryProperty attempt 1 failed: Insufficient supply
[HTTP ERROR] purchasePrimaryProperty attempt 1 failed: Insufficient supply
[HTTP ERROR] purchasePrimaryProperty attempt 1 failed: Insufficient supply
[HTTP] Calling purchasePrimaryProperty...
[HTTP] Calling purchasePrimaryProperty...
[HTTP] Calling purchasePrimaryProperty...
[HTTP] Calling purchasePrimaryProperty...
[HTTP] Calling purchasePrimaryProperty...
[HTTP] Calling purchasePrimaryProperty...
[HTTP] Calling purchasePrimaryProperty...
[HTTP] Calling purchasePrimaryProperty...
[HTTP] Calling purchasePrimaryProperty...
[HTTP] Calling purchasePrimaryProperty...
[HTTP ERROR] purchasePrimaryProperty attempt 2 failed: Insufficient cash
[HTTP] Calling purchasePrimaryProperty...
[HTTP ERROR] purchasePrimaryProperty attempt 2 failed: Insufficient cash
[HTTP] Calling purchasePrimaryProperty...
[HTTP ERROR] purchasePrimaryProperty attempt 2 failed: Insufficient cash
[HTTP] Calling purchasePrimaryProperty...
[HTTP] Calling purchasePrimaryProperty...
[HTTP ERROR] purchasePrimaryProperty attempt 2 failed: Insufficient supply
[HTTP] Calling purchasePrimaryProperty...
[HTTP ERROR] purchasePrimaryProperty attempt 2 failed: Insufficient supply
[HTTP ERROR] purchasePrimaryProperty attempt 2 failed: Insufficient cash
[HTTP ERROR] purchasePrimaryProperty attempt 2 failed: Insufficient cash
[HTTP] Calling purchasePrimaryProperty...
[HTTP ERROR] purchasePrimaryProperty attempt 2 failed: Insufficient cash
[HTTP ERROR] purchasePrimaryProperty attempt 2 failed: Insufficient supply
[HTTP ERROR] purchasePrimaryProperty attempt 2 failed: Insufficient cash
[HTTP] Calling purchasePrimaryProperty...
[HTTP ERROR] purchasePrimaryProperty attempt 2 failed: Insufficient cash
[HTTP ERROR] purchasePrimaryProperty attempt 2 failed: Insufficient cash
[HTTP ERROR] purchasePrimaryProperty attempt 2 failed: Insufficient cash
[HTTP ERROR] purchasePrimaryProperty attempt 2 failed: Insufficient supply
[HTTP] Calling purchasePrimaryProperty...
[HTTP] Calling purchasePrimaryProperty...
[HTTP ERROR] purchasePrimaryProperty attempt 2 failed: Insufficient cash
[HTTP ERROR] purchasePrimaryProperty attempt 2 failed: Insufficient cash
[HTTP ERROR] purchasePrimaryProperty attempt 2 failed: Insufficient supply
[HTTP] Calling purchasePrimaryProperty...
[HTTP] Calling purchasePrimaryProperty...
[HTTP] Calling purchasePrimaryProperty...
[HTTP] Calling purchasePrimaryProperty...
[HTTP] Calling purchasePrimaryProperty...
[HTTP] Calling purchasePrimaryProperty...
[HTTP ERROR] purchasePrimaryProperty attempt 2 failed: Insufficient supply
[HTTP] Calling purchasePrimaryProperty...
[HTTP] Calling purchasePrimaryProperty...
[HTTP] Calling purchasePrimaryProperty...
[HTTP ERROR] purchasePrimaryProperty attempt 2 failed: Insufficient cash
[HTTP] Calling purchasePrimaryProperty...
[HTTP ERROR] purchasePrimaryProperty attempt 2 failed: Insufficient cash
[HTTP ERROR] purchasePrimaryProperty attempt 2 failed: Insufficient cash
[HTTP ERROR] purchasePrimaryProperty attempt 2 failed: Insufficient cash
[HTTP ERROR] purchasePrimaryProperty attempt 2 failed: Insufficient supply
[HTTP ERROR] purchasePrimaryProperty attempt 2 failed: Insufficient cash
[HTTP ERROR] purchasePrimaryProperty attempt 2 failed: Insufficient supply
[HTTP ERROR] purchasePrimaryProperty attempt 2 failed: Insufficient supply
[HTTP ERROR] purchasePrimaryProperty attempt 2 failed: Insufficient supply
[HTTP ERROR] purchasePrimaryProperty attempt 2 failed: Insufficient supply
[HTTP ERROR] purchasePrimaryProperty attempt 2 failed: Insufficient supply
[HTTP] Calling purchasePrimaryProperty...
[HTTP] Calling purchasePrimaryProperty...
[HTTP] Calling purchasePrimaryProperty...
[HTTP] Calling purchasePrimaryProperty...
[HTTP] Calling purchasePrimaryProperty...
[HTTP] Calling purchasePrimaryProperty...
[HTTP] Calling purchasePrimaryProperty...
[HTTP] Calling purchasePrimaryProperty...
[HTTP] Calling purchasePrimaryProperty...
[HTTP] Calling purchasePrimaryProperty...
[HTTP ERROR] purchasePrimaryProperty attempt 3 failed: Insufficient cash
Action Error: Insufficient cash
[HTTP] Calling purchasePrimaryProperty...
[HTTP ERROR] purchasePrimaryProperty attempt 3 failed: Insufficient cash
Action Error: Insufficient cash
[HTTP] Calling purchasePrimaryProperty...
[HTTP ERROR] purchasePrimaryProperty attempt 3 failed: Insufficient cash
Action Error: Insufficient cash
[HTTP ERROR] purchasePrimaryProperty attempt 3 failed: Insufficient supply
Action Error: Insufficient supply
[HTTP] Calling purchasePrimaryProperty...
[HTTP] Calling purchasePrimaryProperty...
[HTTP] Calling purchasePrimaryProperty...
[HTTP] Calling purchasePrimaryProperty...
[HTTP] Calling purchasePrimaryProperty...
[HTTP ERROR] purchasePrimaryProperty attempt 3 failed: Insufficient cash
Action Error: Insufficient cash
[HTTP ERROR] purchasePrimaryProperty attempt 3 failed: Insufficient supply
Action Error: Insufficient supply
[HTTP ERROR] purchasePrimaryProperty attempt 3 failed: Insufficient cash
Action Error: Insufficient cash
[HTTP ERROR] purchasePrimaryProperty attempt 3 failed: Insufficient cash
Action Error: Insufficient cash
[HTTP ERROR] purchasePrimaryProperty attempt 3 failed: Insufficient supply
Action Error: Insufficient supply
[HTTP ERROR] purchasePrimaryProperty attempt 3 failed: Insufficient cash
Action Error: Insufficient cash
[HTTP] Calling purchasePrimaryProperty...
[HTTP ERROR] purchasePrimaryProperty attempt 3 failed: Insufficient cash
Action Error: Insufficient cash
[HTTP ERROR] purchasePrimaryProperty attempt 3 failed: Insufficient cash
Action Error: Insufficient cash
[HTTP] Calling purchasePrimaryProperty...
[HTTP] Calling purchasePrimaryProperty...
[HTTP ERROR] purchasePrimaryProperty attempt 3 failed: Insufficient cash
Action Error: Insufficient cash
[HTTP ERROR] purchasePrimaryProperty attempt 3 failed: Insufficient cash
Action Error: Insufficient cash
[HTTP ERROR] purchasePrimaryProperty attempt 3 failed: Insufficient supply
Action Error: Insufficient supply
[HTTP ERROR] purchasePrimaryProperty attempt 3 failed: Insufficient cash
Action Error: Insufficient cash
[HTTP ERROR] purchasePrimaryProperty attempt 3 failed: Insufficient supply
Action Error: Insufficient supply
[HTTP] Calling purchasePrimaryProperty...
[HTTP ERROR] purchasePrimaryProperty attempt 3 failed: Insufficient supply
Action Error: Insufficient supply
[HTTP] Calling purchasePrimaryProperty...
[HTTP] Calling purchasePrimaryProperty...
[HTTP] Calling purchasePrimaryProperty...
[HTTP] Calling purchasePrimaryProperty...
[HTTP ERROR] purchasePrimaryProperty attempt 3 failed: Insufficient cash
Action Error: Insufficient cash
[HTTP] Calling purchasePrimaryProperty...
[HTTP] Calling purchasePrimaryProperty...
[HTTP ERROR] purchasePrimaryProperty attempt 3 failed: Insufficient cash
Action Error: Insufficient cash
[HTTP] Calling purchasePrimaryProperty...
[HTTP ERROR] purchasePrimaryProperty attempt 3 failed: Insufficient cash
Action Error: Insufficient cash
[HTTP] Calling purchasePrimaryProperty...
[HTTP ERROR] purchasePrimaryProperty attempt 3 failed: Insufficient cash
Action Error: Insufficient cash
[HTTP ERROR] purchasePrimaryProperty attempt 3 failed: Insufficient cash
Action Error: Insufficient cash
[HTTP ERROR] purchasePrimaryProperty attempt 3 failed: Insufficient supply
Action Error: Insufficient supply
[HTTP ERROR] purchasePrimaryProperty attempt 3 failed: Insufficient supply
Action Error: Insufficient supply
[HTTP ERROR] purchasePrimaryProperty attempt 3 failed: Insufficient supply
Action Error: Insufficient supply
[HTTP ERROR] purchasePrimaryProperty attempt 3 failed: Insufficient supply
Action Error: Insufficient supply
[HTTP ERROR] purchasePrimaryProperty attempt 3 failed: Insufficient supply
Action Error: Insufficient supply
[HTTP ERROR] purchasePrimaryProperty attempt 3 failed: Insufficient supply
Action Error: Insufficient supply
[HTTP] Calling createEconomicBatch...
[HTTP] Calling dispatchBatchChunks...
[+] Executing P291...
[HTTP] Calling createEconomicBatch...
[HTTP] Calling dispatchBatchChunks...
[+] Executing P292...
[HTTP] Calling createEconomicBatch...
[HTTP] Calling dispatchBatchChunks...
[+] Executing P293...
[HTTP] Calling createEconomicBatch...
[HTTP] Calling dispatchBatchChunks...
[+] Executing P294...
[HTTP] Calling createEconomicBatch...
[HTTP] Calling dispatchBatchChunks...
[+] Executing P295...
[HTTP] Calling createEconomicBatch...
[HTTP] Calling dispatchBatchChunks...
[+] Executing P296...
[HTTP] Calling createEconomicBatch...
[HTTP] Calling dispatchBatchChunks...
[+] Executing P297...
[HTTP] Calling createEconomicBatch...
[HTTP] Calling dispatchBatchChunks...
[+] Executing P298...
[HTTP] Calling createEconomicBatch...
[HTTP] Calling dispatchBatchChunks...
[+] Executing P299...
[HTTP] Calling createEconomicBatch...
[HTTP] Calling dispatchBatchChunks...
[+] Executing P300...
[+] Refreshing Auth Tokens...
- Downloading configuration data of your Firebase WEB app
√ Downloading configuration data of your Firebase WEB app
- Downloading configuration data of your Firebase WEB app
√ Downloading configuration data of your Firebase WEB app
- Downloading configuration data of your Firebase WEB app
√ Downloading configuration data of your Firebase WEB app
- Downloading configuration data of your Firebase WEB app
√ Downloading configuration data of your Firebase WEB app
- Downloading configuration data of your Firebase WEB app
√ Downloading configuration data of your Firebase WEB app
- Downloading configuration data of your Firebase WEB app
√ Downloading configuration data of your Firebase WEB app
- Downloading configuration data of your Firebase WEB app
√ Downloading configuration data of your Firebase WEB app
- Downloading configuration data of your Firebase WEB app
√ Downloading configuration data of your Firebase WEB app
- Downloading configuration data of your Firebase WEB app
√ Downloading configuration data of your Firebase WEB app
- Downloading configuration data of your Firebase WEB app
√ Downloading configuration data of your Firebase WEB app
- Downloading configuration data of your Firebase WEB app
√ Downloading configuration data of your Firebase WEB app
- Downloading configuration data of your Firebase WEB app
√ Downloading configuration data of your Firebase WEB app
- Downloading configuration data of your Firebase WEB app
√ Downloading configuration data of your Firebase WEB app
- Downloading configuration data of your Firebase WEB app
√ Downloading configuration data of your Firebase WEB app
- Downloading configuration data of your Firebase WEB app
√ Downloading configuration data of your Firebase WEB app
- Downloading configuration data of your Firebase WEB app
√ Downloading configuration data of your Firebase WEB app
- Downloading configuration data of your Firebase WEB app
√ Downloading configuration data of your Firebase WEB app
- Downloading configuration data of your Firebase WEB app
√ Downloading configuration data of your Firebase WEB app
- Downloading configuration data of your Firebase WEB app
√ Downloading configuration data of your Firebase WEB app
- Downloading configuration data of your Firebase WEB app
√ Downloading configuration data of your Firebase WEB app
- Downloading configuration data of your Firebase WEB app
√ Downloading configuration data of your Firebase WEB app
- Downloading configuration data of your Firebase WEB app
√ Downloading configuration data of your Firebase WEB app
- Downloading configuration data of your Firebase WEB app
√ Downloading configuration data of your Firebase WEB app
- Downloading configuration data of your Firebase WEB app
√ Downloading configuration data of your Firebase WEB app
- Downloading configuration data of your Firebase WEB app
√ Downloading configuration data of your Firebase WEB app
- Downloading configuration data of your Firebase WEB app
√ Downloading configuration data of your Firebase WEB app
- Downloading configuration data of your Firebase WEB app
√ Downloading configuration data of your Firebase WEB app
- Downloading configuration data of your Firebase WEB app
√ Downloading configuration data of your Firebase WEB app
- Downloading configuration data of your Firebase WEB app
√ Downloading configuration data of your Firebase WEB app
- Downloading configuration data of your Firebase WEB app
√ Downloading configuration data of your Firebase WEB app
- Downloading configuration data of your Firebase WEB app
√ Downloading configuration data of your Firebase WEB app
- Downloading configuration data of your Firebase WEB app
√ Downloading configuration data of your Firebase WEB app
- Downloading configuration data of your Firebase WEB app
√ Downloading configuration data of your Firebase WEB app
- Downloading configuration data of your Firebase WEB app
√ Downloading configuration data of your Firebase WEB app
- Downloading configuration data of your Firebase WEB app
√ Downloading configuration data of your Firebase WEB app
- Downloading configuration data of your Firebase WEB app
√ Downloading configuration data of your Firebase WEB app
- Downloading configuration data of your Firebase WEB app
√ Downloading configuration data of your Firebase WEB app
- Downloading configuration data of your Firebase WEB app
√ Downloading configuration data of your Firebase WEB app
- Downloading configuration data of your Firebase WEB app
√ Downloading configuration data of your Firebase WEB app
- Downloading configuration data of your Firebase WEB app
√ Downloading configuration data of your Firebase WEB app
- Downloading configuration data of your Firebase WEB app
√ Downloading configuration data of your Firebase WEB app
- Downloading configuration data of your Firebase WEB app
√ Downloading configuration data of your Firebase WEB app
- Downloading configuration data of your Firebase WEB app
√ Downloading configuration data of your Firebase WEB app
- Downloading configuration data of your Firebase WEB app
√ Downloading configuration data of your Firebase WEB app
- Downloading configuration data of your Firebase WEB app
√ Downloading configuration data of your Firebase WEB app
- Downloading configuration data of your Firebase WEB app
√ Downloading configuration data of your Firebase WEB app
- Downloading configuration data of your Firebase WEB app
√ Downloading configuration data of your Firebase WEB app
- Downloading configuration data of your Firebase WEB app
√ Downloading configuration data of your Firebase WEB app
- Downloading configuration data of your Firebase WEB app
√ Downloading configuration data of your Firebase WEB app
- Downloading configuration data of your Firebase WEB app
√ Downloading configuration data of your Firebase WEB app
- Downloading configuration data of your Firebase WEB app
√ Downloading configuration data of your Firebase WEB app
- Downloading configuration data of your Firebase WEB app
√ Downloading configuration data of your Firebase WEB app
- Downloading configuration data of your Firebase WEB app
√ Downloading configuration data of your Firebase WEB app
- Downloading configuration data of your Firebase WEB app
√ Downloading configuration data of your Firebase WEB app
- Downloading configuration data of your Firebase WEB app
√ Downloading configuration data of your Firebase WEB app
- Downloading configuration data of your Firebase WEB app
√ Downloading configuration data of your Firebase WEB app
- Downloading configuration data of your Firebase WEB app
√ Downloading configuration data of your Firebase WEB app
- Downloading configuration data of your Firebase WEB app
√ Downloading configuration data of your Firebase WEB app
- Downloading configuration data of your Firebase WEB app
√ Downloading configuration data of your Firebase WEB app
- Downloading configuration data of your Firebase WEB app
√ Downloading configuration data of your Firebase WEB app
- Downloading configuration data of your Firebase WEB app
√ Downloading configuration data of your Firebase WEB app
- Downloading configuration data of your Firebase WEB app
√ Downloading configuration data of your Firebase WEB app
- Downloading configuration data of your Firebase WEB app
√ Downloading configuration data of your Firebase WEB app
- Downloading configuration data of your Firebase WEB app
√ Downloading configuration data of your Firebase WEB app
- Downloading configuration data of your Firebase WEB app
√ Downloading configuration data of your Firebase WEB app
- Downloading configuration data of your Firebase WEB app
√ Downloading configuration data of your Firebase WEB app
- Downloading configuration data of your Firebase WEB app
√ Downloading configuration data of your Firebase WEB app
- Downloading configuration data of your Firebase WEB app
√ Downloading configuration data of your Firebase WEB app
- Downloading configuration data of your Firebase WEB app
√ Downloading configuration data of your Firebase WEB app
- Downloading configuration data of your Firebase WEB app
√ Downloading configuration data of your Firebase WEB app
- Downloading configuration data of your Firebase WEB app
√ Downloading configuration data of your Firebase WEB app
- Downloading configuration data of your Firebase WEB app
√ Downloading configuration data of your Firebase WEB app
- Downloading configuration data of your Firebase WEB app
√ Downloading configuration data of your Firebase WEB app
- Downloading configuration data of your Firebase WEB app
√ Downloading configuration data of your Firebase WEB app
- Downloading configuration data of your Firebase WEB app
√ Downloading configuration data of your Firebase WEB app
- Downloading configuration data of your Firebase WEB app
√ Downloading configuration data of your Firebase WEB app
- Downloading configuration data of your Firebase WEB app
√ Downloading configuration data of your Firebase WEB app
- Downloading configuration data of your Firebase WEB app
√ Downloading configuration data of your Firebase WEB app
- Downloading configuration data of your Firebase WEB app
√ Downloading configuration data of your Firebase WEB app
- Downloading configuration data of your Firebase WEB app
√ Downloading configuration data of your Firebase WEB app
- Downloading configuration data of your Firebase WEB app
√ Downloading configuration data of your Firebase WEB app
- Downloading configuration data of your Firebase WEB app
√ Downloading configuration data of your Firebase WEB app
- Downloading configuration data of your Firebase WEB app
√ Downloading configuration data of your Firebase WEB app
- Downloading configuration data of your Firebase WEB app
√ Downloading configuration data of your Firebase WEB app
- Downloading configuration data of your Firebase WEB app
√ Downloading configuration data of your Firebase WEB app
- Downloading configuration data of your Firebase WEB app
√ Downloading configuration data of your Firebase WEB app
- Downloading configuration data of your Firebase WEB app
√ Downloading configuration data of your Firebase WEB app
- Downloading configuration data of your Firebase WEB app
√ Downloading configuration data of your Firebase WEB app
- Downloading configuration data of your Firebase WEB app
√ Downloading configuration data of your Firebase WEB app
- Downloading configuration data of your Firebase WEB app
√ Downloading configuration data of your Firebase WEB app
- Downloading configuration data of your Firebase WEB app
√ Downloading configuration data of your Firebase WEB app
- Downloading configuration data of your Firebase WEB app
√ Downloading configuration data of your Firebase WEB app
- Downloading configuration data of your Firebase WEB app
√ Downloading configuration data of your Firebase WEB app
- Downloading configuration data of your Firebase WEB app
√ Downloading configuration data of your Firebase WEB app
- Downloading configuration data of your Firebase WEB app
√ Downloading configuration data of your Firebase WEB app
- Downloading configuration data of your Firebase WEB app
√ Downloading configuration data of your Firebase WEB app
- Downloading configuration data of your Firebase WEB app
√ Downloading configuration data of your Firebase WEB app
- Downloading configuration data of your Firebase WEB app
√ Downloading configuration data of your Firebase WEB app
- Downloading configuration data of your Firebase WEB app
√ Downloading configuration data of your Firebase WEB app
- Downloading configuration data of your Firebase WEB app
√ Downloading configuration data of your Firebase WEB app
- Downloading configuration data of your Firebase WEB app
√ Downloading configuration data of your Firebase WEB app
[+] P300: Generating AI Actions...
[HTTP] Calling purchasePrimaryProperty...
[HTTP] Calling purchasePrimaryProperty...
[HTTP] Calling purchasePrimaryProperty...
[HTTP] Calling purchasePrimaryProperty...
[HTTP] Calling purchasePrimaryProperty...
[HTTP] Calling purchasePrimaryProperty...
[HTTP] Calling purchasePrimaryProperty...
[HTTP] Calling purchasePrimaryProperty...
[HTTP] Calling purchasePrimaryProperty...
[HTTP] Calling purchasePrimaryProperty...
[HTTP] Calling purchasePrimaryProperty...
[HTTP] Calling purchasePrimaryProperty...
[HTTP] Calling purchasePrimaryProperty...
[HTTP] Calling purchasePrimaryProperty...
[HTTP] Calling purchasePrimaryProperty...
[HTTP] Calling purchasePrimaryProperty...
[HTTP] Calling purchasePrimaryProperty...
[HTTP] Calling purchasePrimaryProperty...
[HTTP] Calling purchasePrimaryProperty...
[HTTP] Calling purchasePrimaryProperty...
[HTTP] Calling purchasePrimaryProperty...
[HTTP] Calling purchasePrimaryProperty...
[HTTP] Calling purchasePrimaryProperty...
[HTTP] Calling purchasePrimaryProperty...
[HTTP] Calling purchasePrimaryProperty...
[HTTP] Calling purchasePrimaryProperty...
[HTTP] Calling purchasePrimaryProperty...
[HTTP] Calling purchasePrimaryProperty...
[HTTP] Calling purchasePrimaryProperty...
[HTTP] Calling purchasePrimaryProperty...
[HTTP ERROR] purchasePrimaryProperty attempt 1 failed: Insufficient cash
[HTTP ERROR] purchasePrimaryProperty attempt 1 failed: Insufficient supply
[HTTP ERROR] purchasePrimaryProperty attempt 1 failed: Insufficient cash
[HTTP ERROR] purchasePrimaryProperty attempt 1 failed: Insufficient supply
[HTTP ERROR] purchasePrimaryProperty attempt 1 failed: Insufficient supply
[HTTP ERROR] purchasePrimaryProperty attempt 1 failed: Insufficient supply
[HTTP ERROR] purchasePrimaryProperty attempt 1 failed: Insufficient cash
[HTTP ERROR] purchasePrimaryProperty attempt 1 failed: Insufficient supply
[HTTP ERROR] purchasePrimaryProperty attempt 1 failed: Insufficient supply
[HTTP ERROR] purchasePrimaryProperty attempt 1 failed: Insufficient supply
[HTTP ERROR] purchasePrimaryProperty attempt 1 failed: Insufficient cash
[HTTP ERROR] purchasePrimaryProperty attempt 1 failed: Insufficient cash
[HTTP ERROR] purchasePrimaryProperty attempt 1 failed: Insufficient supply
[HTTP ERROR] purchasePrimaryProperty attempt 1 failed: Insufficient supply
[HTTP ERROR] purchasePrimaryProperty attempt 1 failed: Insufficient cash
[HTTP ERROR] purchasePrimaryProperty attempt 1 failed: Insufficient cash
[HTTP ERROR] purchasePrimaryProperty attempt 1 failed: Insufficient cash
[HTTP ERROR] purchasePrimaryProperty attempt 1 failed: Insufficient cash
[HTTP ERROR] purchasePrimaryProperty attempt 1 failed: Insufficient cash
[HTTP ERROR] purchasePrimaryProperty attempt 1 failed: Insufficient cash
[HTTP ERROR] purchasePrimaryProperty attempt 1 failed: Insufficient cash
[HTTP ERROR] purchasePrimaryProperty attempt 1 failed: Insufficient cash
[HTTP ERROR] purchasePrimaryProperty attempt 1 failed: Insufficient supply
[HTTP ERROR] purchasePrimaryProperty attempt 1 failed: Insufficient cash
[HTTP ERROR] purchasePrimaryProperty attempt 1 failed: Insufficient supply
[HTTP ERROR] purchasePrimaryProperty attempt 1 failed: Insufficient cash
[HTTP ERROR] purchasePrimaryProperty attempt 1 failed: Insufficient cash
[HTTP ERROR] purchasePrimaryProperty attempt 1 failed: Insufficient cash
[HTTP ERROR] purchasePrimaryProperty attempt 1 failed: Insufficient supply
[HTTP] Calling purchasePrimaryProperty...
[HTTP] Calling purchasePrimaryProperty...
[HTTP] Calling purchasePrimaryProperty...
[HTTP] Calling purchasePrimaryProperty...
[HTTP] Calling purchasePrimaryProperty...
[HTTP] Calling purchasePrimaryProperty...
[HTTP] Calling purchasePrimaryProperty...
[HTTP] Calling purchasePrimaryProperty...
[HTTP] Calling purchasePrimaryProperty...
[HTTP] Calling purchasePrimaryProperty...
[HTTP] Calling purchasePrimaryProperty...
[HTTP] Calling purchasePrimaryProperty...
[HTTP] Calling purchasePrimaryProperty...
[HTTP] Calling purchasePrimaryProperty...
[HTTP] Calling purchasePrimaryProperty...
[HTTP] Calling purchasePrimaryProperty...
[HTTP] Calling purchasePrimaryProperty...
[HTTP] Calling purchasePrimaryProperty...
[HTTP] Calling purchasePrimaryProperty...
[HTTP] Calling purchasePrimaryProperty...
[HTTP] Calling purchasePrimaryProperty...
[HTTP] Calling purchasePrimaryProperty...
[HTTP] Calling purchasePrimaryProperty...
[HTTP] Calling purchasePrimaryProperty...
[HTTP] Calling purchasePrimaryProperty...
[HTTP] Calling purchasePrimaryProperty...
[HTTP] Calling purchasePrimaryProperty...
[HTTP ERROR] purchasePrimaryProperty attempt 2 failed: Insufficient supply
[HTTP] Calling purchasePrimaryProperty...
[HTTP] Calling purchasePrimaryProperty...
[HTTP ERROR] purchasePrimaryProperty attempt 2 failed: Insufficient cash
[HTTP ERROR] purchasePrimaryProperty attempt 2 failed: Insufficient cash
[HTTP ERROR] purchasePrimaryProperty attempt 2 failed: Insufficient supply
[HTTP ERROR] purchasePrimaryProperty attempt 2 failed: Insufficient cash
[HTTP ERROR] purchasePrimaryProperty attempt 2 failed: Insufficient supply
[HTTP ERROR] purchasePrimaryProperty attempt 2 failed: Insufficient supply
[HTTP ERROR] purchasePrimaryProperty attempt 2 failed: Insufficient cash
[HTTP ERROR] purchasePrimaryProperty attempt 2 failed: Insufficient supply
[HTTP ERROR] purchasePrimaryProperty attempt 2 failed: Insufficient supply
[HTTP ERROR] purchasePrimaryProperty attempt 2 failed: Insufficient cash
[HTTP ERROR] purchasePrimaryProperty attempt 2 failed: Insufficient cash
[HTTP ERROR] purchasePrimaryProperty attempt 2 failed: Insufficient supply
[HTTP ERROR] purchasePrimaryProperty attempt 2 failed: Insufficient cash
[HTTP ERROR] purchasePrimaryProperty attempt 2 failed: Insufficient cash
[HTTP ERROR] purchasePrimaryProperty attempt 2 failed: Insufficient supply
[HTTP ERROR] purchasePrimaryProperty attempt 2 failed: Insufficient cash
[HTTP ERROR] purchasePrimaryProperty attempt 2 failed: Insufficient supply
[HTTP ERROR] purchasePrimaryProperty attempt 2 failed: Insufficient cash
[HTTP ERROR] purchasePrimaryProperty attempt 2 failed: Insufficient supply
[HTTP ERROR] purchasePrimaryProperty attempt 2 failed: Insufficient cash
[HTTP ERROR] purchasePrimaryProperty attempt 2 failed: Insufficient cash
[HTTP ERROR] purchasePrimaryProperty attempt 2 failed: Insufficient cash
[HTTP ERROR] purchasePrimaryProperty attempt 2 failed: Insufficient cash
[HTTP ERROR] purchasePrimaryProperty attempt 2 failed: Insufficient supply
[HTTP ERROR] purchasePrimaryProperty attempt 2 failed: Insufficient cash
[HTTP ERROR] purchasePrimaryProperty attempt 2 failed: Insufficient cash
[HTTP ERROR] purchasePrimaryProperty attempt 2 failed: Insufficient supply
[HTTP ERROR] purchasePrimaryProperty attempt 2 failed: Insufficient cash
[HTTP] Calling purchasePrimaryProperty...
[HTTP] Calling purchasePrimaryProperty...
[HTTP] Calling purchasePrimaryProperty...
[HTTP] Calling purchasePrimaryProperty...
[HTTP] Calling purchasePrimaryProperty...
[HTTP ERROR] purchasePrimaryProperty attempt 3 failed: Insufficient supply
Action Error: Insufficient supply
[HTTP] Calling purchasePrimaryProperty...
[HTTP] Calling purchasePrimaryProperty...
[HTTP] Calling purchasePrimaryProperty...
[HTTP ERROR] purchasePrimaryProperty attempt 3 failed: Insufficient cash
Action Error: Insufficient cash
[HTTP ERROR] purchasePrimaryProperty attempt 3 failed: Insufficient cash
Action Error: Insufficient cash
[HTTP] Calling purchasePrimaryProperty...
[HTTP ERROR] purchasePrimaryProperty attempt 3 failed: Insufficient cash
Action Error: Insufficient cash
[HTTP] Calling purchasePrimaryProperty...
[HTTP] Calling purchasePrimaryProperty...
[HTTP] Calling purchasePrimaryProperty...
[HTTP ERROR] purchasePrimaryProperty attempt 3 failed: Insufficient supply
Action Error: Insufficient supply
[HTTP] Calling purchasePrimaryProperty...
[HTTP] Calling purchasePrimaryProperty...
[HTTP ERROR] purchasePrimaryProperty attempt 3 failed: Insufficient supply
Action Error: Insufficient supply
[HTTP] Calling purchasePrimaryProperty...
[HTTP] Calling purchasePrimaryProperty...
[HTTP ERROR] purchasePrimaryProperty attempt 3 failed: Insufficient supply
Action Error: Insufficient supply
[HTTP] Calling purchasePrimaryProperty...
[HTTP ERROR] purchasePrimaryProperty attempt 3 failed: Insufficient cash
Action Error: Insufficient cash
[HTTP] Calling purchasePrimaryProperty...
[HTTP] Calling purchasePrimaryProperty...
[HTTP] Calling purchasePrimaryProperty...
[HTTP ERROR] purchasePrimaryProperty attempt 3 failed: Insufficient supply
Action Error: Insufficient supply
[HTTP] Calling purchasePrimaryProperty...
[HTTP] Calling purchasePrimaryProperty...
[HTTP ERROR] purchasePrimaryProperty attempt 3 failed: Insufficient supply
Action Error: Insufficient supply
[HTTP] Calling purchasePrimaryProperty...
[HTTP ERROR] purchasePrimaryProperty attempt 3 failed: Insufficient cash
Action Error: Insufficient cash
[HTTP] Calling purchasePrimaryProperty...
[HTTP] Calling purchasePrimaryProperty...
[HTTP] Calling purchasePrimaryProperty...
[HTTP ERROR] purchasePrimaryProperty attempt 3 failed: Insufficient cash
Action Error: Insufficient cash
[HTTP] Calling purchasePrimaryProperty...
[HTTP] Calling purchasePrimaryProperty...
[HTTP] Calling purchasePrimaryProperty...
[HTTP ERROR] purchasePrimaryProperty attempt 3 failed: Insufficient cash
Action Error: Insufficient cash
[HTTP ERROR] purchasePrimaryProperty attempt 3 failed: Insufficient supply
Action Error: Insufficient supply
[HTTP ERROR] purchasePrimaryProperty attempt 3 failed: Insufficient cash
Action Error: Insufficient cash
[HTTP ERROR] purchasePrimaryProperty attempt 3 failed: Insufficient supply
Action Error: Insufficient supply
[HTTP ERROR] purchasePrimaryProperty attempt 3 failed: Insufficient cash
Action Error: Insufficient cash
[HTTP ERROR] purchasePrimaryProperty attempt 3 failed: Insufficient cash
Action Error: Insufficient cash
[HTTP ERROR] purchasePrimaryProperty attempt 3 failed: Insufficient cash
Action Error: Insufficient cash
[HTTP ERROR] purchasePrimaryProperty attempt 3 failed: Insufficient cash
Action Error: Insufficient cash
[HTTP ERROR] purchasePrimaryProperty attempt 3 failed: Insufficient supply
Action Error: Insufficient supply
[HTTP ERROR] purchasePrimaryProperty attempt 3 failed: Insufficient supply
Action Error: Insufficient supply
[HTTP ERROR] purchasePrimaryProperty attempt 3 failed: Insufficient cash
Action Error: Insufficient cash
[HTTP ERROR] purchasePrimaryProperty attempt 3 failed: Insufficient cash
Action Error: Insufficient cash
[HTTP ERROR] purchasePrimaryProperty attempt 3 failed: Insufficient cash
Action Error: Insufficient cash
[HTTP ERROR] purchasePrimaryProperty attempt 3 failed: Insufficient cash
Action Error: Insufficient cash
[HTTP ERROR] purchasePrimaryProperty attempt 3 failed: Insufficient supply
Action Error: Insufficient supply
[HTTP ERROR] purchasePrimaryProperty attempt 3 failed: Insufficient cash
Action Error: Insufficient cash
[HTTP ERROR] purchasePrimaryProperty attempt 3 failed: Insufficient supply
Action Error: Insufficient supply
[HTTP] Calling createEconomicBatch...
[HTTP] Calling dispatchBatchChunks...
[+] Passed Period 300/360
[+] Executing P301...
[HTTP] Calling createEconomicBatch...
[HTTP] Calling dispatchBatchChunks...
[+] Executing P302...
[HTTP] Calling createEconomicBatch...
[HTTP] Calling dispatchBatchChunks...
[+] Executing P303...
[HTTP] Calling createEconomicBatch...
[HTTP] Calling dispatchBatchChunks...
[+] Executing P304...
[HTTP] Calling createEconomicBatch...
[HTTP] Calling dispatchBatchChunks...
[+] Executing P305...
[HTTP] Calling createEconomicBatch...
[HTTP] Calling dispatchBatchChunks...
[+] Executing P306...
[HTTP] Calling createEconomicBatch...
[HTTP] Calling dispatchBatchChunks...
[+] Executing P307...
[HTTP] Calling createEconomicBatch...
[HTTP] Calling dispatchBatchChunks...
[+] Executing P308...
[HTTP] Calling createEconomicBatch...
[HTTP] Calling dispatchBatchChunks...
[+] Executing P309...
[HTTP] Calling createEconomicBatch...
[HTTP] Calling dispatchBatchChunks...
[+] Executing P310...
[+] P310: Generating AI Actions...
[HTTP] Calling purchasePrimaryProperty...
[HTTP] Calling purchasePrimaryProperty...
[HTTP] Calling purchasePrimaryProperty...
[HTTP] Calling purchasePrimaryProperty...
[HTTP] Calling purchasePrimaryProperty...
[HTTP] Calling purchasePrimaryProperty...
[HTTP] Calling purchasePrimaryProperty...
[HTTP] Calling purchasePrimaryProperty...
[HTTP] Calling purchasePrimaryProperty...
[HTTP] Calling purchasePrimaryProperty...
[HTTP] Calling purchasePrimaryProperty...
[HTTP] Calling purchasePrimaryProperty...
[HTTP] Calling purchasePrimaryProperty...
[HTTP] Calling purchasePrimaryProperty...
[HTTP] Calling purchasePrimaryProperty...
[HTTP] Calling purchasePrimaryProperty...
[HTTP] Calling purchasePrimaryProperty...
[HTTP] Calling purchasePrimaryProperty...
[HTTP] Calling purchasePrimaryProperty...
[HTTP] Calling purchasePrimaryProperty...
[HTTP] Calling purchasePrimaryProperty...
[HTTP] Calling purchasePrimaryProperty...
[HTTP] Calling purchasePrimaryProperty...
[HTTP] Calling purchasePrimaryProperty...
[HTTP] Calling purchasePrimaryProperty...
[HTTP] Calling purchasePrimaryProperty...
[HTTP] Calling purchasePrimaryProperty...
[HTTP] Calling purchasePrimaryProperty...
[HTTP] Calling purchasePrimaryProperty...
[HTTP] Calling purchasePrimaryProperty...
[HTTP ERROR] purchasePrimaryProperty attempt 1 failed: Insufficient cash
[HTTP ERROR] purchasePrimaryProperty attempt 1 failed: Insufficient supply
[HTTP ERROR] purchasePrimaryProperty attempt 1 failed: Insufficient cash
[HTTP ERROR] purchasePrimaryProperty attempt 1 failed: Insufficient supply
[HTTP ERROR] purchasePrimaryProperty attempt 1 failed: Insufficient cash
[HTTP ERROR] purchasePrimaryProperty attempt 1 failed: Insufficient cash
[HTTP ERROR] purchasePrimaryProperty attempt 1 failed: Insufficient cash
[HTTP ERROR] purchasePrimaryProperty attempt 1 failed: Insufficient supply
[HTTP ERROR] purchasePrimaryProperty attempt 1 failed: Insufficient cash
[HTTP ERROR] purchasePrimaryProperty attempt 1 failed: Insufficient cash
[HTTP ERROR] purchasePrimaryProperty attempt 1 failed: Insufficient supply
[HTTP ERROR] purchasePrimaryProperty attempt 1 failed: Insufficient cash
[HTTP ERROR] purchasePrimaryProperty attempt 1 failed: Insufficient supply
[HTTP ERROR] purchasePrimaryProperty attempt 1 failed: Insufficient supply
[HTTP ERROR] purchasePrimaryProperty attempt 1 failed: Insufficient supply
[HTTP ERROR] purchasePrimaryProperty attempt 1 failed: Insufficient cash
[HTTP ERROR] purchasePrimaryProperty attempt 1 failed: Insufficient cash
[HTTP ERROR] purchasePrimaryProperty attempt 1 failed: Insufficient cash
[HTTP ERROR] purchasePrimaryProperty attempt 1 failed: Insufficient supply
[HTTP ERROR] purchasePrimaryProperty attempt 1 failed: Insufficient cash
[HTTP ERROR] purchasePrimaryProperty attempt 1 failed: Insufficient supply
[HTTP ERROR] purchasePrimaryProperty attempt 1 failed: Insufficient cash
[HTTP ERROR] purchasePrimaryProperty attempt 1 failed: Insufficient cash
[HTTP ERROR] purchasePrimaryProperty attempt 1 failed: Insufficient supply
[HTTP ERROR] purchasePrimaryProperty attempt 1 failed: Insufficient supply
[HTTP ERROR] purchasePrimaryProperty attempt 1 failed: Insufficient cash
[HTTP ERROR] purchasePrimaryProperty attempt 1 failed: Insufficient cash
[HTTP ERROR] purchasePrimaryProperty attempt 1 failed: Insufficient supply
[HTTP ERROR] purchasePrimaryProperty attempt 1 failed: Insufficient supply
[HTTP] Calling purchasePrimaryProperty...
[HTTP] Calling purchasePrimaryProperty...
[HTTP] Calling purchasePrimaryProperty...
[HTTP] Calling purchasePrimaryProperty...
[HTTP] Calling purchasePrimaryProperty...
[HTTP] Calling purchasePrimaryProperty...
[HTTP] Calling purchasePrimaryProperty...
[HTTP] Calling purchasePrimaryProperty...
[HTTP] Calling purchasePrimaryProperty...
[HTTP] Calling purchasePrimaryProperty...
[HTTP ERROR] purchasePrimaryProperty attempt 2 failed: Insufficient cash
[HTTP ERROR] purchasePrimaryProperty attempt 2 failed: Insufficient supply
[HTTP] Calling purchasePrimaryProperty...
[HTTP] Calling purchasePrimaryProperty...
[HTTP] Calling purchasePrimaryProperty...
[HTTP ERROR] purchasePrimaryProperty attempt 2 failed: Insufficient cash
[HTTP] Calling purchasePrimaryProperty...
[HTTP ERROR] purchasePrimaryProperty attempt 2 failed: Insufficient cash
[HTTP ERROR] purchasePrimaryProperty attempt 2 failed: Insufficient cash
[HTTP ERROR] purchasePrimaryProperty attempt 2 failed: Insufficient supply
[HTTP ERROR] purchasePrimaryProperty attempt 2 failed: Insufficient cash
[HTTP ERROR] purchasePrimaryProperty attempt 2 failed: Insufficient supply
[HTTP] Calling purchasePrimaryProperty...
[HTTP] Calling purchasePrimaryProperty...
[HTTP] Calling purchasePrimaryProperty...
[HTTP ERROR] purchasePrimaryProperty attempt 2 failed: Insufficient cash
[HTTP ERROR] purchasePrimaryProperty attempt 2 failed: Insufficient cash
[HTTP] Calling purchasePrimaryProperty...
[HTTP] Calling purchasePrimaryProperty...
[HTTP ERROR] purchasePrimaryProperty attempt 2 failed: Insufficient supply
[HTTP ERROR] purchasePrimaryProperty attempt 2 failed: Insufficient supply
[HTTP ERROR] purchasePrimaryProperty attempt 2 failed: Insufficient supply
[HTTP ERROR] purchasePrimaryProperty attempt 2 failed: Insufficient cash
[HTTP ERROR] purchasePrimaryProperty attempt 2 failed: Insufficient supply
[HTTP] Calling purchasePrimaryProperty...
[HTTP] Calling purchasePrimaryProperty...
[HTTP] Calling purchasePrimaryProperty...
[HTTP ERROR] purchasePrimaryProperty attempt 2 failed: Insufficient cash
[HTTP ERROR] purchasePrimaryProperty attempt 2 failed: Insufficient cash
[HTTP ERROR] purchasePrimaryProperty attempt 2 failed: Insufficient cash
[HTTP ERROR] purchasePrimaryProperty attempt 2 failed: Insufficient supply
[HTTP] Calling purchasePrimaryProperty...
[HTTP] Calling purchasePrimaryProperty...
[HTTP] Calling purchasePrimaryProperty...
[HTTP] Calling purchasePrimaryProperty...
[HTTP] Calling purchasePrimaryProperty...
[HTTP] Calling purchasePrimaryProperty...
[HTTP] Calling purchasePrimaryProperty...
[HTTP ERROR] purchasePrimaryProperty attempt 2 failed: Insufficient cash
[HTTP ERROR] purchasePrimaryProperty attempt 2 failed: Insufficient cash
[HTTP ERROR] purchasePrimaryProperty attempt 2 failed: Insufficient supply
[HTTP ERROR] purchasePrimaryProperty attempt 2 failed: Insufficient cash
[HTTP ERROR] purchasePrimaryProperty attempt 2 failed: Insufficient supply
[HTTP ERROR] purchasePrimaryProperty attempt 2 failed: Insufficient cash
[HTTP ERROR] purchasePrimaryProperty attempt 2 failed: Insufficient cash
[HTTP ERROR] purchasePrimaryProperty attempt 2 failed: Insufficient supply
[HTTP ERROR] purchasePrimaryProperty attempt 2 failed: Insufficient supply
[HTTP ERROR] purchasePrimaryProperty attempt 2 failed: Insufficient supply
[HTTP] Calling purchasePrimaryProperty...
[HTTP] Calling purchasePrimaryProperty...
[HTTP] Calling purchasePrimaryProperty...
[HTTP] Calling purchasePrimaryProperty...
[HTTP] Calling purchasePrimaryProperty...
[HTTP] Calling purchasePrimaryProperty...
[HTTP] Calling purchasePrimaryProperty...
[HTTP] Calling purchasePrimaryProperty...
[HTTP] Calling purchasePrimaryProperty...
[HTTP ERROR] purchasePrimaryProperty attempt 3 failed: Insufficient cash
Action Error: Insufficient cash
[HTTP] Calling purchasePrimaryProperty...
[HTTP ERROR] purchasePrimaryProperty attempt 3 failed: Insufficient supply
Action Error: Insufficient supply
[HTTP] Calling purchasePrimaryProperty...
[HTTP] Calling purchasePrimaryProperty...
[HTTP] Calling purchasePrimaryProperty...
[HTTP] Calling purchasePrimaryProperty...
[HTTP] Calling purchasePrimaryProperty...
[HTTP ERROR] purchasePrimaryProperty attempt 3 failed: Insufficient cash
Action Error: Insufficient cash
[HTTP] Calling purchasePrimaryProperty...
[HTTP] Calling purchasePrimaryProperty...
[HTTP] Calling purchasePrimaryProperty...
[HTTP] Calling purchasePrimaryProperty...
[HTTP ERROR] purchasePrimaryProperty attempt 3 failed: Insufficient supply
Action Error: Insufficient supply
[HTTP ERROR] purchasePrimaryProperty attempt 3 failed: Insufficient cash
Action Error: Insufficient cash
[HTTP ERROR] purchasePrimaryProperty attempt 3 failed: Insufficient cash
Action Error: Insufficient cash
[HTTP ERROR] purchasePrimaryProperty attempt 3 failed: Insufficient cash
Action Error: Insufficient cash
[HTTP] Calling purchasePrimaryProperty...
[HTTP] Calling purchasePrimaryProperty...
[HTTP ERROR] purchasePrimaryProperty attempt 3 failed: Insufficient cash
Action Error: Insufficient cash
[HTTP ERROR] purchasePrimaryProperty attempt 3 failed: Insufficient cash
Action Error: Insufficient cash
[HTTP] Calling purchasePrimaryProperty...
[HTTP ERROR] purchasePrimaryProperty attempt 3 failed: Insufficient supply
Action Error: Insufficient supply
[HTTP ERROR] purchasePrimaryProperty attempt 3 failed: Insufficient supply
Action Error: Insufficient supply
[HTTP ERROR] purchasePrimaryProperty attempt 3 failed: Insufficient supply
Action Error: Insufficient supply
[HTTP ERROR] purchasePrimaryProperty attempt 3 failed: Insufficient cash
Action Error: Insufficient cash
[HTTP] Calling purchasePrimaryProperty...
[HTTP ERROR] purchasePrimaryProperty attempt 3 failed: Insufficient supply
Action Error: Insufficient supply
[HTTP] Calling purchasePrimaryProperty...
[HTTP ERROR] purchasePrimaryProperty attempt 3 failed: Insufficient supply
Action Error: Insufficient supply
[HTTP] Calling purchasePrimaryProperty...
[HTTP] Calling purchasePrimaryProperty...
[HTTP] Calling purchasePrimaryProperty...
[HTTP ERROR] purchasePrimaryProperty attempt 3 failed: Insufficient cash
Action Error: Insufficient cash
[HTTP] Calling purchasePrimaryProperty...
[HTTP] Calling purchasePrimaryProperty...
[HTTP ERROR] purchasePrimaryProperty attempt 3 failed: Insufficient cash
Action Error: Insufficient cash
[HTTP ERROR] purchasePrimaryProperty attempt 3 failed: Insufficient supply
Action Error: Insufficient supply
[HTTP ERROR] purchasePrimaryProperty attempt 3 failed: Insufficient cash
Action Error: Insufficient cash
[HTTP ERROR] purchasePrimaryProperty attempt 3 failed: Insufficient cash
Action Error: Insufficient cash
[HTTP ERROR] purchasePrimaryProperty attempt 3 failed: Insufficient cash
Action Error: Insufficient cash
[HTTP ERROR] purchasePrimaryProperty attempt 3 failed: Insufficient supply
Action Error: Insufficient supply
[HTTP ERROR] purchasePrimaryProperty attempt 3 failed: Insufficient cash
Action Error: Insufficient cash
[HTTP ERROR] purchasePrimaryProperty attempt 3 failed: Insufficient supply
Action Error: Insufficient supply
[HTTP ERROR] purchasePrimaryProperty attempt 3 failed: Insufficient cash
Action Error: Insufficient cash
[HTTP ERROR] purchasePrimaryProperty attempt 3 failed: Insufficient supply
Action Error: Insufficient supply
[HTTP ERROR] purchasePrimaryProperty attempt 3 failed: Insufficient cash
Action Error: Insufficient cash
[HTTP ERROR] purchasePrimaryProperty attempt 3 failed: Insufficient supply
Action Error: Insufficient supply
[HTTP ERROR] purchasePrimaryProperty attempt 3 failed: Insufficient supply
Action Error: Insufficient supply
[HTTP] Calling createEconomicBatch...
[HTTP] Calling dispatchBatchChunks...
[+] Executing P311...
[HTTP] Calling createEconomicBatch...
[HTTP] Calling dispatchBatchChunks...
[+] Executing P312...
[HTTP] Calling createEconomicBatch...
[HTTP] Calling dispatchBatchChunks...
[+] Executing P313...
[HTTP] Calling createEconomicBatch...
[HTTP] Calling dispatchBatchChunks...
[+] Executing P314...
[HTTP] Calling createEconomicBatch...
[HTTP] Calling dispatchBatchChunks...
[+] Executing P315...
[HTTP] Calling createEconomicBatch...
[HTTP] Calling dispatchBatchChunks...
[+] Executing P316...
[HTTP] Calling createEconomicBatch...
[HTTP] Calling dispatchBatchChunks...
[+] Executing P317...
[HTTP] Calling createEconomicBatch...
[HTTP] Calling dispatchBatchChunks...
[+] Executing P318...
[HTTP] Calling createEconomicBatch...
[HTTP] Calling dispatchBatchChunks...
[+] Executing P319...
[HTTP] Calling createEconomicBatch...
[HTTP] Calling dispatchBatchChunks...
[+] Executing P320...
[+] P320: Generating AI Actions...
[HTTP] Calling purchasePrimaryProperty...
[HTTP] Calling purchasePrimaryProperty...
[HTTP] Calling purchasePrimaryProperty...
[HTTP] Calling purchasePrimaryProperty...
[HTTP] Calling purchasePrimaryProperty...
[HTTP] Calling purchasePrimaryProperty...
[HTTP] Calling purchasePrimaryProperty...
[HTTP] Calling purchasePrimaryProperty...
[HTTP] Calling purchasePrimaryProperty...
[HTTP] Calling purchasePrimaryProperty...
[HTTP] Calling purchasePrimaryProperty...
[HTTP] Calling purchasePrimaryProperty...
[HTTP] Calling purchasePrimaryProperty...
[HTTP] Calling purchasePrimaryProperty...
[HTTP] Calling purchasePrimaryProperty...
[HTTP] Calling purchasePrimaryProperty...
[HTTP] Calling purchasePrimaryProperty...
[HTTP] Calling purchasePrimaryProperty...
[HTTP] Calling purchasePrimaryProperty...
[HTTP] Calling purchasePrimaryProperty...
[HTTP] Calling purchasePrimaryProperty...
[HTTP] Calling purchasePrimaryProperty...
[HTTP] Calling purchasePrimaryProperty...
[HTTP] Calling purchasePrimaryProperty...
[HTTP] Calling purchasePrimaryProperty...
[HTTP] Calling purchasePrimaryProperty...
[HTTP] Calling purchasePrimaryProperty...
[HTTP] Calling purchasePrimaryProperty...
[HTTP] Calling purchasePrimaryProperty...
[HTTP] Calling purchasePrimaryProperty...
[HTTP ERROR] purchasePrimaryProperty attempt 1 failed: Insufficient supply
[HTTP ERROR] purchasePrimaryProperty attempt 1 failed: Insufficient supply
[HTTP ERROR] purchasePrimaryProperty attempt 1 failed: Insufficient cash
[HTTP ERROR] purchasePrimaryProperty attempt 1 failed: Insufficient supply
[HTTP ERROR] purchasePrimaryProperty attempt 1 failed: Insufficient cash
[HTTP ERROR] purchasePrimaryProperty attempt 1 failed: Insufficient supply
[HTTP ERROR] purchasePrimaryProperty attempt 1 failed: Insufficient cash
[HTTP ERROR] purchasePrimaryProperty attempt 1 failed: Insufficient supply
[HTTP ERROR] purchasePrimaryProperty attempt 1 failed: Insufficient cash
[HTTP ERROR] purchasePrimaryProperty attempt 1 failed: Insufficient supply
[HTTP ERROR] purchasePrimaryProperty attempt 1 failed: Insufficient supply
[HTTP ERROR] purchasePrimaryProperty attempt 1 failed: Insufficient supply
[HTTP ERROR] purchasePrimaryProperty attempt 1 failed: Insufficient supply
[HTTP ERROR] purchasePrimaryProperty attempt 1 failed: Insufficient supply
[HTTP ERROR] purchasePrimaryProperty attempt 1 failed: Insufficient supply
[HTTP ERROR] purchasePrimaryProperty attempt 1 failed: Insufficient supply
[HTTP ERROR] purchasePrimaryProperty attempt 1 failed: Insufficient supply
[HTTP ERROR] purchasePrimaryProperty attempt 1 failed: Insufficient supply
[HTTP ERROR] purchasePrimaryProperty attempt 1 failed: Insufficient cash
[HTTP ERROR] purchasePrimaryProperty attempt 1 failed: Insufficient supply
[HTTP ERROR] purchasePrimaryProperty attempt 1 failed: Insufficient supply
[HTTP ERROR] purchasePrimaryProperty attempt 1 failed: Insufficient cash
[HTTP ERROR] purchasePrimaryProperty attempt 1 failed: Insufficient cash
[HTTP ERROR] purchasePrimaryProperty attempt 1 failed: Insufficient supply
[HTTP ERROR] purchasePrimaryProperty attempt 1 failed: Insufficient cash
[HTTP ERROR] purchasePrimaryProperty attempt 1 failed: Insufficient cash
[HTTP ERROR] purchasePrimaryProperty attempt 1 failed: Insufficient cash
[HTTP ERROR] purchasePrimaryProperty attempt 1 failed: Insufficient supply
[HTTP ERROR] purchasePrimaryProperty attempt 1 failed: Insufficient supply
[HTTP] Calling purchasePrimaryProperty...
[HTTP] Calling purchasePrimaryProperty...
[HTTP] Calling purchasePrimaryProperty...
[HTTP] Calling purchasePrimaryProperty...
[HTTP] Calling purchasePrimaryProperty...
[HTTP] Calling purchasePrimaryProperty...
[HTTP] Calling purchasePrimaryProperty...
[HTTP] Calling purchasePrimaryProperty...
[HTTP ERROR] purchasePrimaryProperty attempt 2 failed: Insufficient supply
[HTTP] Calling purchasePrimaryProperty...
[HTTP] Calling purchasePrimaryProperty...
[HTTP ERROR] purchasePrimaryProperty attempt 2 failed: Insufficient supply
[HTTP] Calling purchasePrimaryProperty...
[HTTP ERROR] purchasePrimaryProperty attempt 2 failed: Insufficient supply
[HTTP] Calling purchasePrimaryProperty...
[HTTP ERROR] purchasePrimaryProperty attempt 2 failed: Insufficient cash
[HTTP] Calling purchasePrimaryProperty...
[HTTP ERROR] purchasePrimaryProperty attempt 2 failed: Insufficient supply
[HTTP ERROR] purchasePrimaryProperty attempt 2 failed: Insufficient cash
[HTTP] Calling purchasePrimaryProperty...
[HTTP] Calling purchasePrimaryProperty...
[HTTP ERROR] purchasePrimaryProperty attempt 2 failed: Insufficient cash
[HTTP] Calling purchasePrimaryProperty...
[HTTP] Calling purchasePrimaryProperty...
[HTTP] Calling purchasePrimaryProperty...
[HTTP] Calling purchasePrimaryProperty...
[HTTP] Calling purchasePrimaryProperty...
[HTTP] Calling purchasePrimaryProperty...
[HTTP ERROR] purchasePrimaryProperty attempt 2 failed: Insufficient supply
[HTTP] Calling purchasePrimaryProperty...
[HTTP] Calling purchasePrimaryProperty...
[HTTP ERROR] purchasePrimaryProperty attempt 2 failed: Insufficient supply
[HTTP] Calling purchasePrimaryProperty...
[HTTP] Calling purchasePrimaryProperty...
[HTTP] Calling purchasePrimaryProperty...
[HTTP] Calling purchasePrimaryProperty...
[HTTP] Calling purchasePrimaryProperty...
[HTTP ERROR] purchasePrimaryProperty attempt 2 failed: Insufficient cash
[HTTP] Calling purchasePrimaryProperty...
[HTTP ERROR] purchasePrimaryProperty attempt 2 failed: Insufficient supply
[HTTP ERROR] purchasePrimaryProperty attempt 2 failed: Insufficient supply
[HTTP ERROR] purchasePrimaryProperty attempt 2 failed: Insufficient supply
[HTTP ERROR] purchasePrimaryProperty attempt 2 failed: Insufficient supply
[HTTP ERROR] purchasePrimaryProperty attempt 2 failed: Insufficient supply
[HTTP ERROR] purchasePrimaryProperty attempt 2 failed: Insufficient supply
[HTTP ERROR] purchasePrimaryProperty attempt 2 failed: Insufficient supply
[HTTP ERROR] purchasePrimaryProperty attempt 2 failed: Insufficient supply
[HTTP ERROR] purchasePrimaryProperty attempt 2 failed: Insufficient cash
[HTTP ERROR] purchasePrimaryProperty attempt 2 failed: Insufficient supply
[HTTP ERROR] purchasePrimaryProperty attempt 2 failed: Insufficient supply
[HTTP ERROR] purchasePrimaryProperty attempt 2 failed: Insufficient cash
[HTTP ERROR] purchasePrimaryProperty attempt 2 failed: Insufficient cash
[HTTP ERROR] purchasePrimaryProperty attempt 2 failed: Insufficient cash
[HTTP ERROR] purchasePrimaryProperty attempt 2 failed: Insufficient supply
[HTTP ERROR] purchasePrimaryProperty attempt 2 failed: Insufficient cash
[HTTP ERROR] purchasePrimaryProperty attempt 2 failed: Insufficient cash
[HTTP ERROR] purchasePrimaryProperty attempt 2 failed: Insufficient supply
[HTTP ERROR] purchasePrimaryProperty attempt 2 failed: Insufficient supply
[HTTP] Calling purchasePrimaryProperty...
[HTTP] Calling purchasePrimaryProperty...
[HTTP] Calling purchasePrimaryProperty...
[HTTP] Calling purchasePrimaryProperty...
[HTTP] Calling purchasePrimaryProperty...
[HTTP] Calling purchasePrimaryProperty...
[HTTP] Calling purchasePrimaryProperty...
[HTTP ERROR] purchasePrimaryProperty attempt 3 failed: Insufficient supply
Action Error: Insufficient supply
[HTTP ERROR] purchasePrimaryProperty attempt 3 failed: Insufficient supply
Action Error: Insufficient supply
[HTTP ERROR] purchasePrimaryProperty attempt 3 failed: Insufficient cash
Action Error: Insufficient cash
[HTTP ERROR] purchasePrimaryProperty attempt 3 failed: Insufficient supply
Action Error: Insufficient supply
[HTTP] Calling purchasePrimaryProperty...
[HTTP ERROR] purchasePrimaryProperty attempt 3 failed: Insufficient cash
Action Error: Insufficient cash
[HTTP ERROR] purchasePrimaryProperty attempt 3 failed: Insufficient cash
Action Error: Insufficient cash
[HTTP ERROR] purchasePrimaryProperty attempt 3 failed: Insufficient supply
Action Error: Insufficient supply
[HTTP] Calling purchasePrimaryProperty...
[HTTP] Calling purchasePrimaryProperty...
[HTTP ERROR] purchasePrimaryProperty attempt 3 failed: Insufficient supply
Action Error: Insufficient supply
[HTTP] Calling purchasePrimaryProperty...
[HTTP] Calling purchasePrimaryProperty...
[HTTP] Calling purchasePrimaryProperty...
[HTTP] Calling purchasePrimaryProperty...
[HTTP] Calling purchasePrimaryProperty...
[HTTP ERROR] purchasePrimaryProperty attempt 3 failed: Insufficient supply
Action Error: Insufficient supply
[HTTP] Calling purchasePrimaryProperty...
[HTTP ERROR] purchasePrimaryProperty attempt 3 failed: Insufficient cash
Action Error: Insufficient cash
[HTTP] Calling purchasePrimaryProperty...
[HTTP ERROR] purchasePrimaryProperty attempt 3 failed: Insufficient supply
Action Error: Insufficient supply
[HTTP] Calling purchasePrimaryProperty...
[HTTP] Calling purchasePrimaryProperty...
[HTTP] Calling purchasePrimaryProperty...
[HTTP] Calling purchasePrimaryProperty...
[HTTP ERROR] purchasePrimaryProperty attempt 3 failed: Insufficient supply
Action Error: Insufficient supply
[HTTP] Calling purchasePrimaryProperty...
[HTTP] Calling purchasePrimaryProperty...
[HTTP] Calling purchasePrimaryProperty...
[HTTP] Calling purchasePrimaryProperty...
[HTTP] Calling purchasePrimaryProperty...
[HTTP] Calling purchasePrimaryProperty...
[HTTP ERROR] purchasePrimaryProperty attempt 3 failed: Insufficient supply
Action Error: Insufficient supply
[HTTP] Calling purchasePrimaryProperty...
[HTTP] Calling purchasePrimaryProperty...
[HTTP ERROR] purchasePrimaryProperty attempt 3 failed: Insufficient supply
Action Error: Insufficient supply
[HTTP ERROR] purchasePrimaryProperty attempt 3 failed: Insufficient supply
Action Error: Insufficient supply
[HTTP ERROR] purchasePrimaryProperty attempt 3 failed: Insufficient supply
Action Error: Insufficient supply
[HTTP ERROR] purchasePrimaryProperty attempt 3 failed: Insufficient supply
Action Error: Insufficient supply
[HTTP ERROR] purchasePrimaryProperty attempt 3 failed: Insufficient cash
Action Error: Insufficient cash
[HTTP ERROR] purchasePrimaryProperty attempt 3 failed: Insufficient supply
Action Error: Insufficient supply
[HTTP ERROR] purchasePrimaryProperty attempt 3 failed: Insufficient supply
Action Error: Insufficient supply
[HTTP ERROR] purchasePrimaryProperty attempt 3 failed: Insufficient supply
Action Error: Insufficient supply
[HTTP ERROR] purchasePrimaryProperty attempt 3 failed: Insufficient cash
Action Error: Insufficient cash
[HTTP ERROR] purchasePrimaryProperty attempt 3 failed: Insufficient cash
Action Error: Insufficient cash
[HTTP ERROR] purchasePrimaryProperty attempt 3 failed: Insufficient supply
Action Error: Insufficient supply
[HTTP ERROR] purchasePrimaryProperty attempt 3 failed: Insufficient cash
Action Error: Insufficient cash
[HTTP ERROR] purchasePrimaryProperty attempt 3 failed: Insufficient cash
Action Error: Insufficient cash
[HTTP ERROR] purchasePrimaryProperty attempt 3 failed: Insufficient cash
Action Error: Insufficient cash
[HTTP ERROR] purchasePrimaryProperty attempt 3 failed: Insufficient supply
Action Error: Insufficient supply
[HTTP ERROR] purchasePrimaryProperty attempt 3 failed: Insufficient supply
Action Error: Insufficient supply
[HTTP] Calling createEconomicBatch...
[HTTP] Calling dispatchBatchChunks...
[+] Executing P321...
[HTTP] Calling createEconomicBatch...
[HTTP] Calling dispatchBatchChunks...
[+] Executing P322...
[HTTP] Calling createEconomicBatch...
[HTTP] Calling dispatchBatchChunks...
[+] Executing P323...
[HTTP] Calling createEconomicBatch...
[HTTP] Calling dispatchBatchChunks...
[+] Executing P324...
[HTTP] Calling createEconomicBatch...
[HTTP] Calling dispatchBatchChunks...
[+] Executing P325...
[HTTP] Calling createEconomicBatch...
[HTTP] Calling dispatchBatchChunks...
[+] Executing P326...
[HTTP] Calling createEconomicBatch...
[HTTP] Calling dispatchBatchChunks...
[+] Executing P327...
[HTTP] Calling createEconomicBatch...
[HTTP] Calling dispatchBatchChunks...
[+] Executing P328...
[HTTP] Calling createEconomicBatch...
[HTTP] Calling dispatchBatchChunks...
[+] Executing P329...
[HTTP] Calling createEconomicBatch...
[HTTP] Calling dispatchBatchChunks...
[+] Executing P330...
[+] P330: Generating AI Actions...
[HTTP] Calling purchasePrimaryProperty...
[HTTP] Calling purchasePrimaryProperty...
[HTTP] Calling purchasePrimaryProperty...
[HTTP] Calling purchasePrimaryProperty...
[HTTP] Calling purchasePrimaryProperty...
[HTTP] Calling purchasePrimaryProperty...
[HTTP] Calling purchasePrimaryProperty...
[HTTP] Calling purchasePrimaryProperty...
[HTTP] Calling purchasePrimaryProperty...
[HTTP] Calling purchasePrimaryProperty...
[HTTP] Calling purchasePrimaryProperty...
[HTTP] Calling purchasePrimaryProperty...
[HTTP] Calling purchasePrimaryProperty...
[HTTP] Calling purchasePrimaryProperty...
[HTTP] Calling purchasePrimaryProperty...
[HTTP] Calling purchasePrimaryProperty...
[HTTP] Calling purchasePrimaryProperty...
[HTTP] Calling purchasePrimaryProperty...
[HTTP] Calling purchasePrimaryProperty...
[HTTP] Calling purchasePrimaryProperty...
[HTTP] Calling purchasePrimaryProperty...
[HTTP] Calling purchasePrimaryProperty...
[HTTP] Calling purchasePrimaryProperty...
[HTTP] Calling purchasePrimaryProperty...
[HTTP] Calling purchasePrimaryProperty...
[HTTP] Calling purchasePrimaryProperty...
[HTTP] Calling purchasePrimaryProperty...
[HTTP] Calling purchasePrimaryProperty...
[HTTP] Calling purchasePrimaryProperty...
[HTTP] Calling purchasePrimaryProperty...
[HTTP ERROR] purchasePrimaryProperty attempt 1 failed: Insufficient cash
[HTTP ERROR] purchasePrimaryProperty attempt 1 failed: Insufficient supply
[HTTP ERROR] purchasePrimaryProperty attempt 1 failed: Insufficient cash
[HTTP ERROR] purchasePrimaryProperty attempt 1 failed: Insufficient cash
[HTTP ERROR] purchasePrimaryProperty attempt 1 failed: Insufficient cash
[HTTP ERROR] purchasePrimaryProperty attempt 1 failed: Insufficient supply
[HTTP ERROR] purchasePrimaryProperty attempt 1 failed: Insufficient cash
[HTTP ERROR] purchasePrimaryProperty attempt 1 failed: Insufficient cash
[HTTP ERROR] purchasePrimaryProperty attempt 1 failed: Insufficient cash
[HTTP ERROR] purchasePrimaryProperty attempt 1 failed: Insufficient cash
[HTTP ERROR] purchasePrimaryProperty attempt 1 failed: Insufficient supply
[HTTP ERROR] purchasePrimaryProperty attempt 1 failed: Insufficient cash
[HTTP ERROR] purchasePrimaryProperty attempt 1 failed: Insufficient supply
[HTTP ERROR] purchasePrimaryProperty attempt 1 failed: Insufficient cash
[HTTP ERROR] purchasePrimaryProperty attempt 1 failed: Insufficient supply
[HTTP ERROR] purchasePrimaryProperty attempt 1 failed: Insufficient cash
[HTTP ERROR] purchasePrimaryProperty attempt 1 failed: Insufficient supply
[HTTP ERROR] purchasePrimaryProperty attempt 1 failed: Insufficient cash
[HTTP ERROR] purchasePrimaryProperty attempt 1 failed: Insufficient cash
[HTTP ERROR] purchasePrimaryProperty attempt 1 failed: Insufficient cash
[HTTP ERROR] purchasePrimaryProperty attempt 1 failed: Insufficient cash
[HTTP ERROR] purchasePrimaryProperty attempt 1 failed: Insufficient supply
[HTTP ERROR] purchasePrimaryProperty attempt 1 failed: Insufficient cash
[HTTP ERROR] purchasePrimaryProperty attempt 1 failed: Insufficient supply
[HTTP ERROR] purchasePrimaryProperty attempt 1 failed: Insufficient cash
[HTTP ERROR] purchasePrimaryProperty attempt 1 failed: Insufficient cash
[HTTP ERROR] purchasePrimaryProperty attempt 1 failed: Insufficient supply
[HTTP ERROR] purchasePrimaryProperty attempt 1 failed: Insufficient cash
[HTTP ERROR] purchasePrimaryProperty attempt 1 failed: Insufficient supply
[HTTP ERROR] purchasePrimaryProperty attempt 1 failed: Insufficient cash
[HTTP] Calling purchasePrimaryProperty...
[HTTP] Calling purchasePrimaryProperty...
[HTTP] Calling purchasePrimaryProperty...
[HTTP] Calling purchasePrimaryProperty...
[HTTP] Calling purchasePrimaryProperty...
[HTTP] Calling purchasePrimaryProperty...
[HTTP] Calling purchasePrimaryProperty...
[HTTP] Calling purchasePrimaryProperty...
[HTTP] Calling purchasePrimaryProperty...
[HTTP] Calling purchasePrimaryProperty...
[HTTP] Calling purchasePrimaryProperty...
[HTTP ERROR] purchasePrimaryProperty attempt 2 failed: Insufficient cash
[HTTP ERROR] purchasePrimaryProperty attempt 2 failed: Insufficient supply
[HTTP ERROR] purchasePrimaryProperty attempt 2 failed: Insufficient cash
[HTTP] Calling purchasePrimaryProperty...
[HTTP ERROR] purchasePrimaryProperty attempt 2 failed: Insufficient cash
[HTTP] Calling purchasePrimaryProperty...
[HTTP] Calling purchasePrimaryProperty...
[HTTP ERROR] purchasePrimaryProperty attempt 2 failed: Insufficient cash
[HTTP] Calling purchasePrimaryProperty...
[HTTP ERROR] purchasePrimaryProperty attempt 2 failed: Insufficient cash
[HTTP ERROR] purchasePrimaryProperty attempt 2 failed: Insufficient supply
[HTTP] Calling purchasePrimaryProperty...
[HTTP] Calling purchasePrimaryProperty...
[HTTP] Calling purchasePrimaryProperty...
[HTTP] Calling purchasePrimaryProperty...
[HTTP ERROR] purchasePrimaryProperty attempt 2 failed: Insufficient cash
[HTTP ERROR] purchasePrimaryProperty attempt 2 failed: Insufficient cash
[HTTP ERROR] purchasePrimaryProperty attempt 2 failed: Insufficient cash
[HTTP ERROR] purchasePrimaryProperty attempt 2 failed: Insufficient supply
[HTTP ERROR] purchasePrimaryProperty attempt 2 failed: Insufficient supply
[HTTP ERROR] purchasePrimaryProperty attempt 2 failed: Insufficient cash
[HTTP ERROR] purchasePrimaryProperty attempt 2 failed: Insufficient supply
[HTTP] Calling purchasePrimaryProperty...
[HTTP] Calling purchasePrimaryProperty...
[HTTP ERROR] purchasePrimaryProperty attempt 2 failed: Insufficient cash
[HTTP] Calling purchasePrimaryProperty...
[HTTP ERROR] purchasePrimaryProperty attempt 2 failed: Insufficient supply
[HTTP] Calling purchasePrimaryProperty...
[HTTP] Calling purchasePrimaryProperty...
[HTTP ERROR] purchasePrimaryProperty attempt 2 failed: Insufficient cash
[HTTP] Calling purchasePrimaryProperty...
[HTTP] Calling purchasePrimaryProperty...
[HTTP] Calling purchasePrimaryProperty...
[HTTP] Calling purchasePrimaryProperty...
[HTTP ERROR] purchasePrimaryProperty attempt 2 failed: Insufficient cash
[HTTP] Calling purchasePrimaryProperty...
[HTTP] Calling purchasePrimaryProperty...
[HTTP ERROR] purchasePrimaryProperty attempt 2 failed: Insufficient cash
[HTTP ERROR] purchasePrimaryProperty attempt 2 failed: Insufficient cash
[HTTP ERROR] purchasePrimaryProperty attempt 2 failed: Insufficient cash
[HTTP ERROR] purchasePrimaryProperty attempt 2 failed: Insufficient supply
[HTTP ERROR] purchasePrimaryProperty attempt 2 failed: Insufficient cash
[HTTP ERROR] purchasePrimaryProperty attempt 2 failed: Insufficient supply
[HTTP ERROR] purchasePrimaryProperty attempt 2 failed: Insufficient supply
[HTTP ERROR] purchasePrimaryProperty attempt 2 failed: Insufficient cash
[HTTP ERROR] purchasePrimaryProperty attempt 2 failed: Insufficient cash
[HTTP ERROR] purchasePrimaryProperty attempt 2 failed: Insufficient cash
[HTTP ERROR] purchasePrimaryProperty attempt 2 failed: Insufficient supply
[HTTP ERROR] purchasePrimaryProperty attempt 2 failed: Insufficient cash
[HTTP] Calling purchasePrimaryProperty...
[HTTP] Calling purchasePrimaryProperty...
[HTTP] Calling purchasePrimaryProperty...
[HTTP] Calling purchasePrimaryProperty...
[HTTP] Calling purchasePrimaryProperty...
[HTTP] Calling purchasePrimaryProperty...
[HTTP] Calling purchasePrimaryProperty...
[HTTP ERROR] purchasePrimaryProperty attempt 3 failed: Insufficient cash
Action Error: Insufficient cash
[HTTP ERROR] purchasePrimaryProperty attempt 3 failed: Insufficient cash
Action Error: Insufficient cash
[HTTP ERROR] purchasePrimaryProperty attempt 3 failed: Insufficient supply
Action Error: Insufficient supply
[HTTP] Calling purchasePrimaryProperty...
[HTTP ERROR] purchasePrimaryProperty attempt 3 failed: Insufficient cash
Action Error: Insufficient cash
[HTTP ERROR] purchasePrimaryProperty attempt 3 failed: Insufficient cash
Action Error: Insufficient cash
[HTTP] Calling purchasePrimaryProperty...
[HTTP] Calling purchasePrimaryProperty...
[HTTP] Calling purchasePrimaryProperty...
[HTTP ERROR] purchasePrimaryProperty attempt 3 failed: Insufficient cash
Action Error: Insufficient cash
[HTTP ERROR] purchasePrimaryProperty attempt 3 failed: Insufficient supply
Action Error: Insufficient supply
[HTTP] Calling purchasePrimaryProperty...
[HTTP] Calling purchasePrimaryProperty...
[HTTP] Calling purchasePrimaryProperty...
[HTTP] Calling purchasePrimaryProperty...
[HTTP] Calling purchasePrimaryProperty...
[HTTP] Calling purchasePrimaryProperty...
[HTTP ERROR] purchasePrimaryProperty attempt 3 failed: Insufficient cash
Action Error: Insufficient cash
[HTTP ERROR] purchasePrimaryProperty attempt 3 failed: Insufficient cash
Action Error: Insufficient cash
[HTTP ERROR] purchasePrimaryProperty attempt 3 failed: Insufficient supply
Action Error: Insufficient supply
[HTTP] Calling purchasePrimaryProperty...
[HTTP] Calling purchasePrimaryProperty...
[HTTP ERROR] purchasePrimaryProperty attempt 3 failed: Insufficient cash
Action Error: Insufficient cash
[HTTP ERROR] purchasePrimaryProperty attempt 3 failed: Insufficient cash
Action Error: Insufficient cash
[HTTP] Calling purchasePrimaryProperty...
[HTTP ERROR] purchasePrimaryProperty attempt 3 failed: Insufficient supply
Action Error: Insufficient supply
[HTTP ERROR] purchasePrimaryProperty attempt 3 failed: Insufficient supply
Action Error: Insufficient supply
[HTTP] Calling purchasePrimaryProperty...
[HTTP] Calling purchasePrimaryProperty...
[HTTP ERROR] purchasePrimaryProperty attempt 3 failed: Insufficient cash
Action Error: Insufficient cash
[HTTP ERROR] purchasePrimaryProperty attempt 3 failed: Insufficient cash
Action Error: Insufficient cash
[HTTP ERROR] purchasePrimaryProperty attempt 3 failed: Insufficient supply
Action Error: Insufficient supply
[HTTP ERROR] purchasePrimaryProperty attempt 3 failed: Insufficient cash
Action Error: Insufficient cash
[HTTP ERROR] purchasePrimaryProperty attempt 3 failed: Insufficient cash
Action Error: Insufficient cash
[HTTP] Calling purchasePrimaryProperty...
[HTTP] Calling purchasePrimaryProperty...
[HTTP ERROR] purchasePrimaryProperty attempt 3 failed: Insufficient cash
Action Error: Insufficient cash
[HTTP] Calling purchasePrimaryProperty...
[HTTP] Calling purchasePrimaryProperty...
[HTTP ERROR] purchasePrimaryProperty attempt 3 failed: Insufficient cash
Action Error: Insufficient cash
[HTTP ERROR] purchasePrimaryProperty attempt 3 failed: Insufficient supply
Action Error: Insufficient supply
[HTTP] Calling purchasePrimaryProperty...
[HTTP] Calling purchasePrimaryProperty...
[HTTP] Calling purchasePrimaryProperty...
[HTTP] Calling purchasePrimaryProperty...
[HTTP ERROR] purchasePrimaryProperty attempt 3 failed: Insufficient cash
Action Error: Insufficient cash
[HTTP ERROR] purchasePrimaryProperty attempt 3 failed: Insufficient supply
Action Error: Insufficient supply
[HTTP ERROR] purchasePrimaryProperty attempt 3 failed: Insufficient supply
Action Error: Insufficient supply
[HTTP ERROR] purchasePrimaryProperty attempt 3 failed: Insufficient cash
Action Error: Insufficient cash
[HTTP ERROR] purchasePrimaryProperty attempt 3 failed: Insufficient cash
Action Error: Insufficient cash
[HTTP ERROR] purchasePrimaryProperty attempt 3 failed: Insufficient cash
Action Error: Insufficient cash
[HTTP ERROR] purchasePrimaryProperty attempt 3 failed: Insufficient cash
Action Error: Insufficient cash
[HTTP ERROR] purchasePrimaryProperty attempt 3 failed: Insufficient supply
Action Error: Insufficient supply
[HTTP] Calling createEconomicBatch...
[HTTP] Calling dispatchBatchChunks...
[+] Passed Period 330/360
[+] Executing P331...
[HTTP] Calling createEconomicBatch...
[HTTP] Calling dispatchBatchChunks...
[+] Executing P332...
[HTTP] Calling createEconomicBatch...
[HTTP] Calling dispatchBatchChunks...
[+] Executing P333...
[HTTP] Calling createEconomicBatch...
[HTTP] Calling dispatchBatchChunks...
[+] Executing P334...
[HTTP] Calling createEconomicBatch...
[HTTP] Calling dispatchBatchChunks...
[+] Executing P335...
[HTTP] Calling createEconomicBatch...
[HTTP] Calling dispatchBatchChunks...
[+] Executing P336...
[HTTP] Calling createEconomicBatch...
[HTTP] Calling dispatchBatchChunks...
[+] Executing P337...
[HTTP] Calling createEconomicBatch...
[HTTP] Calling dispatchBatchChunks...
[+] Executing P338...
[HTTP] Calling createEconomicBatch...
[HTTP] Calling dispatchBatchChunks...
[+] Executing P339...
[HTTP] Calling createEconomicBatch...
[HTTP] Calling dispatchBatchChunks...
[+] Executing P340...
[+] P340: Generating AI Actions...
[HTTP] Calling purchasePrimaryProperty...
[HTTP] Calling purchasePrimaryProperty...
[HTTP] Calling purchasePrimaryProperty...
[HTTP] Calling purchasePrimaryProperty...
[HTTP] Calling purchasePrimaryProperty...
[HTTP] Calling purchasePrimaryProperty...
[HTTP] Calling purchasePrimaryProperty...
[HTTP] Calling purchasePrimaryProperty...
[HTTP] Calling purchasePrimaryProperty...
[HTTP] Calling purchasePrimaryProperty...
[HTTP] Calling purchasePrimaryProperty...
[HTTP] Calling purchasePrimaryProperty...
[HTTP] Calling purchasePrimaryProperty...
[HTTP] Calling purchasePrimaryProperty...
[HTTP] Calling purchasePrimaryProperty...
[HTTP] Calling purchasePrimaryProperty...
[HTTP] Calling purchasePrimaryProperty...
[HTTP] Calling purchasePrimaryProperty...
[HTTP] Calling purchasePrimaryProperty...
[HTTP] Calling purchasePrimaryProperty...
[HTTP] Calling purchasePrimaryProperty...
[HTTP] Calling purchasePrimaryProperty...
[HTTP] Calling purchasePrimaryProperty...
[HTTP] Calling purchasePrimaryProperty...
[HTTP] Calling purchasePrimaryProperty...
[HTTP] Calling purchasePrimaryProperty...
[HTTP] Calling purchasePrimaryProperty...
[HTTP] Calling purchasePrimaryProperty...
[HTTP] Calling purchasePrimaryProperty...
[HTTP] Calling purchasePrimaryProperty...
[HTTP ERROR] purchasePrimaryProperty attempt 1 failed: Insufficient supply
[HTTP ERROR] purchasePrimaryProperty attempt 1 failed: Insufficient cash
[HTTP ERROR] purchasePrimaryProperty attempt 1 failed: Insufficient cash
[HTTP ERROR] purchasePrimaryProperty attempt 1 failed: Insufficient supply
[HTTP ERROR] purchasePrimaryProperty attempt 1 failed: Insufficient cash
[HTTP ERROR] purchasePrimaryProperty attempt 1 failed: Insufficient cash
[HTTP ERROR] purchasePrimaryProperty attempt 1 failed: Insufficient supply
[HTTP ERROR] purchasePrimaryProperty attempt 1 failed: Insufficient cash
[HTTP ERROR] purchasePrimaryProperty attempt 1 failed: Insufficient cash
[HTTP ERROR] purchasePrimaryProperty attempt 1 failed: Insufficient cash
[HTTP ERROR] purchasePrimaryProperty attempt 1 failed: Insufficient supply
[HTTP ERROR] purchasePrimaryProperty attempt 1 failed: Insufficient cash
[HTTP ERROR] purchasePrimaryProperty attempt 1 failed: Insufficient cash
[HTTP ERROR] purchasePrimaryProperty attempt 1 failed: Insufficient supply
[HTTP ERROR] purchasePrimaryProperty attempt 1 failed: Insufficient cash
[HTTP ERROR] purchasePrimaryProperty attempt 1 failed: Insufficient cash
[HTTP ERROR] purchasePrimaryProperty attempt 1 failed: Insufficient supply
[HTTP ERROR] purchasePrimaryProperty attempt 1 failed: Insufficient supply
[HTTP ERROR] purchasePrimaryProperty attempt 1 failed: Insufficient supply
[HTTP ERROR] purchasePrimaryProperty attempt 1 failed: Insufficient supply
[HTTP ERROR] purchasePrimaryProperty attempt 1 failed: Insufficient supply
[HTTP ERROR] purchasePrimaryProperty attempt 1 failed: Insufficient cash
[HTTP ERROR] purchasePrimaryProperty attempt 1 failed: Insufficient cash
[HTTP ERROR] purchasePrimaryProperty attempt 1 failed: Insufficient cash
[HTTP ERROR] purchasePrimaryProperty attempt 1 failed: Insufficient cash
[HTTP ERROR] purchasePrimaryProperty attempt 1 failed: Insufficient cash
[HTTP ERROR] purchasePrimaryProperty attempt 1 failed: Insufficient cash
[HTTP ERROR] purchasePrimaryProperty attempt 1 failed: Insufficient cash
[HTTP ERROR] purchasePrimaryProperty attempt 1 failed: Insufficient cash
[HTTP ERROR] purchasePrimaryProperty attempt 1 failed: Insufficient cash
[HTTP] Calling purchasePrimaryProperty...
[HTTP] Calling purchasePrimaryProperty...
[HTTP] Calling purchasePrimaryProperty...
[HTTP] Calling purchasePrimaryProperty...
[HTTP] Calling purchasePrimaryProperty...
[HTTP] Calling purchasePrimaryProperty...
[HTTP] Calling purchasePrimaryProperty...
[HTTP ERROR] purchasePrimaryProperty attempt 2 failed: Insufficient supply
[HTTP] Calling purchasePrimaryProperty...
[HTTP ERROR] purchasePrimaryProperty attempt 2 failed: Insufficient cash
[HTTP ERROR] purchasePrimaryProperty attempt 2 failed: Insufficient cash
[HTTP] Calling purchasePrimaryProperty...
[HTTP] Calling purchasePrimaryProperty...
[HTTP ERROR] purchasePrimaryProperty attempt 2 failed: Insufficient supply
[HTTP] Calling purchasePrimaryProperty...
[HTTP] Calling purchasePrimaryProperty...
[HTTP ERROR] purchasePrimaryProperty attempt 2 failed: Insufficient supply
[HTTP ERROR] purchasePrimaryProperty attempt 2 failed: Insufficient cash
[HTTP] Calling purchasePrimaryProperty...
[HTTP ERROR] purchasePrimaryProperty attempt 2 failed: Insufficient cash
[HTTP ERROR] purchasePrimaryProperty attempt 2 failed: Insufficient cash
[HTTP] Calling purchasePrimaryProperty...
[HTTP ERROR] purchasePrimaryProperty attempt 2 failed: Insufficient cash
[HTTP] Calling purchasePrimaryProperty...
[HTTP] Calling purchasePrimaryProperty...
[HTTP ERROR] purchasePrimaryProperty attempt 2 failed: Insufficient cash
[HTTP] Calling purchasePrimaryProperty...
[HTTP] Calling purchasePrimaryProperty...
[HTTP ERROR] purchasePrimaryProperty attempt 2 failed: Insufficient supply
[HTTP ERROR] purchasePrimaryProperty attempt 2 failed: Insufficient cash
[HTTP ERROR] purchasePrimaryProperty attempt 2 failed: Insufficient cash
[HTTP] Calling purchasePrimaryProperty...
[HTTP] Calling purchasePrimaryProperty...
[HTTP ERROR] purchasePrimaryProperty attempt 2 failed: Insufficient supply
[HTTP ERROR] purchasePrimaryProperty attempt 2 failed: Insufficient cash
[HTTP ERROR] purchasePrimaryProperty attempt 2 failed: Insufficient cash
[HTTP ERROR] purchasePrimaryProperty attempt 2 failed: Insufficient supply
[HTTP] Calling purchasePrimaryProperty...
[HTTP] Calling purchasePrimaryProperty...
[HTTP ERROR] purchasePrimaryProperty attempt 2 failed: Insufficient supply
[HTTP] Calling purchasePrimaryProperty...
[HTTP] Calling purchasePrimaryProperty...
[HTTP] Calling purchasePrimaryProperty...
[HTTP ERROR] purchasePrimaryProperty attempt 2 failed: Insufficient supply
[HTTP] Calling purchasePrimaryProperty...
[HTTP] Calling purchasePrimaryProperty...
[HTTP ERROR] purchasePrimaryProperty attempt 2 failed: Insufficient supply
[HTTP] Calling purchasePrimaryProperty...
[HTTP] Calling purchasePrimaryProperty...
[HTTP] Calling purchasePrimaryProperty...
[HTTP ERROR] purchasePrimaryProperty attempt 2 failed: Insufficient cash
[HTTP ERROR] purchasePrimaryProperty attempt 2 failed: Insufficient supply
[HTTP ERROR] purchasePrimaryProperty attempt 2 failed: Insufficient cash
[HTTP ERROR] purchasePrimaryProperty attempt 2 failed: Insufficient cash
[HTTP ERROR] purchasePrimaryProperty attempt 2 failed: Insufficient cash
[HTTP ERROR] purchasePrimaryProperty attempt 2 failed: Insufficient cash
[HTTP ERROR] purchasePrimaryProperty attempt 2 failed: Insufficient cash
[HTTP ERROR] purchasePrimaryProperty attempt 2 failed: Insufficient cash
[HTTP ERROR] purchasePrimaryProperty attempt 2 failed: Insufficient cash
[HTTP ERROR] purchasePrimaryProperty attempt 2 failed: Insufficient cash
[HTTP] Calling purchasePrimaryProperty...
[HTTP] Calling purchasePrimaryProperty...
[HTTP] Calling purchasePrimaryProperty...
[HTTP] Calling purchasePrimaryProperty...
[HTTP] Calling purchasePrimaryProperty...
[HTTP] Calling purchasePrimaryProperty...
[HTTP] Calling purchasePrimaryProperty...
[HTTP] Calling purchasePrimaryProperty...
[HTTP] Calling purchasePrimaryProperty...
[HTTP ERROR] purchasePrimaryProperty attempt 3 failed: Insufficient supply
Action Error: Insufficient supply
[HTTP ERROR] purchasePrimaryProperty attempt 3 failed: Insufficient cash
Action Error: Insufficient cash
[HTTP ERROR] purchasePrimaryProperty attempt 3 failed: Insufficient supply
Action Error: Insufficient supply
[HTTP] Calling purchasePrimaryProperty...
[HTTP ERROR] purchasePrimaryProperty attempt 3 failed: Insufficient cash
Action Error: Insufficient cash
[HTTP] Calling purchasePrimaryProperty...
[HTTP ERROR] purchasePrimaryProperty attempt 3 failed: Insufficient supply
Action Error: Insufficient supply
[HTTP] Calling purchasePrimaryProperty...
[HTTP] Calling purchasePrimaryProperty...
[HTTP ERROR] purchasePrimaryProperty attempt 3 failed: Insufficient cash
Action Error: Insufficient cash
[HTTP ERROR] purchasePrimaryProperty attempt 3 failed: Insufficient cash
Action Error: Insufficient cash
[HTTP ERROR] purchasePrimaryProperty attempt 3 failed: Insufficient cash
Action Error: Insufficient cash
[HTTP ERROR] purchasePrimaryProperty attempt 3 failed: Insufficient cash
Action Error: Insufficient cash
[HTTP] Calling purchasePrimaryProperty...
[HTTP] Calling purchasePrimaryProperty...
[HTTP ERROR] purchasePrimaryProperty attempt 3 failed: Insufficient cash
Action Error: Insufficient cash
[HTTP ERROR] purchasePrimaryProperty attempt 3 failed: Insufficient supply
Action Error: Insufficient supply
[HTTP] Calling purchasePrimaryProperty...
[HTTP] Calling purchasePrimaryProperty...
[HTTP] Calling purchasePrimaryProperty...
[HTTP ERROR] purchasePrimaryProperty attempt 3 failed: Insufficient cash
Action Error: Insufficient cash
[HTTP ERROR] purchasePrimaryProperty attempt 3 failed: Insufficient cash
Action Error: Insufficient cash
[HTTP] Calling purchasePrimaryProperty...
[HTTP] Calling purchasePrimaryProperty...
[HTTP ERROR] purchasePrimaryProperty attempt 3 failed: Insufficient supply
Action Error: Insufficient supply
[HTTP ERROR] purchasePrimaryProperty attempt 3 failed: Insufficient cash
Action Error: Insufficient cash
[HTTP ERROR] purchasePrimaryProperty attempt 3 failed: Insufficient cash
Action Error: Insufficient cash
[HTTP] Calling purchasePrimaryProperty...
[HTTP ERROR] purchasePrimaryProperty attempt 3 failed: Insufficient supply
Action Error: Insufficient supply
[HTTP ERROR] purchasePrimaryProperty attempt 3 failed: Insufficient supply
Action Error: Insufficient supply
[HTTP] Calling purchasePrimaryProperty...
[HTTP] Calling purchasePrimaryProperty...
[HTTP ERROR] purchasePrimaryProperty attempt 3 failed: Insufficient supply
Action Error: Insufficient supply
[HTTP] Calling purchasePrimaryProperty...
[HTTP ERROR] purchasePrimaryProperty attempt 3 failed: Insufficient supply
Action Error: Insufficient supply
[HTTP] Calling purchasePrimaryProperty...
[HTTP ERROR] purchasePrimaryProperty attempt 3 failed: Insufficient cash
Action Error: Insufficient cash
[HTTP] Calling purchasePrimaryProperty...
[HTTP ERROR] purchasePrimaryProperty attempt 3 failed: Insufficient supply
Action Error: Insufficient supply
[HTTP ERROR] purchasePrimaryProperty attempt 3 failed: Insufficient cash
Action Error: Insufficient cash
[HTTP] Calling purchasePrimaryProperty...
[HTTP] Calling purchasePrimaryProperty...
[HTTP] Calling purchasePrimaryProperty...
[HTTP] Calling purchasePrimaryProperty...
[HTTP ERROR] purchasePrimaryProperty attempt 3 failed: Insufficient cash
Action Error: Insufficient cash
[HTTP ERROR] purchasePrimaryProperty attempt 3 failed: Insufficient cash
Action Error: Insufficient cash
[HTTP ERROR] purchasePrimaryProperty attempt 3 failed: Insufficient cash
Action Error: Insufficient cash
[HTTP ERROR] purchasePrimaryProperty attempt 3 failed: Insufficient cash
Action Error: Insufficient cash
[HTTP ERROR] purchasePrimaryProperty attempt 3 failed: Insufficient cash
Action Error: Insufficient cash
[HTTP ERROR] purchasePrimaryProperty attempt 3 failed: Insufficient cash
Action Error: Insufficient cash
[HTTP ERROR] purchasePrimaryProperty attempt 3 failed: Insufficient cash
Action Error: Insufficient cash
[HTTP] Calling createEconomicBatch...
[HTTP] Calling dispatchBatchChunks...
[+] Executing P341...
[HTTP] Calling createEconomicBatch...
[HTTP] Calling dispatchBatchChunks...
[+] Executing P342...
[HTTP] Calling createEconomicBatch...
[HTTP] Calling dispatchBatchChunks...
[+] Executing P343...
[HTTP] Calling createEconomicBatch...
[HTTP] Calling dispatchBatchChunks...
[+] Executing P344...
[HTTP] Calling createEconomicBatch...
[HTTP] Calling dispatchBatchChunks...
[+] Executing P345...
[HTTP] Calling createEconomicBatch...
[HTTP] Calling dispatchBatchChunks...
[+] Executing P346...
[HTTP] Calling createEconomicBatch...
[HTTP] Calling dispatchBatchChunks...
[+] Executing P347...
[HTTP] Calling createEconomicBatch...
[HTTP] Calling dispatchBatchChunks...
[+] Executing P348...
[HTTP] Calling createEconomicBatch...
[HTTP] Calling dispatchBatchChunks...
[+] Executing P349...
[HTTP] Calling createEconomicBatch...
[HTTP] Calling dispatchBatchChunks...
[+] Executing P350...
[+] P350: Generating AI Actions...
[HTTP] Calling purchasePrimaryProperty...
[HTTP] Calling purchasePrimaryProperty...
[HTTP] Calling purchasePrimaryProperty...
[HTTP] Calling purchasePrimaryProperty...
[HTTP] Calling purchasePrimaryProperty...
[HTTP] Calling purchasePrimaryProperty...
[HTTP] Calling purchasePrimaryProperty...
[HTTP] Calling purchasePrimaryProperty...
[HTTP] Calling purchasePrimaryProperty...
[HTTP] Calling purchasePrimaryProperty...
[HTTP] Calling purchasePrimaryProperty...
[HTTP] Calling purchasePrimaryProperty...
[HTTP] Calling purchasePrimaryProperty...
[HTTP] Calling purchasePrimaryProperty...
[HTTP] Calling purchasePrimaryProperty...
[HTTP] Calling purchasePrimaryProperty...
[HTTP] Calling purchasePrimaryProperty...
[HTTP] Calling purchasePrimaryProperty...
[HTTP] Calling purchasePrimaryProperty...
[HTTP] Calling purchasePrimaryProperty...
[HTTP] Calling purchasePrimaryProperty...
[HTTP] Calling purchasePrimaryProperty...
[HTTP] Calling purchasePrimaryProperty...
[HTTP] Calling purchasePrimaryProperty...
[HTTP] Calling purchasePrimaryProperty...
[HTTP] Calling purchasePrimaryProperty...
[HTTP] Calling purchasePrimaryProperty...
[HTTP] Calling purchasePrimaryProperty...
[HTTP] Calling purchasePrimaryProperty...
[HTTP] Calling purchasePrimaryProperty...
[HTTP ERROR] purchasePrimaryProperty attempt 1 failed: Insufficient cash
[HTTP ERROR] purchasePrimaryProperty attempt 1 failed: Insufficient supply
[HTTP ERROR] purchasePrimaryProperty attempt 1 failed: Insufficient cash
[HTTP ERROR] purchasePrimaryProperty attempt 1 failed: Insufficient cash
[HTTP ERROR] purchasePrimaryProperty attempt 1 failed: Insufficient cash
[HTTP ERROR] purchasePrimaryProperty attempt 1 failed: Insufficient supply
[HTTP ERROR] purchasePrimaryProperty attempt 1 failed: Insufficient supply
[HTTP ERROR] purchasePrimaryProperty attempt 1 failed: Insufficient supply
[HTTP ERROR] purchasePrimaryProperty attempt 1 failed: Insufficient supply
[HTTP ERROR] purchasePrimaryProperty attempt 1 failed: Insufficient supply
[HTTP ERROR] purchasePrimaryProperty attempt 1 failed: Insufficient cash
[HTTP ERROR] purchasePrimaryProperty attempt 1 failed: Insufficient supply
[HTTP ERROR] purchasePrimaryProperty attempt 1 failed: Insufficient cash
[HTTP ERROR] purchasePrimaryProperty attempt 1 failed: Insufficient supply
[HTTP ERROR] purchasePrimaryProperty attempt 1 failed: Insufficient supply
[HTTP ERROR] purchasePrimaryProperty attempt 1 failed: Insufficient cash
[HTTP ERROR] purchasePrimaryProperty attempt 1 failed: Insufficient supply
[HTTP ERROR] purchasePrimaryProperty attempt 1 failed: Insufficient cash
[HTTP ERROR] purchasePrimaryProperty attempt 1 failed: Insufficient supply
[HTTP ERROR] purchasePrimaryProperty attempt 1 failed: Insufficient cash
[HTTP ERROR] purchasePrimaryProperty attempt 1 failed: Insufficient cash
[HTTP ERROR] purchasePrimaryProperty attempt 1 failed: Insufficient cash
[HTTP ERROR] purchasePrimaryProperty attempt 1 failed: Insufficient cash
[HTTP ERROR] purchasePrimaryProperty attempt 1 failed: Insufficient cash
[HTTP ERROR] purchasePrimaryProperty attempt 1 failed: Insufficient cash
[HTTP ERROR] purchasePrimaryProperty attempt 1 failed: Insufficient cash
[HTTP ERROR] purchasePrimaryProperty attempt 1 failed: Insufficient supply
[HTTP ERROR] purchasePrimaryProperty attempt 1 failed: Insufficient cash
[HTTP ERROR] purchasePrimaryProperty attempt 1 failed: Insufficient supply
[HTTP ERROR] purchasePrimaryProperty attempt 1 failed: Insufficient cash
[HTTP] Calling purchasePrimaryProperty...
[HTTP] Calling purchasePrimaryProperty...
[HTTP] Calling purchasePrimaryProperty...
[HTTP] Calling purchasePrimaryProperty...
[HTTP] Calling purchasePrimaryProperty...
[HTTP] Calling purchasePrimaryProperty...
[HTTP] Calling purchasePrimaryProperty...
[HTTP] Calling purchasePrimaryProperty...
[HTTP] Calling purchasePrimaryProperty...
[HTTP] Calling purchasePrimaryProperty...
[HTTP ERROR] purchasePrimaryProperty attempt 2 failed: Insufficient cash
[HTTP] Calling purchasePrimaryProperty...
[HTTP ERROR] purchasePrimaryProperty attempt 2 failed: Insufficient cash
[HTTP] Calling purchasePrimaryProperty...
[HTTP ERROR] purchasePrimaryProperty attempt 2 failed: Insufficient supply
[HTTP ERROR] purchasePrimaryProperty attempt 2 failed: Insufficient cash
[HTTP] Calling purchasePrimaryProperty...
[HTTP ERROR] purchasePrimaryProperty attempt 2 failed: Insufficient cash
[HTTP] Calling purchasePrimaryProperty...
[HTTP] Calling purchasePrimaryProperty...
[HTTP] Calling purchasePrimaryProperty...
[HTTP] Calling purchasePrimaryProperty...
[HTTP] Calling purchasePrimaryProperty...
[HTTP] Calling purchasePrimaryProperty...
[HTTP ERROR] purchasePrimaryProperty attempt 2 failed: Insufficient supply
[HTTP] Calling purchasePrimaryProperty...
[HTTP ERROR] purchasePrimaryProperty attempt 2 failed: Insufficient supply
[HTTP ERROR] purchasePrimaryProperty attempt 2 failed: Insufficient supply
[HTTP ERROR] purchasePrimaryProperty attempt 2 failed: Insufficient supply
[HTTP ERROR] purchasePrimaryProperty attempt 2 failed: Insufficient supply
[HTTP] Calling purchasePrimaryProperty...
[HTTP] Calling purchasePrimaryProperty...
[HTTP ERROR] purchasePrimaryProperty attempt 2 failed: Insufficient cash
[HTTP] Calling purchasePrimaryProperty...
[HTTP] Calling purchasePrimaryProperty...
[HTTP ERROR] purchasePrimaryProperty attempt 2 failed: Insufficient supply
[HTTP ERROR] purchasePrimaryProperty attempt 2 failed: Insufficient supply
[HTTP] Calling purchasePrimaryProperty...
[HTTP ERROR] purchasePrimaryProperty attempt 2 failed: Insufficient cash
[HTTP] Calling purchasePrimaryProperty...
[HTTP] Calling purchasePrimaryProperty...
[HTTP] Calling purchasePrimaryProperty...
[HTTP] Calling purchasePrimaryProperty...
[HTTP] Calling purchasePrimaryProperty...
[HTTP ERROR] purchasePrimaryProperty attempt 2 failed: Insufficient cash
[HTTP ERROR] purchasePrimaryProperty attempt 2 failed: Insufficient cash
[HTTP ERROR] purchasePrimaryProperty attempt 2 failed: Insufficient supply
[HTTP ERROR] purchasePrimaryProperty attempt 2 failed: Insufficient supply
[HTTP ERROR] purchasePrimaryProperty attempt 2 failed: Insufficient supply
[HTTP ERROR] purchasePrimaryProperty attempt 2 failed: Insufficient cash
[HTTP ERROR] purchasePrimaryProperty attempt 2 failed: Insufficient cash
[HTTP ERROR] purchasePrimaryProperty attempt 2 failed: Insufficient cash
[HTTP ERROR] purchasePrimaryProperty attempt 2 failed: Insufficient cash
[HTTP ERROR] purchasePrimaryProperty attempt 2 failed: Insufficient cash
[HTTP ERROR] purchasePrimaryProperty attempt 2 failed: Insufficient cash
[HTTP ERROR] purchasePrimaryProperty attempt 2 failed: Insufficient supply
[HTTP ERROR] purchasePrimaryProperty attempt 2 failed: Insufficient cash
[HTTP ERROR] purchasePrimaryProperty attempt 2 failed: Insufficient supply
[HTTP ERROR] purchasePrimaryProperty attempt 2 failed: Insufficient cash
[HTTP ERROR] purchasePrimaryProperty attempt 2 failed: Insufficient cash
[HTTP] Calling purchasePrimaryProperty...
[HTTP] Calling purchasePrimaryProperty...
[HTTP] Calling purchasePrimaryProperty...
[HTTP] Calling purchasePrimaryProperty...
[HTTP] Calling purchasePrimaryProperty...
[HTTP] Calling purchasePrimaryProperty...
[HTTP] Calling purchasePrimaryProperty...
[HTTP] Calling purchasePrimaryProperty...
[HTTP ERROR] purchasePrimaryProperty attempt 3 failed: Insufficient cash
Action Error: Insufficient cash
[HTTP] Calling purchasePrimaryProperty...
[HTTP] Calling purchasePrimaryProperty...
[HTTP ERROR] purchasePrimaryProperty attempt 3 failed: Insufficient cash
Action Error: Insufficient cash
[HTTP] Calling purchasePrimaryProperty...
[HTTP ERROR] purchasePrimaryProperty attempt 3 failed: Insufficient cash
Action Error: Insufficient cash
[HTTP ERROR] purchasePrimaryProperty attempt 3 failed: Insufficient supply
Action Error: Insufficient supply
[HTTP] Calling purchasePrimaryProperty...
[HTTP] Calling purchasePrimaryProperty...
[HTTP] Calling purchasePrimaryProperty...
[HTTP ERROR] purchasePrimaryProperty attempt 3 failed: Insufficient cash
Action Error: Insufficient cash
[HTTP] Calling purchasePrimaryProperty...
[HTTP] Calling purchasePrimaryProperty...
[HTTP] Calling purchasePrimaryProperty...
[HTTP] Calling purchasePrimaryProperty...
[HTTP ERROR] purchasePrimaryProperty attempt 3 failed: Insufficient supply
Action Error: Insufficient supply
[HTTP] Calling purchasePrimaryProperty...
[HTTP ERROR] purchasePrimaryProperty attempt 3 failed: Insufficient supply
Action Error: Insufficient supply
[HTTP ERROR] purchasePrimaryProperty attempt 3 failed: Insufficient supply
Action Error: Insufficient supply
[HTTP ERROR] purchasePrimaryProperty attempt 3 failed: Insufficient supply
Action Error: Insufficient supply
[HTTP] Calling purchasePrimaryProperty...
[HTTP ERROR] purchasePrimaryProperty attempt 3 failed: Insufficient cash
Action Error: Insufficient cash
[HTTP ERROR] purchasePrimaryProperty attempt 3 failed: Insufficient supply
Action Error: Insufficient supply
[HTTP ERROR] purchasePrimaryProperty attempt 3 failed: Insufficient supply
Action Error: Insufficient supply
[HTTP] Calling purchasePrimaryProperty...
[HTTP ERROR] purchasePrimaryProperty attempt 3 failed: Insufficient supply
Action Error: Insufficient supply
[HTTP] Calling purchasePrimaryProperty...
[HTTP] Calling purchasePrimaryProperty...
[HTTP] Calling purchasePrimaryProperty...
[HTTP ERROR] purchasePrimaryProperty attempt 3 failed: Insufficient cash
Action Error: Insufficient cash
[HTTP ERROR] purchasePrimaryProperty attempt 3 failed: Insufficient supply
Action Error: Insufficient supply
[HTTP] Calling purchasePrimaryProperty...
[HTTP ERROR] purchasePrimaryProperty attempt 3 failed: Insufficient supply
Action Error: Insufficient supply
[HTTP] Calling purchasePrimaryProperty...
[HTTP ERROR] purchasePrimaryProperty attempt 3 failed: Insufficient cash
Action Error: Insufficient cash
[HTTP] Calling purchasePrimaryProperty...
[HTTP ERROR] purchasePrimaryProperty attempt 3 failed: Insufficient cash
Action Error: Insufficient cash
[HTTP ERROR] purchasePrimaryProperty attempt 3 failed: Insufficient cash
Action Error: Insufficient cash
[HTTP] Calling purchasePrimaryProperty...
[HTTP] Calling purchasePrimaryProperty...
[HTTP ERROR] purchasePrimaryProperty attempt 3 failed: Insufficient supply
Action Error: Insufficient supply
[HTTP] Calling purchasePrimaryProperty...
[HTTP ERROR] purchasePrimaryProperty attempt 3 failed: Insufficient cash
Action Error: Insufficient cash
[HTTP ERROR] purchasePrimaryProperty attempt 3 failed: Insufficient cash
Action Error: Insufficient cash
[HTTP ERROR] purchasePrimaryProperty attempt 3 failed: Insufficient cash
Action Error: Insufficient cash
[HTTP ERROR] purchasePrimaryProperty attempt 3 failed: Insufficient cash
Action Error: Insufficient cash
[HTTP ERROR] purchasePrimaryProperty attempt 3 failed: Insufficient cash
Action Error: Insufficient cash
[HTTP ERROR] purchasePrimaryProperty attempt 3 failed: Insufficient supply
Action Error: Insufficient supply
[HTTP ERROR] purchasePrimaryProperty attempt 3 failed: Insufficient supply
Action Error: Insufficient supply
[HTTP ERROR] purchasePrimaryProperty attempt 3 failed: Insufficient cash
Action Error: Insufficient cash
[HTTP ERROR] purchasePrimaryProperty attempt 3 failed: Insufficient cash
Action Error: Insufficient cash
[HTTP ERROR] purchasePrimaryProperty attempt 3 failed: Insufficient cash
Action Error: Insufficient cash
[HTTP] Calling createEconomicBatch...
[HTTP] Calling dispatchBatchChunks...
[+] Executing P351...
[HTTP] Calling createEconomicBatch...
[HTTP] Calling dispatchBatchChunks...
[+] Executing P352...
[HTTP] Calling createEconomicBatch...
[HTTP] Calling dispatchBatchChunks...
[+] Executing P353...
[HTTP] Calling createEconomicBatch...
[HTTP] Calling dispatchBatchChunks...
[+] Executing P354...
[HTTP] Calling createEconomicBatch...
[HTTP] Calling dispatchBatchChunks...
[+] Executing P355...
[HTTP] Calling createEconomicBatch...
[HTTP] Calling dispatchBatchChunks...
[+] Executing P356...
[HTTP] Calling createEconomicBatch...
[HTTP] Calling dispatchBatchChunks...
[+] Executing P357...
[HTTP] Calling createEconomicBatch...
[HTTP] Calling dispatchBatchChunks...
[+] Executing P358...
[HTTP] Calling createEconomicBatch...
[HTTP] Calling dispatchBatchChunks...
[+] Executing P359...
[HTTP] Calling createEconomicBatch...
[HTTP] Calling dispatchBatchChunks...
[+] Executing P360...
[+] P360: Generating AI Actions...
[HTTP] Calling purchasePrimaryProperty...
[HTTP] Calling purchasePrimaryProperty...
[HTTP] Calling purchasePrimaryProperty...
[HTTP] Calling purchasePrimaryProperty...
[HTTP] Calling purchasePrimaryProperty...
[HTTP] Calling purchasePrimaryProperty...
[HTTP] Calling purchasePrimaryProperty...
[HTTP] Calling purchasePrimaryProperty...
[HTTP] Calling purchasePrimaryProperty...
[HTTP] Calling purchasePrimaryProperty...
[HTTP] Calling purchasePrimaryProperty...
[HTTP] Calling purchasePrimaryProperty...
[HTTP] Calling purchasePrimaryProperty...
[HTTP] Calling purchasePrimaryProperty...
[HTTP] Calling purchasePrimaryProperty...
[HTTP] Calling purchasePrimaryProperty...
[HTTP] Calling purchasePrimaryProperty...
[HTTP] Calling purchasePrimaryProperty...
[HTTP] Calling purchasePrimaryProperty...
[HTTP] Calling purchasePrimaryProperty...
[HTTP] Calling purchasePrimaryProperty...
[HTTP] Calling purchasePrimaryProperty...
[HTTP] Calling purchasePrimaryProperty...
[HTTP] Calling purchasePrimaryProperty...
[HTTP] Calling purchasePrimaryProperty...
[HTTP] Calling purchasePrimaryProperty...
[HTTP] Calling purchasePrimaryProperty...
[HTTP] Calling purchasePrimaryProperty...
[HTTP] Calling purchasePrimaryProperty...
[HTTP] Calling purchasePrimaryProperty...
[HTTP ERROR] purchasePrimaryProperty attempt 1 failed: Insufficient supply
[HTTP ERROR] purchasePrimaryProperty attempt 1 failed: Insufficient supply
[HTTP ERROR] purchasePrimaryProperty attempt 1 failed: Insufficient cash
[HTTP ERROR] purchasePrimaryProperty attempt 1 failed: Insufficient cash
[HTTP ERROR] purchasePrimaryProperty attempt 1 failed: Insufficient cash
[HTTP ERROR] purchasePrimaryProperty attempt 1 failed: Insufficient supply
[HTTP ERROR] purchasePrimaryProperty attempt 1 failed: Insufficient supply
[HTTP ERROR] purchasePrimaryProperty attempt 1 failed: Insufficient cash
[HTTP ERROR] purchasePrimaryProperty attempt 1 failed: Insufficient supply
[HTTP ERROR] purchasePrimaryProperty attempt 1 failed: Insufficient cash
[HTTP ERROR] purchasePrimaryProperty attempt 1 failed: Insufficient cash
[HTTP ERROR] purchasePrimaryProperty attempt 1 failed: Insufficient cash
[HTTP ERROR] purchasePrimaryProperty attempt 1 failed: Insufficient supply
[HTTP ERROR] purchasePrimaryProperty attempt 1 failed: Insufficient supply
[HTTP ERROR] purchasePrimaryProperty attempt 1 failed: Insufficient supply
[HTTP ERROR] purchasePrimaryProperty attempt 1 failed: Insufficient cash
[HTTP ERROR] purchasePrimaryProperty attempt 1 failed: Insufficient supply
[HTTP ERROR] purchasePrimaryProperty attempt 1 failed: Insufficient supply
[HTTP ERROR] purchasePrimaryProperty attempt 1 failed: Insufficient supply
[HTTP ERROR] purchasePrimaryProperty attempt 1 failed: Insufficient supply
[HTTP ERROR] purchasePrimaryProperty attempt 1 failed: Insufficient cash
[HTTP ERROR] purchasePrimaryProperty attempt 1 failed: Insufficient supply
[HTTP ERROR] purchasePrimaryProperty attempt 1 failed: Insufficient supply
[HTTP ERROR] purchasePrimaryProperty attempt 1 failed: Insufficient cash
[HTTP ERROR] purchasePrimaryProperty attempt 1 failed: Insufficient supply
[HTTP ERROR] purchasePrimaryProperty attempt 1 failed: Insufficient cash
[HTTP ERROR] purchasePrimaryProperty attempt 1 failed: Insufficient supply
[HTTP ERROR] purchasePrimaryProperty attempt 1 failed: Insufficient supply
[HTTP ERROR] purchasePrimaryProperty attempt 1 failed: Insufficient cash
[HTTP ERROR] purchasePrimaryProperty attempt 1 failed: Insufficient cash
[HTTP] Calling purchasePrimaryProperty...
[HTTP] Calling purchasePrimaryProperty...
[HTTP] Calling purchasePrimaryProperty...
[HTTP] Calling purchasePrimaryProperty...
[HTTP] Calling purchasePrimaryProperty...
[HTTP] Calling purchasePrimaryProperty...
[HTTP] Calling purchasePrimaryProperty...
[HTTP] Calling purchasePrimaryProperty...
[HTTP] Calling purchasePrimaryProperty...
[HTTP] Calling purchasePrimaryProperty...
[HTTP ERROR] purchasePrimaryProperty attempt 2 failed: Insufficient supply
[HTTP ERROR] purchasePrimaryProperty attempt 2 failed: Insufficient supply
[HTTP] Calling purchasePrimaryProperty...
[HTTP ERROR] purchasePrimaryProperty attempt 2 failed: Insufficient cash
[HTTP ERROR] purchasePrimaryProperty attempt 2 failed: Insufficient cash
[HTTP] Calling purchasePrimaryProperty...
[HTTP] Calling purchasePrimaryProperty...
[HTTP] Calling purchasePrimaryProperty...
[HTTP ERROR] purchasePrimaryProperty attempt 2 failed: Insufficient cash
[HTTP] Calling purchasePrimaryProperty...
[HTTP] Calling purchasePrimaryProperty...
[HTTP ERROR] purchasePrimaryProperty attempt 2 failed: Insufficient supply
[HTTP] Calling purchasePrimaryProperty...
[HTTP ERROR] purchasePrimaryProperty attempt 2 failed: Insufficient supply
[HTTP ERROR] purchasePrimaryProperty attempt 2 failed: Insufficient cash
[HTTP ERROR] purchasePrimaryProperty attempt 2 failed: Insufficient supply
[HTTP] Calling purchasePrimaryProperty...
[HTTP] Calling purchasePrimaryProperty...
[HTTP ERROR] purchasePrimaryProperty attempt 2 failed: Insufficient cash
[HTTP ERROR] purchasePrimaryProperty attempt 2 failed: Insufficient cash
[HTTP] Calling purchasePrimaryProperty...
[HTTP] Calling purchasePrimaryProperty...
[HTTP] Calling purchasePrimaryProperty...
[HTTP] Calling purchasePrimaryProperty...
[HTTP] Calling purchasePrimaryProperty...
[HTTP] Calling purchasePrimaryProperty...
[HTTP] Calling purchasePrimaryProperty...
[HTTP ERROR] purchasePrimaryProperty attempt 2 failed: Insufficient cash
[HTTP] Calling purchasePrimaryProperty...
[HTTP] Calling purchasePrimaryProperty...
[HTTP ERROR] purchasePrimaryProperty attempt 2 failed: Insufficient supply
[HTTP] Calling purchasePrimaryProperty...
[HTTP] Calling purchasePrimaryProperty...
[HTTP ERROR] purchasePrimaryProperty attempt 2 failed: Insufficient supply
[HTTP ERROR] purchasePrimaryProperty attempt 2 failed: Insufficient supply
[HTTP ERROR] purchasePrimaryProperty attempt 2 failed: Insufficient cash
[HTTP ERROR] purchasePrimaryProperty attempt 2 failed: Insufficient supply
[HTTP ERROR] purchasePrimaryProperty attempt 2 failed: Insufficient supply
[HTTP ERROR] purchasePrimaryProperty attempt 2 failed: Insufficient supply
[HTTP ERROR] purchasePrimaryProperty attempt 2 failed: Insufficient supply
[HTTP ERROR] purchasePrimaryProperty attempt 2 failed: Insufficient cash
[HTTP ERROR] purchasePrimaryProperty attempt 2 failed: Insufficient supply
[HTTP ERROR] purchasePrimaryProperty attempt 2 failed: Insufficient cash
[HTTP ERROR] purchasePrimaryProperty attempt 2 failed: Insufficient cash
[HTTP ERROR] purchasePrimaryProperty attempt 2 failed: Insufficient supply
[HTTP ERROR] purchasePrimaryProperty attempt 2 failed: Insufficient cash
[HTTP ERROR] purchasePrimaryProperty attempt 2 failed: Insufficient supply
[HTTP ERROR] purchasePrimaryProperty attempt 2 failed: Insufficient supply
[HTTP ERROR] purchasePrimaryProperty attempt 2 failed: Insufficient supply
[HTTP ERROR] purchasePrimaryProperty attempt 2 failed: Insufficient cash
[HTTP] Calling purchasePrimaryProperty...
[HTTP] Calling purchasePrimaryProperty...
[HTTP] Calling purchasePrimaryProperty...
[HTTP] Calling purchasePrimaryProperty...
[HTTP] Calling purchasePrimaryProperty...
[HTTP ERROR] purchasePrimaryProperty attempt 3 failed: Insufficient supply
Action Error: Insufficient supply
[HTTP] Calling purchasePrimaryProperty...
[HTTP ERROR] purchasePrimaryProperty attempt 3 failed: Insufficient supply
Action Error: Insufficient supply
[HTTP ERROR] purchasePrimaryProperty attempt 3 failed: Insufficient cash
Action Error: Insufficient cash
[HTTP ERROR] purchasePrimaryProperty attempt 3 failed: Insufficient cash
Action Error: Insufficient cash
[HTTP] Calling purchasePrimaryProperty...
[HTTP] Calling purchasePrimaryProperty...
[HTTP] Calling purchasePrimaryProperty...
[HTTP] Calling purchasePrimaryProperty...
[HTTP] Calling purchasePrimaryProperty...
[HTTP ERROR] purchasePrimaryProperty attempt 3 failed: Insufficient cash
Action Error: Insufficient cash
[HTTP] Calling purchasePrimaryProperty...
[HTTP] Calling purchasePrimaryProperty...
[HTTP ERROR] purchasePrimaryProperty attempt 3 failed: Insufficient supply
Action Error: Insufficient supply
[HTTP ERROR] purchasePrimaryProperty attempt 3 failed: Insufficient cash
Action Error: Insufficient cash
[HTTP ERROR] purchasePrimaryProperty attempt 3 failed: Insufficient supply
Action Error: Insufficient supply
[HTTP ERROR] purchasePrimaryProperty attempt 3 failed: Insufficient cash
Action Error: Insufficient cash
[HTTP] Calling purchasePrimaryProperty...
[HTTP ERROR] purchasePrimaryProperty attempt 3 failed: Insufficient supply
Action Error: Insufficient supply
[HTTP ERROR] purchasePrimaryProperty attempt 3 failed: Insufficient cash
Action Error: Insufficient cash
[HTTP ERROR] purchasePrimaryProperty attempt 3 failed: Insufficient supply
Action Error: Insufficient supply
[HTTP ERROR] purchasePrimaryProperty attempt 3 failed: Insufficient cash
Action Error: Insufficient cash
[HTTP] Calling purchasePrimaryProperty...
[HTTP] Calling purchasePrimaryProperty...
[HTTP] Calling purchasePrimaryProperty...
[HTTP] Calling purchasePrimaryProperty...
[HTTP] Calling purchasePrimaryProperty...
[HTTP ERROR] purchasePrimaryProperty attempt 3 failed: Insufficient supply
Action Error: Insufficient supply
[HTTP] Calling purchasePrimaryProperty...
[HTTP] Calling purchasePrimaryProperty...
[HTTP] Calling purchasePrimaryProperty...
[HTTP] Calling purchasePrimaryProperty...
[HTTP] Calling purchasePrimaryProperty...
[HTTP] Calling purchasePrimaryProperty...
[HTTP ERROR] purchasePrimaryProperty attempt 3 failed: Insufficient supply
Action Error: Insufficient supply
[HTTP ERROR] purchasePrimaryProperty attempt 3 failed: Insufficient cash
Action Error: Insufficient cash
[HTTP] Calling purchasePrimaryProperty...
[HTTP ERROR] purchasePrimaryProperty attempt 3 failed: Insufficient supply
Action Error: Insufficient supply
[HTTP] Calling purchasePrimaryProperty...
[HTTP] Calling purchasePrimaryProperty...
[HTTP] Calling purchasePrimaryProperty...
[HTTP] Calling purchasePrimaryProperty...
[HTTP ERROR] purchasePrimaryProperty attempt 3 failed: Insufficient supply
Action Error: Insufficient supply
[HTTP ERROR] purchasePrimaryProperty attempt 3 failed: Insufficient supply
Action Error: Insufficient supply
[HTTP ERROR] purchasePrimaryProperty attempt 3 failed: Insufficient supply
Action Error: Insufficient supply
[HTTP ERROR] purchasePrimaryProperty attempt 3 failed: Insufficient cash
Action Error: Insufficient cash
[HTTP ERROR] purchasePrimaryProperty attempt 3 failed: Insufficient cash
Action Error: Insufficient cash
[HTTP ERROR] purchasePrimaryProperty attempt 3 failed: Insufficient cash
Action Error: Insufficient cash
[HTTP ERROR] purchasePrimaryProperty attempt 3 failed: Insufficient supply
Action Error: Insufficient supply
[HTTP ERROR] purchasePrimaryProperty attempt 3 failed: Insufficient supply
Action Error: Insufficient supply
[HTTP ERROR] purchasePrimaryProperty attempt 3 failed: Insufficient cash
Action Error: Insufficient cash
[HTTP ERROR] purchasePrimaryProperty attempt 3 failed: Insufficient supply
Action Error: Insufficient supply
[HTTP ERROR] purchasePrimaryProperty attempt 3 failed: Insufficient supply
Action Error: Insufficient supply
[HTTP ERROR] purchasePrimaryProperty attempt 3 failed: Insufficient cash
Action Error: Insufficient cash
[HTTP ERROR] purchasePrimaryProperty attempt 3 failed: Insufficient supply
Action Error: Insufficient supply
[HTTP] Calling createEconomicBatch...
[HTTP] Calling dispatchBatchChunks...
[+] Passed Period 360/360
[+] Validating Traceability...
[+] Test L100 Completed
